run_id,host_id,window_id,event_count,process_count,unique_process_count,powershell_count,cmd_count,suspicious_parent_child_count,process_tree_depth,file_create_count,file_write_count,file_modify_count,file_delete_count,file_rename_count,unique_files_modified,file_write_velocity,entropy_mean,entropy_delta_mean,high_entropy_write_count,registry_event_count,registry_modify_count,persistence_key_count,network_connection_count,unique_destinations,unique_ports,total_bytes_sent,total_bytes_received,average_network_interval,auth_event_count,failed_login_count,successful_login_count,signal_diversity,label,scenario,dominant_phase
BENIGN_HIGH_ENTROPY-0001,WIN-ARGUS-001,0,43,1,1,0,0,0,2.0,0,14,13,0,0,40,0.4666666666666667,6.691930232558139,2.08746511627907,34,0,0,0,2,2,2,9034,5184,2.5,0,0,0,3,0,benign_high_entropy,BENIGN
BENIGN_HIGH_ENTROPY-0001,WIN-ARGUS-001,1,47,1,1,0,0,0,2.0,0,15,16,0,0,43,0.5,6.666468085106383,2.117276595744681,38,0,0,0,3,2,3,8063,8470,9.0,0,0,0,3,0,benign_high_entropy,BENIGN
BENIGN_HIGH_ENTROPY-0001,WIN-ARGUS-001,2,38,1,1,0,0,0,2.0,0,13,12,0,0,34,0.43333333333333335,6.801289473684211,2.1950263157894736,32,0,0,0,3,2,2,10814,8423,3.3333333333333335,0,0,0,3,0,benign_high_entropy,BENIGN
BENIGN_HIGH_ENTROPY-0001,WIN-ARGUS-001,3,37,1,1,0,0,0,2.0,0,10,9,0,0,33,0.3333333333333333,5.98091891891892,1.7120810810810811,27,0,0,0,3,2,2,6462,7533,2.3333333333333335,0,0,0,3,0,benign_high_entropy,BENIGN
BENIGN_HIGH_ENTROPY-0001,WIN-ARGUS-001,4,41,1,1,0,0,0,2.0,0,13,14,0,0,37,0.43333333333333335,6.601512195121951,2.1788048780487808,34,0,0,0,3,2,2,7947,8231,6.333333333333333,0,0,0,3,0,benign_high_entropy,BENIGN
BENIGN_HIGH_ENTROPY-0001,WIN-ARGUS-001,5,29,1,1,0,0,0,2.0,0,11,7,0,0,27,0.36666666666666664,6.757931034482758,2.2562413793103446,27,0,0,0,1,1,1,1474,4409,0.0,0,0,0,3,0,benign_high_entropy,BENIGN
BENIGN_HIGH_ENTROPY-0002,WIN-ARGUS-002,0,45,1,1,0,0,0,2.0,0,16,12,0,0,43,0.5333333333333333,6.382266666666666,1.9797777777777779,34,0,0,0,1,1,1,2500,4132,0.0,0,0,0,3,0,benign_high_entropy,BENIGN
BENIGN_HIGH_ENTROPY-0002,WIN-ARGUS-002,1,38,1,1,0,0,0,2.0,0,18,13,0,0,36,0.6,6.693026315789474,2.1621052631578945,32,0,0,0,1,1,1,625,3859,0.0,0,0,0,3,0,benign_high_entropy,BENIGN
BENIGN_HIGH_ENTROPY-0002,WIN-ARGUS-002,2,49,1,1,0,0,0,2.0,0,16,15,0,0,45,0.5333333333333333,6.492204081632653,2.007163265306122,38,0,0,0,3,3,2,8514,8638,5.666666666666667,0,0,0,3,0,benign_high_entropy,BENIGN
BENIGN_HIGH_ENTROPY-0002,WIN-ARGUS-002,3,48,1,1,0,0,0,2.0,0,13,15,0,0,44,0.43333333333333335,6.543666666666667,2.2289375000000002,40,0,0,0,3,3,2,7546,6020,5.333333333333333,0,0,0,3,0,benign_high_entropy,BENIGN
BENIGN_HIGH_ENTROPY-0002,WIN-ARGUS-002,4,40,1,1,0,0,0,2.0,0,7,17,0,0,37,0.23333333333333334,6.57905,2.159375,31,0,0,0,2,2,2,4865,3733,1.0,0,0,0,3,0,benign_high_entropy,BENIGN
BENIGN_HIGH_ENTROPY-0002,WIN-ARGUS-002,5,34,1,1,0,0,0,2.0,0,12,8,0,0,32,0.4,6.562911764705882,2.055529411764706,29,0,0,0,1,1,1,3907,3348,0.0,0,0,0,3,0,benign_high_entropy,BENIGN
BENIGN_HIGH_ENTROPY-0003,WIN-ARGUS-003,0,29,1,1,0,0,0,2.0,0,7,9,0,0,26,0.23333333333333334,6.151758620689655,1.9888275862068967,23,0,0,0,2,2,2,3468,7375,6.0,0,0,0,3,0,benign_high_entropy,BENIGN
BENIGN_HIGH_ENTROPY-0003,WIN-ARGUS-003,1,40,1,1,0,0,0,2.0,0,16,11,0,0,37,0.5333333333333333,6.555899999999999,2.128275,31,0,0,0,2,2,2,1605,2667,0.5,0,0,0,3,0,benign_high_entropy,BENIGN
BENIGN_HIGH_ENTROPY-0003,WIN-ARGUS-003,2,33,1,1,0,0,0,2.0,0,13,9,0,0,30,0.43333333333333335,6.214909090909091,1.720060606060606,25,0,0,0,2,2,1,6018,6063,0.5,0,0,0,3,0,benign_high_entropy,BENIGN
BENIGN_HIGH_ENTROPY-0003,WIN-ARGUS-003,3,49,1,1,0,0,0,2.0,0,22,12,0,0,45,0.7333333333333333,6.46204081632653,2.073816326530612,39,0,0,0,3,2,3,4094,10417,3.6666666666666665,0,0,0,3,0,benign_high_entropy,BENIGN
BENIGN_HIGH_ENTROPY-0003,WIN-ARGUS-003,4,34,1,1,0,0,0,2.0,0,11,9,0,0,32,0.36666666666666664,6.59885294117647,2.0389411764705883,24,0,0,0,1,1,1,2248,1197,0.0,0,0,0,3,0,benign_high_entropy,BENIGN
BENIGN_HIGH_ENTROPY-0003,WIN-ARGUS-003,5,44,1,1,0,0,0,2.0,0,10,22,0,0,42,0.3333333333333333,6.695272727272727,2.077113636363636,36,0,0,0,1,1,1,2881,4815,0.0,0,0,0,3,0,benign_high_entropy,BENIGN
BENIGN_HIGH_ENTROPY-0004,WIN-ARGUS-004,0,32,1,1,0,0,0,2.0,0,13,13,0,0,29,0.43333333333333335,6.18009375,1.9037187500000001,23,0,0,0,2,1,2,6064,7105,3.0,0,0,0,3,0,benign_high_entropy,BENIGN
BENIGN_HIGH_ENTROPY-0004,WIN-ARGUS-004,1,47,1,1,0,0,0,2.0,0,16,9,0,0,45,0.5333333333333333,6.839170212765958,2.0844468085106382,41,0,0,0,1,1,1,2509,4569,0.0,0,0,0,3,0,benign_high_entropy,BENIGN
BENIGN_HIGH_ENTROPY-0004,WIN-ARGUS-004,2,41,1,1,0,0,0,2.0,0,18,7,0,0,37,0.6,6.252170731707317,1.9949268292682927,31,0,0,0,3,2,2,7935,4684,7.0,0,0,0,3,0,benign_high_entropy,BENIGN
BENIGN_HIGH_ENTROPY-0004,WIN-ARGUS-004,3,41,1,1,0,0,0,2.0,0,15,12,0,0,39,0.5,6.802121951219513,2.240341463414634,32,0,0,0,1,1,1,4881,1170,0.0,0,0,0,3,0,benign_high_entropy,BENIGN
BENIGN_HIGH_ENTROPY-0004,WIN-ARGUS-004,4,44,1,1,0,0,0,2.0,0,21,13,0,0,42,0.7,6.828068181818182,2.167090909090909,36,0,0,0,1,1,1,1281,2775,0.0,0,0,0,3,0,benign_high_entropy,BENIGN
BENIGN_HIGH_ENTROPY-0004,WIN-ARGUS-004,5,43,1,1,0,0,0,2.0,0,9,15,0,0,40,0.3,6.780255813953488,2.2822325581395346,36,0,0,0,2,2,2,7786,5875,4.0,0,0,0,3,0,benign_high_entropy,BENIGN
BENIGN_HIGH_ENTROPY-0005,WIN-ARGUS-005,0,36,1,1,0,0,0,2.0,0,14,10,0,0,34,0.4666666666666667,6.430416666666667,1.9085555555555556,30,0,0,0,1,1,1,235,3256,0.0,0,0,0,3,0,benign_high_entropy,BENIGN
BENIGN_HIGH_ENTROPY-0005,WIN-ARGUS-005,1,41,1,1,0,0,0,2.0,0,10,12,0,0,38,0.3333333333333333,6.764926829268293,2.1028292682926826,31,0,0,0,2,2,2,6521,1824,7.0,0,0,0,3,0,benign_high_entropy,BENIGN
BENIGN_HIGH_ENTROPY-0005,WIN-ARGUS-005,2,41,1,1,0,0,0,2.0,0,14,10,0,0,39,0.4666666666666667,6.632414634146341,2.2325853658536587,35,0,0,0,1,1,1,590,205,0.0,0,0,0,3,0,benign_high_entropy,BENIGN
BENIGN_HIGH_ENTROPY-0005,WIN-ARGUS-005,3,42,1,1,0,0,0,2.0,0,17,14,0,0,39,0.5666666666666667,6.617476190476191,2.0589761904761907,32,0,0,0,2,2,1,7239,5171,9.0,0,0,0,3,0,benign_high_entropy,BENIGN
BENIGN_HIGH_ENTROPY-0005,WIN-ARGUS-005,4,29,1,1,0,0,0,2.0,0,7,12,0,0,26,0.23333333333333334,6.244896551724138,1.9509310344827586,23,0,0,0,2,2,1,5853,4129,3.5,0,0,0,3,0,benign_high_entropy,BENIGN
BENIGN_HIGH_ENTROPY-0005,WIN-ARGUS-005,5,42,1,1,0,0,0,2.0,0,11,19,0,0,40,0.36666666666666664,6.7295952380952375,2.2706666666666666,36,0,0,0,1,1,1,950,386,0.0,0,0,0,3,0,benign_high_entropy,BENIGN
BENIGN_HIGH_ENTROPY-0006,WIN-ARGUS-006,0,28,1,1,0,0,0,2.0,0,9,8,0,0,26,0.3,6.776464285714286,2.342142857142857,23,0,0,0,1,1,1,3932,949,0.0,0,0,0,3,0,benign_high_entropy,BENIGN
BENIGN_HIGH_ENTROPY-0006,WIN-ARGUS-006,1,36,1,1,0,0,0,2.0,0,11,8,0,0,33,0.36666666666666664,6.5040000000000004,1.8167777777777776,26,0,0,0,2,2,2,4996,5191,6.5,0,0,0,3,0,benign_high_entropy,BENIGN
BENIGN_HIGH_ENTROPY-0006,WIN-ARGUS-006,2,28,1,1,0,0,0,2.0,0,7,11,0,0,26,0.23333333333333334,6.578964285714286,1.983,22,0,0,0,1,1,1,3912,4438,0.0,0,0,0,3,0,benign_high_entropy,BENIGN
BENIGN_HIGH_ENTROPY-0006,WIN-ARGUS-006,3,32,1,1,0,0,0,2.0,0,11,13,0,0,30,0.36666666666666664,6.65234375,2.0290625,23,0,0,0,1,1,1,1163,3330,0.0,0,0,0,3,0,benign_high_entropy,BENIGN
BENIGN_HIGH_ENTROPY-0006,WIN-ARGUS-006,4,43,1,1,0,0,0,2.0,0,13,15,0,0,40,0.43333333333333335,6.705860465116278,2.2195813953488375,36,0,0,0,2,2,2,6068,5188,1.5,0,0,0,3,0,benign_high_entropy,BENIGN
BENIGN_HIGH_ENTROPY-0006,WIN-ARGUS-006,5,33,1,1,0,0,0,2.0,0,9,8,0,0,29,0.3,6.464272727272728,2.1362727272727273,26,0,0,0,3,2,2,8154,8006,2.0,0,0,0,3,0,benign_high_entropy,BENIGN
BENIGN_HIGH_ENTROPY-0007,WIN-ARGUS-007,0,29,1,1,0,0,0,2.0,0,8,9,0,0,26,0.26666666666666666,6.261758620689656,1.9924827586206897,22,0,0,0,2,1,2,2879,7452,3.0,0,0,0,3,0,benign_high_entropy,BENIGN
BENIGN_HIGH_ENTROPY-0007,WIN-ARGUS-007,1,47,1,1,0,0,0,2.0,0,13,17,0,0,44,0.43333333333333335,6.512617021276596,2.035148936170213,37,0,0,0,2,2,1,5622,5245,1.5,0,0,0,3,0,benign_high_entropy,BENIGN
BENIGN_HIGH_ENTROPY-0007,WIN-ARGUS-007,2,36,1,1,0,0,0,2.0,0,10,10,0,0,32,0.3333333333333333,6.249111111111111,1.975388888888889,26,0,0,0,3,2,2,6606,6849,6.0,0,0,0,3,0,benign_high_entropy,BENIGN
BENIGN_HIGH_ENTROPY-0007,WIN-ARGUS-007,3,34,1,1,0,0,0,2.0,0,9,12,0,0,31,0.3,6.386676470588235,1.9261470588235294,25,0,0,0,2,2,2,6865,5344,2.5,0,0,0,3,0,benign_high_entropy,BENIGN
BENIGN_HIGH_ENTROPY-0007,WIN-ARGUS-007,4,41,1,1,0,0,0,2.0,0,11,16,0,0,37,0.36666666666666664,6.586414634146341,2.3561463414634147,35,0,0,0,3,2,3,7955,8542,5.666666666666667,0,0,0,3,0,benign_high_entropy,BENIGN
BENIGN_HIGH_ENTROPY-0007,WIN-ARGUS-007,5,42,1,1,0,0,0,2.0,0,19,7,0,0,40,0.6333333333333333,6.742761904761905,2.1765,36,0,0,0,1,1,1,2949,4971,0.0,0,0,0,3,0,benign_high_entropy,BENIGN
BENIGN_HIGH_ENTROPY-0008,WIN-ARGUS-008,0,46,1,1,0,0,0,2.0,0,15,12,0,0,43,0.5,6.727717391304348,2.0605217391304347,34,0,0,0,2,2,2,5480,5115,9.0,0,0,0,3,0,benign_high_entropy,BENIGN
BENIGN_HIGH_ENTROPY-0008,WIN-ARGUS-008,1,37,1,1,0,0,0,2.0,0,14,9,0,0,35,0.4666666666666667,6.733837837837838,2.183891891891892,33,0,0,0,1,1,1,445,2210,0.0,0,0,0,3,0,benign_high_entropy,BENIGN
BENIGN_HIGH_ENTROPY-0008,WIN-ARGUS-008,2,33,1,1,0,0,0,2.0,0,11,10,0,0,31,0.36666666666666664,6.702242424242424,1.940030303030303,24,0,0,0,1,1,1,3716,883,0.0,0,0,0,3,0,benign_high_entropy,BENIGN
BENIGN_HIGH_ENTROPY-0008,WIN-ARGUS-008,3,35,1,1,0,0,0,2.0,0,11,9,0,0,31,0.36666666666666664,6.2589428571428565,2.0422571428571428,27,0,0,0,3,2,2,6858,10234,6.666666666666667,0,0,0,3,0,benign_high_entropy,BENIGN
BENIGN_HIGH_ENTROPY-0008,WIN-ARGUS-008,4,29,1,1,0,0,0,2.0,0,9,9,0,0,25,0.3,6.362655172413793,2.0976206896551726,22,0,0,0,3,2,2,11612,3764,4.666666666666667,0,0,0,3,0,benign_high_entropy,BENIGN
BENIGN_HIGH_ENTROPY-0008,WIN-ARGUS-008,5,29,1,1,0,0,0,2.0,0,6,15,0,0,26,0.2,6.058689655172413,1.7516551724137932,23,0,0,0,2,2,2,4613,6408,0.0,0,0,0,3,0,benign_high_entropy,BENIGN
BENIGN_HIGH_ENTROPY-0009,WIN-ARGUS-009,0,39,1,1,0,0,0,2.0,0,10,10,0,0,37,0.3333333333333333,6.747307692307692,2.1395897435897435,31,0,0,0,1,1,1,4176,3658,0.0,0,0,0,3,0,benign_high_entropy,BENIGN
BENIGN_HIGH_ENTROPY-0009,WIN-ARGUS-009,1,34,1,1,0,0,0,2.0,0,11,8,0,0,32,0.36666666666666664,6.611676470588235,2.0232941176470587,28,0,0,0,1,1,1,4901,4017,0.0,0,0,0,3,0,benign_high_entropy,BENIGN
BENIGN_HIGH_ENTROPY-0009,WIN-ARGUS-009,2,33,1,1,0,0,0,2.0,0,8,12,0,0,29,0.26666666666666666,6.116727272727273,1.8034848484848485,22,0,0,0,3,2,3,8025,10732,1.6666666666666667,0,0,0,3,0,benign_high_entropy,BENIGN
BENIGN_HIGH_ENTROPY-0009,WIN-ARGUS-009,3,31,1,1,0,0,0,2.0,0,4,8,0,0,27,0.13333333333333333,6.2292903225806455,2.010516129032258,23,0,0,0,3,3,3,10949,6024,5.666666666666667,0,0,0,3,0,benign_high_entropy,BENIGN
BENIGN_HIGH_ENTROPY-0009,WIN-ARGUS-009,4,35,1,1,0,0,0,2.0,0,13,10,0,0,33,0.43333333333333335,6.898000000000001,2.2176857142857145,29,0,0,0,1,1,1,4851,4682,0.0,0,0,0,3,0,benign_high_entropy,BENIGN
BENIGN_HIGH_ENTROPY-0009,WIN-ARGUS-009,5,43,1,1,0,0,0,2.0,0,8,17,0,0,39,0.26666666666666666,6.635488372093024,2.1375116279069766,34,0,0,0,3,3,2,7215,7953,3.3333333333333335,0,0,0,3,0,benign_high_entropy,BENIGN
BENIGN_HIGH_ENTROPY-0010,WIN-ARGUS-010,0,45,1,1,0,0,0,2.0,0,16,12,0,0,42,0.5333333333333333,6.556266666666667,2.1946000000000003,36,0,0,0,2,2,2,4546,2507,1.5,0,0,0,3,0,benign_high_entropy,BENIGN
BENIGN_HIGH_ENTROPY-0010,WIN-ARGUS-010,1,44,1,1,0,0,0,2.0,0,16,13,0,0,39,0.5333333333333333,6.34840909090909,1.9526818181818184,35,0,0,0,3,2,2,6427,4584,5.333333333333333,0,0,0,3,0,benign_high_entropy,BENIGN
BENIGN_HIGH_ENTROPY-0010,WIN-ARGUS-010,2,44,1,1,0,0,0,2.0,0,16,13,0,0,40,0.5333333333333333,6.157431818181819,1.8522272727272728,33,0,0,0,3,3,2,7836,10562,5.333333333333333,0,0,0,3,0,benign_high_entropy,BENIGN
BENIGN_HIGH_ENTROPY-0010,WIN-ARGUS-010,3,29,1,1,0,0,0,2.0,0,8,7,0,0,27,0.26666666666666666,6.257551724137931,1.7496206896551723,22,0,0,0,1,1,1,797,4986,0.0,0,0,0,3,0,benign_high_entropy,BENIGN
BENIGN_HIGH_ENTROPY-0010,WIN-ARGUS-010,4,34,1,1,0,0,0,2.0,0,12,6,0,0,30,0.4,6.390470588235295,2.153,25,0,0,0,3,2,3,13011,6015,1.0,0,0,0,3,0,benign_high_entropy,BENIGN
BENIGN_HIGH_ENTROPY-0010,WIN-ARGUS-010,5,48,1,1,0,0,0,2.0,0,24,8,0,0,44,0.8,6.347479166666667,2.010083333333333,39,0,0,0,3,3,2,11165,6767,5.666666666666667,0,0,0,3,0,benign_high_entropy,BENIGN
BENIGN_HIGH_ENTROPY-0011,WIN-ARGUS-011,0,27,1,1,0,0,0,2.0,0,7,8,0,0,25,0.23333333333333334,6.3785185185185185,2.0713333333333335,25,0,0,0,1,1,1,2204,2188,0.0,0,0,0,3,0,benign_high_entropy,BENIGN
BENIGN_HIGH_ENTROPY-0011,WIN-ARGUS-011,1,46,1,1,0,0,0,2.0,0,14,19,0,0,43,0.4666666666666667,6.807804347826087,2.205673913043478,39,0,0,0,2,1,1,9385,4444,2.0,0,0,0,3,0,benign_high_entropy,BENIGN
BENIGN_HIGH_ENTROPY-0011,WIN-ARGUS-011,2,47,1,1,0,0,0,2.0,0,15,14,0,0,43,0.5,6.679063829787234,2.0446595744680853,40,0,0,0,3,2,2,8759,10558,1.0,0,0,0,3,0,benign_high_entropy,BENIGN
BENIGN_HIGH_ENTROPY-0011,WIN-ARGUS-011,3,44,1,1,0,0,0,2.0,0,6,20,0,0,41,0.2,6.908250000000001,2.36675,40,0,0,0,2,2,1,2455,6340,1.5,0,0,0,3,0,benign_high_entropy,BENIGN
BENIGN_HIGH_ENTROPY-0011,WIN-ARGUS-011,4,36,1,1,0,0,0,2.0,0,9,16,0,0,33,0.3,6.410277777777778,2.152138888888889,29,0,0,0,2,2,1,6198,1814,8.5,0,0,0,3,0,benign_high_entropy,BENIGN
BENIGN_HIGH_ENTROPY-0011,WIN-ARGUS-011,5,28,1,1,0,0,0,2.0,0,9,9,0,0,25,0.3,6.127321428571428,1.8262857142857143,20,0,0,0,2,2,1,2991,8754,1.5,0,0,0,3,0,benign_high_entropy,BENIGN
BENIGN_HIGH_ENTROPY-0012,WIN-ARGUS-012,0,32,1,1,0,0,0,2.0,0,7,14,0,0,29,0.23333333333333334,6.68171875,2.172875,25,0,0,0,2,2,1,8777,3837,8.5,0,0,0,3,0,benign_high_entropy,BENIGN
BENIGN_HIGH_ENTROPY-0012,WIN-ARGUS-012,1,36,1,1,0,0,0,2.0,0,10,11,0,0,33,0.3333333333333333,6.440305555555556,1.9720000000000002,29,0,0,0,2,2,2,4151,5775,3.5,0,0,0,3,0,benign_high_entropy,BENIGN
BENIGN_HIGH_ENTROPY-0012,WIN-ARGUS-012,2,33,1,1,0,0,0,2.0,0,7,10,0,0,30,0.23333333333333334,6.561939393939395,2.1801212121212123,26,0,0,0,2,1,2,4664,9013,2.0,0,0,0,3,0,benign_high_entropy,BENIGN
BENIGN_HIGH_ENTROPY-0012,WIN-ARGUS-012,3,40,1,1,0,0,0,2.0,0,12,12,0,0,37,0.4,6.469199999999999,2.01885,31,0,0,0,2,2,2,8096,1401,1.5,0,0,0,3,0,benign_high_entropy,BENIGN
BENIGN_HIGH_ENTROPY-0012,WIN-ARGUS-012,4,37,1,1,0,0,0,2.0,0,15,9,0,0,35,0.5,6.780702702702703,2.1803513513513515,32,0,0,0,1,1,1,1388,1067,0.0,0,0,0,3,0,benign_high_entropy,BENIGN
BENIGN_HIGH_ENTROPY-0012,WIN-ARGUS-012,5,31,1,1,0,0,0,2.0,0,9,12,0,0,27,0.3,6.196387096774194,2.085225806451613,24,0,0,0,3,2,2,10364,8527,4.666666666666667,0,0,0,3,0,benign_high_entropy,BENIGN
BENIGN_HIGH_ENTROPY-0013,WIN-ARGUS-013,0,43,1,1,0,0,0,2.0,0,12,16,0,0,40,0.4,6.613674418604651,2.078255813953488,35,0,0,0,2,1,1,2486,1624,5.0,0,0,0,3,0,benign_high_entropy,BENIGN
BENIGN_HIGH_ENTROPY-0013,WIN-ARGUS-013,1,39,1,1,0,0,0,2.0,0,12,13,0,0,37,0.4,6.562974358974358,2.030282051282051,32,0,0,0,1,1,1,4281,4887,0.0,0,0,0,3,0,benign_high_entropy,BENIGN
BENIGN_HIGH_ENTROPY-0013,WIN-ARGUS-013,2,39,1,1,0,0,0,2.0,0,13,11,0,0,36,0.43333333333333335,6.511461538461538,2.2075128205128207,33,0,0,0,2,1,2,3106,2506,4.0,0,0,0,3,0,benign_high_entropy,BENIGN
BENIGN_HIGH_ENTROPY-0013,WIN-ARGUS-013,3,41,1,1,0,0,0,2.0,0,17,10,0,0,38,0.5666666666666667,6.559975609756098,2.17209756097561,33,0,0,0,2,2,2,5904,2384,4.0,0,0,0,3,0,benign_high_entropy,BENIGN
BENIGN_HIGH_ENTROPY-0013,WIN-ARGUS-013,4,44,1,1,0,0,0,2.0,0,14,16,0,0,41,0.4666666666666667,6.669431818181818,2.2203409090909094,35,0,0,0,2,1,1,7003,3785,0.5,0,0,0,3,0,benign_high_entropy,BENIGN
BENIGN_HIGH_ENTROPY-0013,WIN-ARGUS-013,5,40,1,1,0,0,0,2.0,0,10,14,0,0,36,0.3333333333333333,6.4365499999999995,2.05265,31,0,0,0,3,2,1,7883,7241,0.6666666666666666,0,0,0,3,0,benign_high_entropy,BENIGN
BENIGN_HIGH_ENTROPY-0014,WIN-ARGUS-014,0,37,1,1,0,0,0,2.0,0,13,9,0,0,33,0.43333333333333335,6.706216216216216,2.3085405405405406,30,0,0,0,3,2,2,7476,3626,3.0,0,0,0,3,0,benign_high_entropy,BENIGN
BENIGN_HIGH_ENTROPY-0014,WIN-ARGUS-014,1,33,1,1,0,0,0,2.0,0,8,13,0,0,30,0.26666666666666666,6.58769696969697,2.079939393939394,26,0,0,0,2,2,2,5930,6302,2.0,0,0,0,3,0,benign_high_entropy,BENIGN
BENIGN_HIGH_ENTROPY-0014,WIN-ARGUS-014,2,38,1,1,0,0,0,2.0,0,11,16,0,0,35,0.36666666666666664,6.618552631578948,2.035578947368421,34,0,0,0,2,1,1,3315,5229,2.0,0,0,0,3,0,benign_high_entropy,BENIGN
BENIGN_HIGH_ENTROPY-0014,WIN-ARGUS-014,3,38,1,1,0,0,0,2.0,0,13,5,0,0,34,0.43333333333333335,6.23671052631579,1.9770526315789474,30,0,0,0,3,2,1,8935,6936,7.0,0,0,0,3,0,benign_high_entropy,BENIGN
BENIGN_HIGH_ENTROPY-0014,WIN-ARGUS-014,4,28,1,1,0,0,0,2.0,0,10,5,0,0,26,0.3333333333333333,6.700285714285714,2.0860357142857144,21,0,0,0,1,1,1,707,1944,0.0,0,0,0,3,0,benign_high_entropy,BENIGN
BENIGN_HIGH_ENTROPY-0014,WIN-ARGUS-014,5,49,1,1,0,0,0,2.0,0,17,14,0,0,45,0.5666666666666667,6.582612244897959,2.23134693877551,42,0,0,0,3,2,2,6119,9264,6.333333333333333,0,0,0,3,0,benign_high_entropy,BENIGN
BENIGN_HIGH_ENTROPY-0015,WIN-ARGUS-015,0,35,1,1,0,0,0,2.0,0,8,17,0,0,31,0.26666666666666666,6.262342857142857,1.9688857142857144,25,0,0,0,3,2,2,4183,7872,2.3333333333333335,0,0,0,3,0,benign_high_entropy,BENIGN
BENIGN_HIGH_ENTROPY-0015,WIN-ARGUS-015,1,38,1,1,0,0,0,2.0,0,11,12,0,0,34,0.36666666666666664,6.541763157894737,2.201763157894737,31,0,0,0,3,2,2,6020,10514,3.3333333333333335,0,0,0,3,0,benign_high_entropy,BENIGN
BENIGN_HIGH_ENTROPY-0015,WIN-ARGUS-015,2,43,1,1,0,0,0,2.0,0,14,13,0,0,39,0.4666666666666667,6.252232558139535,1.7023255813953488,29,0,0,0,3,1,2,9746,5786,7.666666666666667,0,0,0,3,0,benign_high_entropy,BENIGN
BENIGN_HIGH_ENTROPY-0015,WIN-ARGUS-015,3,29,1,1,0,0,0,2.0,0,10,7,0,0,25,0.3333333333333333,5.677206896551724,1.6248965517241378,17,0,0,0,3,3,3,12494,7878,3.0,0,0,0,3,0,benign_high_entropy,BENIGN
BENIGN_HIGH_ENTROPY-0015,WIN-ARGUS-015,4,31,1,1,0,0,0,2.0,0,8,9,0,0,28,0.26666666666666666,6.031806451612903,1.8360967741935483,25,0,0,0,2,2,2,3631,3582,0.0,0,0,0,3,0,benign_high_entropy,BENIGN
BENIGN_HIGH_ENTROPY-0015,WIN-ARGUS-015,5,37,1,1,0,0,0,2.0,0,11,15,0,0,34,0.36666666666666664,6.7043513513513515,2.0795945945945946,32,0,0,0,2,2,2,4253,7550,1.0,0,0,0,3,0,benign_high_entropy,BENIGN
BENIGN_HIGH_ENTROPY-0016,WIN-ARGUS-016,0,45,1,1,0,0,0,2.0,0,12,13,0,0,43,0.4,6.727066666666667,2.161222222222222,34,0,0,0,1,1,1,458,888,0.0,0,0,0,3,0,benign_high_entropy,BENIGN
BENIGN_HIGH_ENTROPY-0016,WIN-ARGUS-016,1,47,1,1,0,0,0,2.0,0,11,22,0,0,44,0.36666666666666664,6.629510638297872,2.091595744680851,37,0,0,0,2,2,2,1318,6810,4.0,0,0,0,3,0,benign_high_entropy,BENIGN
BENIGN_HIGH_ENTROPY-0016,WIN-ARGUS-016,2,31,1,1,0,0,0,2.0,0,4,9,0,0,27,0.13333333333333333,6.311677419354839,2.1317741935483867,23,0,0,0,3,2,2,10369,6219,7.0,0,0,0,3,0,benign_high_entropy,BENIGN
BENIGN_HIGH_ENTROPY-0016,WIN-ARGUS-016,3,44,1,1,0,0,0,2.0,0,13,16,0,0,42,0.43333333333333335,6.55434090909091,1.890931818181818,34,0,0,0,1,1,1,2890,3799,0.0,0,0,0,3,0,benign_high_entropy,BENIGN
BENIGN_HIGH_ENTROPY-0016,WIN-ARGUS-016,4,32,1,1,0,0,0,2.0,0,6,13,0,0,29,0.2,6.363375,1.9725625,24,0,0,0,2,2,1,1446,3441,0.0,0,0,0,3,0,benign_high_entropy,BENIGN
BENIGN_HIGH_ENTROPY-0016,WIN-ARGUS-016,5,29,1,1,0,0,0,2.0,0,11,10,0,0,25,0.36666666666666664,6.2363793103448275,2.001689655172414,23,0,0,0,3,1,2,8534,3951,4.333333333333333,0,0,0,3,0,benign_high_entropy,BENIGN
BENIGN_HIGH_ENTROPY-0017,WIN-ARGUS-017,0,32,1,1,0,0,0,2.0,0,11,11,0,0,30,0.36666666666666664,6.83275,2.1804375,25,0,0,0,1,1,1,3920,2040,0.0,0,0,0,3,0,benign_high_entropy,BENIGN
BENIGN_HIGH_ENTROPY-0017,WIN-ARGUS-017,1,45,1,1,0,0,0,2.0,0,10,22,0,0,41,0.3333333333333333,6.3632,1.9820444444444445,34,0,0,0,3,2,2,9283,8890,5.333333333333333,0,0,0,3,0,benign_high_entropy,BENIGN
BENIGN_HIGH_ENTROPY-0017,WIN-ARGUS-017,2,42,1,1,0,0,0,2.0,0,18,8,0,0,38,0.6,6.285571428571429,2.0979285714285716,34,0,0,0,3,3,2,4389,5879,4.0,0,0,0,3,0,benign_high_entropy,BENIGN
BENIGN_HIGH_ENTROPY-0017,WIN-ARGUS-017,3,33,1,1,0,0,0,2.0,0,9,12,0,0,29,0.3,5.977545454545455,1.513030303030303,19,0,0,0,3,3,2,8044,11280,4.333333333333333,0,0,0,3,0,benign_high_entropy,BENIGN
BENIGN_HIGH_ENTROPY-0017,WIN-ARGUS-017,4,38,1,1,0,0,0,2.0,0,9,15,0,0,36,0.3,6.945736842105263,2.126421052631579,33,0,0,0,1,1,1,1900,2392,0.0,0,0,0,3,0,benign_high_entropy,BENIGN
BENIGN_HIGH_ENTROPY-0017,WIN-ARGUS-017,5,32,1,1,0,0,0,2.0,0,8,12,0,0,30,0.26666666666666666,6.2865,1.793,25,0,0,0,1,1,1,1603,4561,0.0,0,0,0,3,0,benign_high_entropy,BENIGN
BENIGN_HIGH_ENTROPY-0018,WIN-ARGUS-018,0,35,1,1,0,0,0,2.0,0,12,15,0,0,33,0.4,6.811657142857142,2.2826285714285715,30,0,0,0,1,1,1,3663,3443,0.0,0,0,0,3,0,benign_high_entropy,BENIGN
BENIGN_HIGH_ENTROPY-0018,WIN-ARGUS-018,1,48,1,1,0,0,0,2.0,0,13,15,0,0,45,0.43333333333333335,6.74125,2.0382708333333333,38,0,0,0,2,2,2,6316,3591,10.0,0,0,0,3,0,benign_high_entropy,BENIGN
BENIGN_HIGH_ENTROPY-0018,WIN-ARGUS-018,2,39,1,1,0,0,0,2.0,0,13,12,0,0,36,0.43333333333333335,6.165641025641026,1.8647435897435896,31,0,0,0,2,2,2,5299,7827,2.5,0,0,0,3,0,benign_high_entropy,BENIGN
BENIGN_HIGH_ENTROPY-0018,WIN-ARGUS-018,3,47,1,1,0,0,0,2.0,0,16,15,0,0,43,0.5333333333333333,6.591489361702128,2.213808510638298,39,0,0,0,3,1,2,10569,3701,3.3333333333333335,0,0,0,3,0,benign_high_entropy,BENIGN
BENIGN_HIGH_ENTROPY-0018,WIN-ARGUS-018,4,46,1,1,0,0,0,2.0,0,22,10,0,0,43,0.7333333333333333,6.885978260869565,2.244717391304348,38,0,0,0,2,2,1,6587,4793,11.0,0,0,0,3,0,benign_high_entropy,BENIGN
BENIGN_HIGH_ENTROPY-0018,WIN-ARGUS-018,5,35,1,1,0,0,0,2.0,0,7,14,0,0,31,0.23333333333333334,6.341342857142857,2.121114285714286,25,0,0,0,3,2,2,4415,11479,8.333333333333334,0,0,0,3,0,benign_high_entropy,BENIGN
BENIGN_HIGH_ENTROPY-0019,WIN-ARGUS-019,0,42,1,1,0,0,0,2.0,0,15,14,0,0,38,0.5,6.214880952380952,1.9271190476190478,29,0,0,0,3,2,3,7991,8902,4.666666666666667,0,0,0,3,0,benign_high_entropy,BENIGN
BENIGN_HIGH_ENTROPY-0019,WIN-ARGUS-019,1,41,1,1,0,0,0,2.0,0,17,10,0,0,39,0.5666666666666667,6.48190243902439,1.965487804878049,30,0,0,0,1,1,1,3045,441,0.0,0,0,0,3,0,benign_high_entropy,BENIGN
BENIGN_HIGH_ENTROPY-0019,WIN-ARGUS-019,2,41,1,1,0,0,0,2.0,0,16,7,0,0,37,0.5333333333333333,6.227731707317073,1.8018292682926829,33,0,0,0,3,2,1,9359,7096,4.666666666666667,0,0,0,3,0,benign_high_entropy,BENIGN
BENIGN_HIGH_ENTROPY-0019,WIN-ARGUS-019,3,28,1,1,0,0,0,2.0,0,6,11,0,0,25,0.2,6.502642857142858,1.8805357142857144,20,0,0,0,2,2,2,6823,2953,1.5,0,0,0,3,0,benign_high_entropy,BENIGN
BENIGN_HIGH_ENTROPY-0019,WIN-ARGUS-019,4,46,1,1,0,0,0,2.0,0,14,16,0,0,43,0.4666666666666667,6.479,1.9197826086956522,38,0,0,0,2,1,2,7499,2595,3.0,0,0,0,3,0,benign_high_entropy,BENIGN
BENIGN_HIGH_ENTROPY-0019,WIN-ARGUS-019,5,33,1,1,0,0,0,2.0,0,13,13,0,0,31,0.43333333333333335,6.7668484848484844,2.204818181818182,27,0,0,0,1,1,1,3979,4368,0.0,0,0,0,3,0,benign_high_entropy,BENIGN
BENIGN_HIGH_ENTROPY-0020,WIN-ARGUS-020,0,28,1,1,0,0,0,2.0,0,8,8,0,0,25,0.26666666666666666,6.223535714285715,1.9930714285714288,23,0,0,0,2,2,2,5250,2480,7.5,0,0,0,3,0,benign_high_entropy,BENIGN
BENIGN_HIGH_ENTROPY-0020,WIN-ARGUS-020,1,34,1,1,0,0,0,2.0,0,11,15,0,0,31,0.36666666666666664,6.457617647058823,2.2444117647058826,27,0,0,0,2,2,2,2916,5584,2.5,0,0,0,3,0,benign_high_entropy,BENIGN
BENIGN_HIGH_ENTROPY-0020,WIN-ARGUS-020,2,44,1,1,0,0,0,2.0,0,12,18,0,0,41,0.4,6.546659090909091,2.0339318181818182,35,0,0,0,2,2,1,7597,6296,3.5,0,0,0,3,0,benign_high_entropy,BENIGN
BENIGN_HIGH_ENTROPY-0020,WIN-ARGUS-020,3,28,1,1,0,0,0,2.0,0,9,6,0,0,26,0.3,6.602285714285714,2.046642857142857,23,0,0,0,1,1,1,3964,1942,0.0,0,0,0,3,0,benign_high_entropy,BENIGN
BENIGN_HIGH_ENTROPY-0020,WIN-ARGUS-020,4,34,1,1,0,0,0,2.0,0,15,8,0,0,32,0.5,6.756235294117647,2.130264705882353,26,0,0,0,1,1,1,3050,3213,0.0,0,0,0,3,0,benign_high_entropy,BENIGN
BENIGN_HIGH_ENTROPY-0020,WIN-ARGUS-020,5,47,1,1,0,0,0,2.0,0,12,17,0,0,43,0.4,6.242999999999999,1.9129148936170213,32,0,0,0,3,2,2,8840,7358,3.6666666666666665,0,0,0,3,0,benign_high_entropy,BENIGN
BENIGN_HIGH_ENTROPY-0021,WIN-ARGUS-021,0,43,1,1,0,0,0,2.0,0,19,11,0,0,39,0.6333333333333333,6.234697674418604,1.8530697674418606,33,0,0,0,3,1,2,9182,13868,7.0,0,0,0,3,0,benign_high_entropy,BENIGN
BENIGN_HIGH_ENTROPY-0021,WIN-ARGUS-021,1,39,1,1,0,0,0,2.0,0,12,13,0,0,35,0.4,6.493333333333333,2.00725641025641,28,0,0,0,3,2,2,7729,6352,4.666666666666667,0,0,0,3,0,benign_high_entropy,BENIGN
BENIGN_HIGH_ENTROPY-0021,WIN-ARGUS-021,2,33,1,1,0,0,0,2.0,0,11,11,0,0,31,0.36666666666666664,6.802424242424242,2.320030303030303,30,0,0,0,1,1,1,4668,3506,0.0,0,0,0,3,0,benign_high_entropy,BENIGN
BENIGN_HIGH_ENTROPY-0021,WIN-ARGUS-021,3,48,1,1,0,0,0,2.0,0,17,15,0,0,44,0.5666666666666667,6.585562499999999,2.0971249999999997,41,0,0,0,3,2,1,5278,8669,5.666666666666667,0,0,0,3,0,benign_high_entropy,BENIGN
BENIGN_HIGH_ENTROPY-0021,WIN-ARGUS-021,4,43,1,1,0,0,0,2.0,0,12,14,0,0,39,0.4,6.711255813953488,2.1977441860465117,36,0,0,0,3,3,1,9135,12273,5.0,0,0,0,3,0,benign_high_entropy,BENIGN
BENIGN_HIGH_ENTROPY-0021,WIN-ARGUS-021,5,40,1,1,0,0,0,2.0,0,8,12,0,0,37,0.26666666666666666,6.5578,2.198325,31,0,0,0,2,2,2,5416,3825,5.5,0,0,0,3,0,benign_high_entropy,BENIGN
BENIGN_HIGH_ENTROPY-0022,WIN-ARGUS-022,0,49,1,1,0,0,0,2.0,0,16,14,0,0,45,0.5333333333333333,6.637428571428571,2.109612244897959,42,0,0,0,3,2,2,7851,4266,4.0,0,0,0,3,0,benign_high_entropy,BENIGN
BENIGN_HIGH_ENTROPY-0022,WIN-ARGUS-022,1,41,1,1,0,0,0,2.0,0,14,7,0,0,37,0.4666666666666667,6.384878048780487,1.9429756097560977,28,0,0,0,3,2,2,12525,8434,2.6666666666666665,0,0,0,3,0,benign_high_entropy,BENIGN
BENIGN_HIGH_ENTROPY-0022,WIN-ARGUS-022,2,35,1,1,0,0,0,2.0,0,8,11,0,0,31,0.26666666666666666,6.367857142857143,1.931057142857143,27,0,0,0,3,2,2,5080,3798,3.6666666666666665,0,0,0,3,0,benign_high_entropy,BENIGN
BENIGN_HIGH_ENTROPY-0022,WIN-ARGUS-022,3,31,1,1,0,0,0,2.0,0,8,7,0,0,29,0.26666666666666666,6.462096774193548,2.104612903225806,25,0,0,0,1,1,1,2749,4756,0.0,0,0,0,3,0,benign_high_entropy,BENIGN
BENIGN_HIGH_ENTROPY-0022,WIN-ARGUS-022,4,40,1,1,0,0,0,2.0,0,12,10,0,0,36,0.4,6.4685500000000005,2.218725,34,0,0,0,3,2,2,5133,6302,3.3333333333333335,0,0,0,3,0,benign_high_entropy,BENIGN
BENIGN_HIGH_ENTROPY-0022,WIN-ARGUS-022,5,45,1,1,0,0,0,2.0,0,13,9,0,0,41,0.43333333333333335,6.225044444444444,1.9084666666666668,34,0,0,0,3,2,1,11672,6198,1.3333333333333333,0,0,0,3,0,benign_high_entropy,BENIGN
BENIGN_HIGH_ENTROPY-0023,WIN-ARGUS-023,0,41,1,1,0,0,0,2.0,0,13,11,0,0,39,0.43333333333333335,6.742463414634146,1.9141951219512194,31,0,0,0,1,1,1,4089,4465,0.0,0,0,0,3,0,benign_high_entropy,BENIGN
BENIGN_HIGH_ENTROPY-0023,WIN-ARGUS-023,1,34,1,1,0,0,0,2.0,0,12,5,0,0,31,0.4,6.742823529411765,2.3451764705882354,28,0,0,0,2,2,2,7134,5772,1.0,0,0,0,3,0,benign_high_entropy,BENIGN
BENIGN_HIGH_ENTROPY-0023,WIN-ARGUS-023,2,28,1,1,0,0,0,2.0,0,9,11,0,0,25,0.3,6.217214285714285,1.8230714285714285,18,0,0,0,2,2,2,1423,6109,7.5,0,0,0,3,0,benign_high_entropy,BENIGN
BENIGN_HIGH_ENTROPY-0023,WIN-ARGUS-023,3,47,1,1,0,0,0,2.0,0,19,10,0,0,43,0.6333333333333333,6.564191489361702,2.1245744680851066,36,0,0,0,3,3,2,10088,8068,4.333333333333333,0,0,0,3,0,benign_high_entropy,BENIGN
BENIGN_HIGH_ENTROPY-0023,WIN-ARGUS-023,4,41,1,1,0,0,0,2.0,0,14,13,0,0,37,0.4666666666666667,6.071536585365854,1.9079268292682925,32,0,0,0,3,3,2,4950,8956,4.0,0,0,0,3,0,benign_high_entropy,BENIGN
BENIGN_HIGH_ENTROPY-0023,WIN-ARGUS-023,5,42,1,1,0,0,0,2.0,0,18,12,0,0,40,0.6,6.97397619047619,2.2349285714285716,33,0,0,0,1,1,1,3248,3361,0.0,0,0,0,3,0,benign_high_entropy,BENIGN
BENIGN_HIGH_ENTROPY-0024,WIN-ARGUS-024,0,29,1,1,0,0,0,2.0,0,9,7,0,0,27,0.3,6.344103448275862,1.891793103448276,20,0,0,0,1,1,1,1123,4297,0.0,0,0,0,3,0,benign_high_entropy,BENIGN
BENIGN_HIGH_ENTROPY-0024,WIN-ARGUS-024,1,49,1,1,0,0,0,2.0,0,18,17,0,0,45,0.6,6.2036122448979585,1.810795918367347,36,0,0,0,3,2,2,9481,10838,3.6666666666666665,0,0,0,3,0,benign_high_entropy,BENIGN
BENIGN_HIGH_ENTROPY-0024,WIN-ARGUS-024,2,41,1,1,0,0,0,2.0,0,12,15,0,0,38,0.4,6.548682926829268,2.1220731707317073,33,0,0,0,2,1,1,7024,3627,0.5,0,0,0,3,0,benign_high_entropy,BENIGN
BENIGN_HIGH_ENTROPY-0024,WIN-ARGUS-024,3,28,1,1,0,0,0,2.0,0,14,6,0,0,25,0.4666666666666667,6.566000000000001,2.412,23,0,0,0,2,2,2,5453,5525,2.0,0,0,0,3,0,benign_high_entropy,BENIGN
BENIGN_HIGH_ENTROPY-0024,WIN-ARGUS-024,4,48,1,1,0,0,0,2.0,0,12,17,0,0,45,0.4,6.578479166666667,2.096458333333333,35,0,0,0,2,2,2,6978,6654,5.5,0,0,0,3,0,benign_high_entropy,BENIGN
BENIGN_HIGH_ENTROPY-0024,WIN-ARGUS-024,5,32,1,1,0,0,0,2.0,0,10,12,0,0,30,0.3333333333333333,6.76025,2.16246875,27,0,0,0,1,1,1,4870,1957,0.0,0,0,0,3,0,benign_high_entropy,BENIGN
BENIGN_HIGH_ENTROPY-0025,WIN-ARGUS-025,0,44,1,1,0,0,0,2.0,0,15,16,0,0,40,0.5,6.5364545454545455,2.1098181818181816,32,0,0,0,3,2,1,10196,10890,8.0,0,0,0,3,0,benign_high_entropy,BENIGN
BENIGN_HIGH_ENTROPY-0025,WIN-ARGUS-025,1,40,1,1,0,0,0,2.0,0,11,12,0,0,38,0.36666666666666664,6.924875,2.340975,34,0,0,0,1,1,1,2416,4612,0.0,0,0,0,3,0,benign_high_entropy,BENIGN
BENIGN_HIGH_ENTROPY-0025,WIN-ARGUS-025,2,46,1,1,0,0,0,2.0,0,21,11,0,0,42,0.7,6.5121086956521745,2.089804347826087,38,0,0,0,3,2,3,3031,6643,9.0,0,0,0,3,0,benign_high_entropy,BENIGN
BENIGN_HIGH_ENTROPY-0025,WIN-ARGUS-025,3,47,1,1,0,0,0,2.0,0,15,16,0,0,44,0.5,6.936617021276596,2.1070425531914894,41,0,0,0,2,2,1,7983,3898,1.0,0,0,0,3,0,benign_high_entropy,BENIGN
BENIGN_HIGH_ENTROPY-0025,WIN-ARGUS-025,4,30,1,1,0,0,0,2.0,0,14,8,0,0,28,0.4666666666666667,6.836133333333334,2.3718,25,0,0,0,1,1,1,3050,1158,0.0,0,0,0,3,0,benign_high_entropy,BENIGN
BENIGN_HIGH_ENTROPY-0025,WIN-ARGUS-025,5,39,1,1,0,0,0,2.0,0,16,7,0,0,35,0.5333333333333333,6.213692307692308,1.9476153846153845,29,0,0,0,3,2,2,8944,7613,7.666666666666667,0,0,0,3,0,benign_high_entropy,BENIGN
BENIGN_HIGH_ENTROPY-0026,WIN-ARGUS-026,0,30,1,1,0,0,0,2.0,0,9,10,0,0,26,0.3,6.3072,2.0366333333333335,23,0,0,0,3,3,2,7644,4956,6.333333333333333,0,0,0,3,0,benign_high_entropy,BENIGN
BENIGN_HIGH_ENTROPY-0026,WIN-ARGUS-026,1,27,1,1,0,0,0,2.0,0,12,6,0,0,25,0.4,6.6065555555555555,2.011814814814815,21,0,0,0,1,1,1,1824,3400,0.0,0,0,0,3,0,benign_high_entropy,BENIGN
BENIGN_HIGH_ENTROPY-0026,WIN-ARGUS-026,2,35,1,1,0,0,0,2.0,0,9,13,0,0,33,0.3,6.583742857142857,2.1117714285714286,27,0,0,0,1,1,1,2132,2931,0.0,0,0,0,3,0,benign_high_entropy,BENIGN
BENIGN_HIGH_ENTROPY-0026,WIN-ARGUS-026,3,35,1,1,0,0,0,2.0,0,15,12,0,0,32,0.5,6.793114285714286,2.185942857142857,28,0,0,0,2,2,2,4058,5927,1.5,0,0,0,3,0,benign_high_entropy,BENIGN
BENIGN_HIGH_ENTROPY-0026,WIN-ARGUS-026,4,46,1,1,0,0,0,2.0,0,13,10,0,0,43,0.43333333333333335,6.638217391304348,2.1618913043478263,34,0,0,0,2,2,1,2729,4601,5.0,0,0,0,3,0,benign_high_entropy,BENIGN
BENIGN_HIGH_ENTROPY-0026,WIN-ARGUS-026,5,29,1,1,0,0,0,2.0,0,8,6,0,0,26,0.26666666666666666,6.332896551724138,2.165655172413793,23,0,0,0,2,1,2,8748,3888,1.5,0,0,0,3,0,benign_high_entropy,BENIGN
BENIGN_HIGH_ENTROPY-0027,WIN-ARGUS-027,0,36,1,1,0,0,0,2.0,0,16,8,0,0,34,0.5333333333333333,6.34125,1.9684722222222222,32,0,0,0,1,1,1,3868,2378,0.0,0,0,0,3,0,benign_high_entropy,BENIGN
BENIGN_HIGH_ENTROPY-0027,WIN-ARGUS-027,1,36,1,1,0,0,0,2.0,0,18,10,0,0,33,0.6,6.489472222222222,2.0135,29,0,0,0,2,2,2,5670,1226,4.0,0,0,0,3,0,benign_high_entropy,BENIGN
BENIGN_HIGH_ENTROPY-0027,WIN-ARGUS-027,2,45,1,1,0,0,0,2.0,0,11,14,0,0,41,0.36666666666666664,6.544155555555556,2.150822222222222,32,0,0,0,3,2,2,9358,7087,9.333333333333334,0,0,0,3,0,benign_high_entropy,BENIGN
BENIGN_HIGH_ENTROPY-0027,WIN-ARGUS-027,3,32,1,1,0,0,0,2.0,0,9,13,0,0,30,0.3,6.38353125,1.83525,27,0,0,0,1,1,1,4622,4839,0.0,0,0,0,3,0,benign_high_entropy,BENIGN
BENIGN_HIGH_ENTROPY-0027,WIN-ARGUS-027,4,48,1,1,0,0,0,2.0,0,17,16,0,0,45,0.5666666666666667,6.5295,1.778875,34,0,0,0,2,2,2,3680,6342,0.0,0,0,0,3,0,benign_high_entropy,BENIGN
BENIGN_HIGH_ENTROPY-0027,WIN-ARGUS-027,5,37,1,1,0,0,0,2.0,0,13,14,0,0,34,0.43333333333333335,6.799243243243243,2.387945945945946,31,0,0,0,2,1,1,5549,5183,13.5,0,0,0,3,0,benign_high_entropy,BENIGN
BENIGN_HIGH_ENTROPY-0028,WIN-ARGUS-028,0,46,1,1,0,0,0,2.0,0,15,11,0,0,42,0.5,6.903608695652173,2.2835869565217393,37,0,0,0,3,2,2,11565,8466,6.666666666666667,0,0,0,3,0,benign_high_entropy,BENIGN
BENIGN_HIGH_ENTROPY-0028,WIN-ARGUS-028,1,42,1,1,0,0,0,2.0,0,12,9,0,0,39,0.4,6.694333333333333,2.0952142857142855,35,0,0,0,2,1,2,5057,7534,1.5,0,0,0,3,0,benign_high_entropy,BENIGN
BENIGN_HIGH_ENTROPY-0028,WIN-ARGUS-028,2,42,1,1,0,0,0,2.0,0,14,13,0,0,39,0.4666666666666667,6.741904761904762,2.3445238095238095,37,0,0,0,2,2,2,5063,8390,4.5,0,0,0,3,0,benign_high_entropy,BENIGN
BENIGN_HIGH_ENTROPY-0028,WIN-ARGUS-028,3,34,1,1,0,0,0,2.0,0,10,11,0,0,32,0.3333333333333333,6.838558823529412,2.2093529411764705,27,0,0,0,1,1,1,3960,1219,0.0,0,0,0,3,0,benign_high_entropy,BENIGN
BENIGN_HIGH_ENTROPY-0028,WIN-ARGUS-028,4,36,1,1,0,0,0,2.0,0,13,9,0,0,34,0.43333333333333335,6.507055555555556,1.8230555555555554,28,0,0,0,1,1,1,4647,1851,0.0,0,0,0,3,0,benign_high_entropy,BENIGN
BENIGN_HIGH_ENTROPY-0028,WIN-ARGUS-028,5,31,1,1,0,0,0,2.0,0,9,9,0,0,27,0.3,5.9065161290322585,2.047032258064516,25,0,0,0,3,2,3,6297,7775,6.0,0,0,0,3,0,benign_high_entropy,BENIGN
BENIGN_HIGH_ENTROPY-0029,WIN-ARGUS-029,0,35,1,1,0,0,0,2.0,0,8,6,0,0,31,0.26666666666666666,6.4321142857142855,2.259514285714286,27,0,0,0,3,2,1,10783,10365,6.0,0,0,0,3,0,benign_high_entropy,BENIGN
BENIGN_HIGH_ENTROPY-0029,WIN-ARGUS-029,1,37,1,1,0,0,0,2.0,0,12,12,0,0,34,0.4,6.801486486486486,2.3231621621621623,29,0,0,0,2,2,2,9361,4529,4.0,0,0,0,3,0,benign_high_entropy,BENIGN
BENIGN_HIGH_ENTROPY-0029,WIN-ARGUS-029,2,30,1,1,0,0,0,2.0,0,14,6,0,0,28,0.4666666666666667,6.194566666666666,1.8358999999999999,24,0,0,0,1,1,1,2174,2998,0.0,0,0,0,3,0,benign_high_entropy,BENIGN
BENIGN_HIGH_ENTROPY-0029,WIN-ARGUS-029,3,45,1,1,0,0,0,2.0,0,15,7,0,0,43,0.5,6.816044444444444,2.2915777777777775,37,0,0,0,1,1,1,1787,901,0.0,0,0,0,3,0,benign_high_entropy,BENIGN
BENIGN_HIGH_ENTROPY-0029,WIN-ARGUS-029,4,40,1,1,0,0,0,2.0,0,12,16,0,0,37,0.4,6.713275,2.036975,35,0,0,0,2,1,2,3717,5834,9.5,0,0,0,3,0,benign_high_entropy,BENIGN
BENIGN_HIGH_ENTROPY-0029,WIN-ARGUS-029,5,46,1,1,0,0,0,2.0,0,17,13,0,0,43,0.5666666666666667,6.402978260869565,2.049913043478261,37,0,0,0,2,2,2,4787,7458,2.5,0,0,0,3,0,benign_high_entropy,BENIGN
BENIGN_HIGH_ENTROPY-0030,WIN-ARGUS-030,0,29,1,1,0,0,0,2.0,0,7,14,0,0,27,0.23333333333333334,6.692689655172414,2.494344827586207,24,0,0,0,1,1,1,1240,1814,0.0,0,0,0,3,0,benign_high_entropy,BENIGN
BENIGN_HIGH_ENTROPY-0030,WIN-ARGUS-030,1,42,1,1,0,0,0,2.0,0,13,12,0,0,39,0.43333333333333335,6.766190476190476,2.1666904761904764,34,0,0,0,2,1,2,4090,3683,7.0,0,0,0,3,0,benign_high_entropy,BENIGN
BENIGN_HIGH_ENTROPY-0030,WIN-ARGUS-030,2,32,1,1,0,0,0,2.0,0,11,9,0,0,29,0.36666666666666664,6.68225,2.06709375,25,0,0,0,2,1,2,4355,6363,8.0,0,0,0,3,0,benign_high_entropy,BENIGN
BENIGN_HIGH_ENTROPY-0030,WIN-ARGUS-030,3,32,1,1,0,0,0,2.0,0,9,7,0,0,28,0.3,6.3906875,2.1026875,24,0,0,0,3,3,3,6615,9954,7.333333333333333,0,0,0,3,0,benign_high_entropy,BENIGN
BENIGN_HIGH_ENTROPY-0030,WIN-ARGUS-030,4,44,1,1,0,0,0,2.0,0,11,17,0,0,42,0.36666666666666664,6.758500000000001,2.0688863636363637,37,0,0,0,1,1,1,1318,1588,0.0,0,0,0,3,0,benign_high_entropy,BENIGN
BENIGN_HIGH_ENTROPY-0030,WIN-ARGUS-030,5,35,1,1,0,0,0,2.0,0,8,12,0,0,32,0.26666666666666666,6.787657142857143,2.1714285714285713,26,0,0,0,2,2,1,6555,6044,5.5,0,0,0,3,0,benign_high_entropy,BENIGN
BENIGN_HIGH_ENTROPY-0031,WIN-ARGUS-031,0,34,1,1,0,0,0,2.0,0,17,7,0,0,31,0.5666666666666667,6.624470588235294,2.1181176470588237,29,0,0,0,2,2,2,2991,7690,4.5,0,0,0,3,0,benign_high_entropy,BENIGN
BENIGN_HIGH_ENTROPY-0031,WIN-ARGUS-031,1,30,1,1,0,0,0,2.0,0,11,10,0,0,28,0.36666666666666664,6.950500000000001,2.1644666666666668,24,0,0,0,1,1,1,4510,2962,0.0,0,0,0,3,0,benign_high_entropy,BENIGN
BENIGN_HIGH_ENTROPY-0031,WIN-ARGUS-031,2,41,1,1,0,0,0,2.0,0,10,18,0,0,38,0.3333333333333333,6.463512195121952,1.792829268292683,33,0,0,0,2,2,2,6846,3470,4.5,0,0,0,3,0,benign_high_entropy,BENIGN
BENIGN_HIGH_ENTROPY-0031,WIN-ARGUS-031,3,27,1,1,0,0,0,2.0,0,9,6,0,0,25,0.3,6.900185185185186,2.2445185185185186,23,0,0,0,1,1,1,4801,3618,0.0,0,0,0,3,0,benign_high_entropy,BENIGN
BENIGN_HIGH_ENTROPY-0031,WIN-ARGUS-031,4,35,1,1,0,0,0,2.0,0,10,14,0,0,33,0.3333333333333333,7.099228571428572,2.445942857142857,31,0,0,0,1,1,1,585,649,0.0,0,0,0,3,0,benign_high_entropy,BENIGN
BENIGN_HIGH_ENTROPY-0031,WIN-ARGUS-031,5,39,1,1,0,0,0,2.0,0,8,12,0,0,35,0.26666666666666666,6.657435897435897,2.135076923076923,31,0,0,0,2,2,2,8157,8947,9.5,0,0,0,3,0,benign_high_entropy,BENIGN
BENIGN_HIGH_ENTROPY-0032,WIN-ARGUS-032,0,36,1,1,0,0,0,2.0,0,7,13,0,0,34,0.23333333333333334,6.900194444444445,2.31175,30,0,0,0,1,1,1,598,433,0.0,0,0,0,3,0,benign_high_entropy,BENIGN
BENIGN_HIGH_ENTROPY-0032,WIN-ARGUS-032,1,46,1,1,0,0,0,2.0,0,15,10,0,0,42,0.5,6.523913043478261,2.1605434782608697,36,0,0,0,3,2,3,5838,6270,5.666666666666667,0,0,0,3,0,benign_high_entropy,BENIGN
BENIGN_HIGH_ENTROPY-0032,WIN-ARGUS-032,2,31,1,1,0,0,0,2.0,0,7,10,0,0,28,0.23333333333333334,6.3220967741935485,1.9878387096774193,25,0,0,0,2,2,2,5163,2399,2.5,0,0,0,3,0,benign_high_entropy,BENIGN
BENIGN_HIGH_ENTROPY-0032,WIN-ARGUS-032,3,43,1,1,0,0,0,2.0,0,10,11,0,0,39,0.3333333333333333,6.397093023255814,1.878813953488372,34,0,0,0,3,2,1,12033,1639,3.0,0,0,0,3,0,benign_high_entropy,BENIGN
BENIGN_HIGH_ENTROPY-0032,WIN-ARGUS-032,4,40,1,1,0,0,0,2.0,0,10,13,0,0,36,0.3333333333333333,6.343500000000001,1.9741499999999998,34,0,0,0,3,3,3,8966,10114,2.3333333333333335,0,0,0,3,0,benign_high_entropy,BENIGN
BENIGN_HIGH_ENTROPY-0032,WIN-ARGUS-032,5,33,1,1,0,0,0,2.0,0,8,6,0,0,31,0.26666666666666666,6.629030303030303,2.0550606060606063,28,0,0,0,1,1,1,4765,4566,0.0,0,0,0,3,0,benign_high_entropy,BENIGN
BENIGN_HIGH_ENTROPY-0033,WIN-ARGUS-033,0,45,1,1,0,0,0,2.0,0,17,16,0,0,43,0.5666666666666667,6.526533333333334,1.9252666666666667,36,0,0,0,1,1,1,2481,4799,0.0,0,0,0,3,0,benign_high_entropy,BENIGN
BENIGN_HIGH_ENTROPY-0033,WIN-ARGUS-033,1,46,1,1,0,0,0,2.0,0,17,17,0,0,44,0.5666666666666667,6.747608695652174,2.143586956521739,39,0,0,0,1,1,1,4181,598,0.0,0,0,0,3,0,benign_high_entropy,BENIGN
BENIGN_HIGH_ENTROPY-0033,WIN-ARGUS-033,2,46,1,1,0,0,0,2.0,0,19,15,0,0,44,0.6333333333333333,6.5998913043478264,2.0501521739130437,39,0,0,0,1,1,1,2222,4782,0.0,0,0,0,3,0,benign_high_entropy,BENIGN
BENIGN_HIGH_ENTROPY-0033,WIN-ARGUS-033,3,32,1,1,0,0,0,2.0,0,6,10,0,0,29,0.2,6.43146875,1.9766875,27,0,0,0,2,2,1,7380,4940,8.0,0,0,0,3,0,benign_high_entropy,BENIGN
BENIGN_HIGH_ENTROPY-0033,WIN-ARGUS-033,4,32,1,1,0,0,0,2.0,0,6,11,0,0,29,0.2,6.38915625,2.00309375,25,0,0,0,2,2,2,4840,3575,8.0,0,0,0,3,0,benign_high_entropy,BENIGN
BENIGN_HIGH_ENTROPY-0033,WIN-ARGUS-033,5,28,1,1,0,0,0,2.0,0,10,9,0,0,26,0.3333333333333333,6.41625,1.8862142857142856,20,0,0,0,1,1,1,1278,336,0.0,0,0,0,3,0,benign_high_entropy,BENIGN
BENIGN_HIGH_ENTROPY-0034,WIN-ARGUS-034,0,32,1,1,0,0,0,2.0,0,9,11,0,0,29,0.3,6.60190625,1.9308750000000001,22,0,0,0,2,2,1,6728,7135,7.5,0,0,0,3,0,benign_high_entropy,BENIGN
BENIGN_HIGH_ENTROPY-0034,WIN-ARGUS-034,1,49,1,1,0,0,0,2.0,0,16,11,0,0,45,0.5333333333333333,6.382346938775511,1.9386326530612243,37,0,0,0,3,2,2,10051,7936,1.3333333333333333,0,0,0,3,0,benign_high_entropy,BENIGN
BENIGN_HIGH_ENTROPY-0034,WIN-ARGUS-034,2,30,1,1,0,0,0,2.0,0,9,9,0,0,26,0.3,6.265333333333333,2.0388666666666664,24,0,0,0,3,3,3,8284,8566,3.6666666666666665,0,0,0,3,0,benign_high_entropy,BENIGN
BENIGN_HIGH_ENTROPY-0034,WIN-ARGUS-034,3,35,1,1,0,0,0,2.0,0,10,13,0,0,33,0.3333333333333333,6.696057142857143,1.999857142857143,25,0,0,0,1,1,1,1027,1300,0.0,0,0,0,3,0,benign_high_entropy,BENIGN
BENIGN_HIGH_ENTROPY-0034,WIN-ARGUS-034,4,48,1,1,0,0,0,2.0,0,11,13,0,0,45,0.36666666666666664,6.5028125,1.9355,35,0,0,0,2,2,2,5883,7054,3.5,0,0,0,3,0,benign_high_entropy,BENIGN
BENIGN_HIGH_ENTROPY-0034,WIN-ARGUS-034,5,33,1,1,0,0,0,2.0,0,7,12,0,0,29,0.23333333333333334,6.262878787878789,2.0301515151515153,27,0,0,0,3,3,1,7931,8328,2.3333333333333335,0,0,0,3,0,benign_high_entropy,BENIGN
BENIGN_HIGH_ENTROPY-0035,WIN-ARGUS-035,0,44,1,1,0,0,0,2.0,0,11,13,0,0,42,0.36666666666666664,6.4932727272727275,2.1122045454545453,33,0,0,0,1,1,1,2638,2367,0.0,0,0,0,3,0,benign_high_entropy,BENIGN
BENIGN_HIGH_ENTROPY-0035,WIN-ARGUS-035,1,34,1,1,0,0,0,2.0,0,10,10,0,0,32,0.3333333333333333,6.460441176470589,1.9141470588235294,24,0,0,0,1,1,1,3822,4576,0.0,0,0,0,3,0,benign_high_entropy,BENIGN
BENIGN_HIGH_ENTROPY-0035,WIN-ARGUS-035,2,43,1,1,0,0,0,2.0,0,17,8,0,0,40,0.5666666666666667,6.751255813953488,2.208023255813954,34,0,0,0,2,2,2,5172,2530,3.5,0,0,0,3,0,benign_high_entropy,BENIGN
BENIGN_HIGH_ENTROPY-0035,WIN-ARGUS-035,3,29,1,1,0,0,0,2.0,0,9,8,0,0,25,0.3,6.071172413793104,2.0546206896551724,21,0,0,0,3,2,2,7310,5735,4.0,0,0,0,3,0,benign_high_entropy,BENIGN
BENIGN_HIGH_ENTROPY-0035,WIN-ARGUS-035,4,32,1,1,0,0,0,2.0,0,9,6,0,0,29,0.3,6.80653125,2.17834375,26,0,0,0,2,1,2,7018,6800,4.5,0,0,0,3,0,benign_high_entropy,BENIGN
BENIGN_HIGH_ENTROPY-0035,WIN-ARGUS-035,5,43,1,1,0,0,0,2.0,0,15,15,0,0,39,0.5,6.639441860465116,1.9943488372093023,34,0,0,0,3,2,2,11899,3745,1.0,0,0,0,3,0,benign_high_entropy,BENIGN
BENIGN_HIGH_ENTROPY-0036,WIN-ARGUS-036,0,34,1,1,0,0,0,2.0,0,12,9,0,0,31,0.4,6.72864705882353,2.0856470588235294,29,0,0,0,2,2,1,5644,7839,1.5,0,0,0,3,0,benign_high_entropy,BENIGN
BENIGN_HIGH_ENTROPY-0036,WIN-ARGUS-036,1,48,1,1,0,0,0,2.0,0,15,19,0,0,44,0.5,6.434458333333333,2.0728541666666667,40,0,0,0,3,3,2,3358,4727,7.0,0,0,0,3,0,benign_high_entropy,BENIGN
BENIGN_HIGH_ENTROPY-0036,WIN-ARGUS-036,2,38,1,1,0,0,0,2.0,0,10,16,0,0,36,0.3333333333333333,6.865473684210525,2.3368947368421056,32,0,0,0,1,1,1,2570,3435,0.0,0,0,0,3,0,benign_high_entropy,BENIGN
BENIGN_HIGH_ENTROPY-0036,WIN-ARGUS-036,3,43,1,1,0,0,0,2.0,0,12,16,0,0,39,0.4,6.869488372093023,2.3142790697674416,37,0,0,0,3,1,2,8352,6843,1.6666666666666667,0,0,0,3,0,benign_high_entropy,BENIGN
BENIGN_HIGH_ENTROPY-0036,WIN-ARGUS-036,4,45,1,1,0,0,0,2.0,0,14,11,0,0,42,0.4666666666666667,6.57711111111111,2.094911111111111,31,0,0,0,2,2,2,7146,5889,13.0,0,0,0,3,0,benign_high_entropy,BENIGN
BENIGN_HIGH_ENTROPY-0036,WIN-ARGUS-036,5,43,1,1,0,0,0,2.0,0,16,12,0,0,40,0.5333333333333333,6.787093023255815,2.1350697674418604,35,0,0,0,2,1,2,2758,812,10.5,0,0,0,3,0,benign_high_entropy,BENIGN
BENIGN_HIGH_ENTROPY-0037,WIN-ARGUS-037,0,45,1,1,0,0,0,2.0,0,11,10,0,0,43,0.36666666666666664,6.745133333333333,2.1806,39,0,0,0,1,1,1,3082,328,0.0,0,0,0,3,0,benign_high_entropy,BENIGN
BENIGN_HIGH_ENTROPY-0037,WIN-ARGUS-037,1,31,1,1,0,0,0,2.0,0,10,5,0,0,28,0.3333333333333333,6.772290322580646,2.232516129032258,26,0,0,0,2,2,2,8667,797,6.5,0,0,0,3,0,benign_high_entropy,BENIGN
BENIGN_HIGH_ENTROPY-0037,WIN-ARGUS-037,2,27,1,1,0,0,0,2.0,0,11,7,0,0,25,0.36666666666666664,6.468814814814814,1.9013703703703706,22,0,0,0,1,1,1,4649,3058,0.0,0,0,0,3,0,benign_high_entropy,BENIGN
BENIGN_HIGH_ENTROPY-0037,WIN-ARGUS-037,3,41,1,1,0,0,0,2.0,0,13,13,0,0,38,0.43333333333333335,6.487024390243903,2.1438536585365853,33,0,0,0,2,1,1,5710,5686,0.0,0,0,0,3,0,benign_high_entropy,BENIGN
BENIGN_HIGH_ENTROPY-0037,WIN-ARGUS-037,4,39,1,1,0,0,0,2.0,0,11,13,0,0,37,0.36666666666666664,6.818717948717949,2.2524358974358973,32,0,0,0,1,1,1,3244,1272,0.0,0,0,0,3,0,benign_high_entropy,BENIGN
BENIGN_HIGH_ENTROPY-0037,WIN-ARGUS-037,5,36,1,1,0,0,0,2.0,0,14,9,0,0,33,0.4666666666666667,6.5366388888888896,1.9334444444444445,29,0,0,0,2,2,2,6184,6614,3.0,0,0,0,3,0,benign_high_entropy,BENIGN
BENIGN_HIGH_ENTROPY-0038,WIN-ARGUS-038,0,39,1,1,0,0,0,2.0,0,14,9,0,0,36,0.4666666666666667,6.632641025641026,2.2092564102564105,32,0,0,0,2,1,2,6560,1266,3.0,0,0,0,3,0,benign_high_entropy,BENIGN
BENIGN_HIGH_ENTROPY-0038,WIN-ARGUS-038,1,46,1,1,0,0,0,2.0,0,16,8,0,0,43,0.5333333333333333,6.690826086956522,2.2009565217391303,34,0,0,0,2,2,2,4930,5994,1.5,0,0,0,3,0,benign_high_entropy,BENIGN
BENIGN_HIGH_ENTROPY-0038,WIN-ARGUS-038,2,29,1,1,0,0,0,2.0,0,9,7,0,0,26,0.3,6.404103448275862,1.9660689655172414,20,0,0,0,2,2,2,3109,4103,7.5,0,0,0,3,0,benign_high_entropy,BENIGN
BENIGN_HIGH_ENTROPY-0038,WIN-ARGUS-038,3,45,1,1,0,0,0,2.0,0,18,11,0,0,42,0.6,6.6249777777777785,2.1450444444444443,34,0,0,0,2,2,2,3547,4498,2.5,0,0,0,3,0,benign_high_entropy,BENIGN
BENIGN_HIGH_ENTROPY-0038,WIN-ARGUS-038,4,39,1,1,0,0,0,2.0,0,13,11,0,0,36,0.43333333333333335,6.7090000000000005,2.1265641025641027,31,0,0,0,2,2,2,5771,4706,3.0,0,0,0,3,0,benign_high_entropy,BENIGN
BENIGN_HIGH_ENTROPY-0038,WIN-ARGUS-038,5,37,1,1,0,0,0,2.0,0,13,8,0,0,35,0.43333333333333335,6.523054054054055,1.8799459459459462,30,0,0,0,1,1,1,1314,2690,0.0,0,0,0,3,0,benign_high_entropy,BENIGN
BENIGN_HIGH_ENTROPY-0039,WIN-ARGUS-039,0,40,1,1,0,0,0,2.0,0,14,11,0,0,36,0.4666666666666667,6.48065,2.1228249999999997,33,0,0,0,3,3,3,11682,8805,8.333333333333334,0,0,0,3,0,benign_high_entropy,BENIGN
BENIGN_HIGH_ENTROPY-0039,WIN-ARGUS-039,1,27,1,1,0,0,0,2.0,0,10,6,0,0,25,0.3333333333333333,6.316962962962963,1.8955555555555554,22,0,0,0,1,1,1,761,4963,0.0,0,0,0,3,0,benign_high_entropy,BENIGN
BENIGN_HIGH_ENTROPY-0039,WIN-ARGUS-039,2,39,1,1,0,0,0,2.0,0,13,11,0,0,37,0.43333333333333335,6.481794871794872,2.018948717948718,32,0,0,0,1,1,1,991,795,0.0,0,0,0,3,0,benign_high_entropy,BENIGN
BENIGN_HIGH_ENTROPY-0039,WIN-ARGUS-039,3,42,1,1,0,0,0,2.0,0,11,14,0,0,40,0.36666666666666664,6.802880952380953,2.1484761904761904,35,0,0,0,1,1,1,3750,3733,0.0,0,0,0,3,0,benign_high_entropy,BENIGN
BENIGN_HIGH_ENTROPY-0039,WIN-ARGUS-039,4,34,1,1,0,0,0,2.0,0,11,15,0,0,32,0.36666666666666664,6.459411764705883,1.9393529411764707,25,0,0,0,1,1,1,3173,2136,0.0,0,0,0,3,0,benign_high_entropy,BENIGN
BENIGN_HIGH_ENTROPY-0039,WIN-ARGUS-039,5,45,1,1,0,0,0,2.0,0,16,8,0,0,41,0.5333333333333333,6.6581777777777775,2.2054444444444448,37,0,0,0,3,1,1,11909,6294,8.666666666666666,0,0,0,3,0,benign_high_entropy,BENIGN
BENIGN_HIGH_ENTROPY-0040,WIN-ARGUS-040,0,36,1,1,0,0,0,2.0,0,10,16,0,0,34,0.3333333333333333,6.802666666666667,2.0284722222222222,31,0,0,0,1,1,1,2544,553,0.0,0,0,0,3,0,benign_high_entropy,BENIGN
BENIGN_HIGH_ENTROPY-0040,WIN-ARGUS-040,1,38,1,1,0,0,0,2.0,0,12,14,0,0,36,0.4,6.8214999999999995,2.372236842105263,33,0,0,0,1,1,1,1186,633,0.0,0,0,0,3,0,benign_high_entropy,BENIGN
BENIGN_HIGH_ENTROPY-0040,WIN-ARGUS-040,2,44,1,1,0,0,0,2.0,0,14,14,0,0,41,0.4666666666666667,6.567931818181818,2.173090909090909,36,0,0,0,2,2,2,5605,1314,1.5,0,0,0,3,0,benign_high_entropy,BENIGN
BENIGN_HIGH_ENTROPY-0040,WIN-ARGUS-040,3,37,1,1,0,0,0,2.0,0,5,15,0,0,34,0.16666666666666666,6.545972972972973,1.9904594594594596,28,0,0,0,2,1,2,7724,3285,9.0,0,0,0,3,0,benign_high_entropy,BENIGN
BENIGN_HIGH_ENTROPY-0040,WIN-ARGUS-040,4,34,1,1,0,0,0,2.0,0,9,11,0,0,31,0.3,6.9156176470588235,2.3540588235294115,30,0,0,0,2,2,2,6320,6169,4.5,0,0,0,3,0,benign_high_entropy,BENIGN
BENIGN_HIGH_ENTROPY-0040,WIN-ARGUS-040,5,31,1,1,0,0,0,2.0,0,9,10,0,0,29,0.3,6.923258064516129,2.286774193548387,26,0,0,0,1,1,1,525,653,0.0,0,0,0,3,0,benign_high_entropy,BENIGN
BENIGN_HIGH_ENTROPY-0041,WIN-ARGUS-041,0,46,1,1,0,0,0,2.0,0,16,13,0,0,44,0.5333333333333333,6.743891304347826,2.225217391304348,37,0,0,0,1,1,1,1596,453,0.0,0,0,0,3,0,benign_high_entropy,BENIGN
BENIGN_HIGH_ENTROPY-0041,WIN-ARGUS-041,1,35,1,1,0,0,0,2.0,0,10,8,0,0,31,0.3333333333333333,6.006714285714286,1.8272,25,0,0,0,3,1,2,7903,7315,1.0,0,0,0,3,0,benign_high_entropy,BENIGN
BENIGN_HIGH_ENTROPY-0041,WIN-ARGUS-041,2,37,1,1,0,0,0,2.0,0,12,11,0,0,35,0.4,6.83254054054054,2.1560540540540543,30,0,0,0,1,1,1,2382,3997,0.0,0,0,0,3,0,benign_high_entropy,BENIGN
BENIGN_HIGH_ENTROPY-0041,WIN-ARGUS-041,3,37,1,1,0,0,0,2.0,0,8,18,0,0,35,0.26666666666666666,6.637108108108109,2.072216216216216,31,0,0,0,1,1,1,1007,2280,0.0,0,0,0,3,0,benign_high_entropy,BENIGN
BENIGN_HIGH_ENTROPY-0041,WIN-ARGUS-041,4,36,1,1,0,0,0,2.0,0,12,8,0,0,34,0.4,6.737722222222222,2.14425,27,0,0,0,1,1,1,4618,2622,0.0,0,0,0,3,0,benign_high_entropy,BENIGN
BENIGN_HIGH_ENTROPY-0041,WIN-ARGUS-041,5,36,1,1,0,0,0,2.0,0,12,11,0,0,32,0.4,6.26975,1.8625833333333333,27,0,0,0,3,3,1,5786,3108,5.0,0,0,0,3,0,benign_high_entropy,BENIGN
BENIGN_HIGH_ENTROPY-0042,WIN-ARGUS-042,0,35,1,1,0,0,0,2.0,0,8,12,0,0,33,0.26666666666666666,7.073771428571429,2.3740571428571426,26,0,0,0,1,1,1,4068,4259,0.0,0,0,0,3,0,benign_high_entropy,BENIGN
BENIGN_HIGH_ENTROPY-0042,WIN-ARGUS-042,1,28,1,1,0,0,0,2.0,0,11,5,0,0,25,0.36666666666666664,6.503392857142857,2.111642857142857,24,0,0,0,2,2,2,6828,5313,5.0,0,0,0,3,0,benign_high_entropy,BENIGN
BENIGN_HIGH_ENTROPY-0042,WIN-ARGUS-042,2,27,1,1,0,0,0,2.0,0,5,9,0,0,25,0.16666666666666666,6.266555555555556,2.005777777777778,20,0,0,0,1,1,1,3583,1494,0.0,0,0,0,3,0,benign_high_entropy,BENIGN
BENIGN_HIGH_ENTROPY-0042,WIN-ARGUS-042,3,32,1,1,0,0,0,2.0,0,12,6,0,0,30,0.4,6.86146875,2.27296875,26,0,0,0,1,1,1,3793,864,0.0,0,0,0,3,0,benign_high_entropy,BENIGN
BENIGN_HIGH_ENTROPY-0042,WIN-ARGUS-042,4,35,1,1,0,0,0,2.0,0,9,17,0,0,32,0.3,6.354914285714286,1.9385714285714284,25,0,0,0,2,2,1,2320,6442,0.0,0,0,0,3,0,benign_high_entropy,BENIGN
BENIGN_HIGH_ENTROPY-0042,WIN-ARGUS-042,5,44,1,1,0,0,0,2.0,0,8,21,0,0,41,0.26666666666666666,6.175818181818181,1.8181363636363637,31,0,0,0,2,2,1,4095,469,1.0,0,0,0,3,0,benign_high_entropy,BENIGN
BENIGN_HIGH_ENTROPY-0043,WIN-ARGUS-043,0,28,1,1,0,0,0,2.0,0,6,11,0,0,26,0.2,6.405142857142857,1.7638214285714287,22,0,0,0,1,1,1,1021,930,0.0,0,0,0,3,0,benign_high_entropy,BENIGN
BENIGN_HIGH_ENTROPY-0043,WIN-ARGUS-043,1,28,1,1,0,0,0,2.0,0,11,6,0,0,26,0.36666666666666664,6.824928571428572,2.4011428571428572,21,0,0,0,1,1,1,1358,4460,0.0,0,0,0,3,0,benign_high_entropy,BENIGN
BENIGN_HIGH_ENTROPY-0043,WIN-ARGUS-043,2,34,1,1,0,0,0,2.0,0,12,12,0,0,30,0.4,6.55335294117647,1.9491470588235293,21,0,0,0,3,2,3,7095,5017,8.666666666666666,0,0,0,3,0,benign_high_entropy,BENIGN
BENIGN_HIGH_ENTROPY-0043,WIN-ARGUS-043,3,43,1,1,0,0,0,2.0,0,19,8,0,0,39,0.6333333333333333,6.437837209302326,2.0358372093023256,31,0,0,0,3,2,3,10129,4853,5.666666666666667,0,0,0,3,0,benign_high_entropy,BENIGN
BENIGN_HIGH_ENTROPY-0043,WIN-ARGUS-043,4,29,1,1,0,0,0,2.0,0,7,12,0,0,25,0.23333333333333334,6.179551724137931,1.796896551724138,23,0,0,0,3,1,3,10359,2972,5.333333333333333,0,0,0,3,0,benign_high_entropy,BENIGN
BENIGN_HIGH_ENTROPY-0043,WIN-ARGUS-043,5,30,1,1,0,0,0,2.0,0,11,10,0,0,26,0.36666666666666664,6.295599999999999,2.1390000000000002,24,0,0,0,3,2,2,6596,9702,6.0,0,0,0,3,0,benign_high_entropy,BENIGN
BENIGN_HIGH_ENTROPY-0044,WIN-ARGUS-044,0,39,1,1,0,0,0,2.0,0,11,15,0,0,37,0.36666666666666664,6.608102564102564,2.0812307692307694,29,0,0,0,1,1,1,2530,2320,0.0,0,0,0,3,0,benign_high_entropy,BENIGN
BENIGN_HIGH_ENTROPY-0044,WIN-ARGUS-044,1,41,1,1,0,0,0,2.0,0,12,14,0,0,38,0.4,6.538463414634147,2.1963902439024388,36,0,0,0,2,2,2,2724,1028,2.5,0,0,0,3,0,benign_high_entropy,BENIGN
BENIGN_HIGH_ENTROPY-0044,WIN-ARGUS-044,2,28,1,1,0,0,0,2.0,0,9,7,0,0,26,0.3,6.575428571428572,2.070357142857143,24,0,0,0,1,1,1,2082,531,0.0,0,0,0,3,0,benign_high_entropy,BENIGN
BENIGN_HIGH_ENTROPY-0044,WIN-ARGUS-044,3,44,1,1,0,0,0,2.0,0,12,12,0,0,41,0.4,6.867568181818182,2.3039318181818182,39,0,0,0,2,2,2,3521,5516,8.0,0,0,0,3,0,benign_high_entropy,BENIGN
BENIGN_HIGH_ENTROPY-0044,WIN-ARGUS-044,4,44,1,1,0,0,0,2.0,0,13,14,0,0,41,0.43333333333333335,6.562977272727273,2.0342045454545454,35,0,0,0,2,2,2,7979,8517,6.5,0,0,0,3,0,benign_high_entropy,BENIGN
BENIGN_HIGH_ENTROPY-0044,WIN-ARGUS-044,5,42,1,1,0,0,0,2.0,0,12,11,0,0,39,0.4,6.396690476190476,1.849904761904762,34,0,0,0,2,2,2,5667,5450,2.5,0,0,0,3,0,benign_high_entropy,BENIGN
BENIGN_HIGH_ENTROPY-0045,WIN-ARGUS-045,0,35,1,1,0,0,0,2.0,0,7,18,0,0,33,0.23333333333333334,6.623771428571429,1.943085714285714,22,0,0,0,1,1,1,2336,1694,0.0,0,0,0,3,0,benign_high_entropy,BENIGN
BENIGN_HIGH_ENTROPY-0045,WIN-ARGUS-045,1,36,1,1,0,0,0,2.0,0,10,13,0,0,34,0.3333333333333333,6.637416666666667,2.0736944444444445,30,0,0,0,1,1,1,1885,4965,0.0,0,0,0,3,0,benign_high_entropy,BENIGN
BENIGN_HIGH_ENTROPY-0045,WIN-ARGUS-045,2,29,1,1,0,0,0,2.0,0,4,15,0,0,26,0.13333333333333333,6.482,2.0129655172413794,22,0,0,0,2,1,2,6632,5258,1.0,0,0,0,3,0,benign_high_entropy,BENIGN
BENIGN_HIGH_ENTROPY-0045,WIN-ARGUS-045,3,47,1,1,0,0,0,2.0,0,19,18,0,0,45,0.6333333333333333,6.900872340425532,2.030340425531915,41,0,0,0,1,1,1,3364,696,0.0,0,0,0,3,0,benign_high_entropy,BENIGN
BENIGN_HIGH_ENTROPY-0045,WIN-ARGUS-045,4,45,1,1,0,0,0,2.0,0,19,11,0,0,43,0.6333333333333333,7.008422222222222,2.251422222222222,37,0,0,0,1,1,1,3281,2041,0.0,0,0,0,3,0,benign_high_entropy,BENIGN
BENIGN_HIGH_ENTROPY-0045,WIN-ARGUS-045,5,38,1,1,0,0,0,2.0,0,13,11,0,0,35,0.43333333333333335,6.496394736842105,1.9686315789473685,28,0,0,0,2,2,2,6773,6092,13.5,0,0,0,3,0,benign_high_entropy,BENIGN
BENIGN_HIGH_ENTROPY-0046,WIN-ARGUS-046,0,45,1,1,0,0,0,2.0,0,16,13,0,0,41,0.5333333333333333,6.540422222222222,2.1248222222222224,36,0,0,0,3,2,2,9204,11754,7.333333333333333,0,0,0,3,0,benign_high_entropy,BENIGN
BENIGN_HIGH_ENTROPY-0046,WIN-ARGUS-046,1,38,1,1,0,0,0,2.0,0,10,14,0,0,36,0.3333333333333333,6.717631578947369,2.058394736842105,29,0,0,0,1,1,1,4025,998,0.0,0,0,0,3,0,benign_high_entropy,BENIGN
BENIGN_HIGH_ENTROPY-0046,WIN-ARGUS-046,2,46,1,1,0,0,0,2.0,0,14,17,0,0,44,0.4666666666666667,6.759478260869565,2.3129565217391304,41,0,0,0,1,1,1,2223,2734,0.0,0,0,0,3,0,benign_high_entropy,BENIGN
BENIGN_HIGH_ENTROPY-0046,WIN-ARGUS-046,3,39,1,1,0,0,0,2.0,0,16,7,0,0,37,0.5333333333333333,6.522205128205129,1.9737435897435898,31,0,0,0,1,1,1,2774,2847,0.0,0,0,0,3,0,benign_high_entropy,BENIGN
BENIGN_HIGH_ENTROPY-0046,WIN-ARGUS-046,4,37,1,1,0,0,0,2.0,0,14,10,0,0,33,0.4666666666666667,6.265864864864866,1.8694054054054057,26,0,0,0,3,2,1,8925,10868,2.6666666666666665,0,0,0,3,0,benign_high_entropy,BENIGN
BENIGN_HIGH_ENTROPY-0046,WIN-ARGUS-046,5,43,1,1,0,0,0,2.0,0,19,10,0,0,41,0.6333333333333333,6.990883720930233,2.2763953488372093,37,0,0,0,1,1,1,3139,4094,0.0,0,0,0,3,0,benign_high_entropy,BENIGN
BENIGN_HIGH_ENTROPY-0047,WIN-ARGUS-047,0,37,1,1,0,0,0,2.0,0,8,9,0,0,34,0.26666666666666666,6.440297297297297,2.2207027027027024,29,0,0,0,2,2,2,6499,5829,2.5,0,0,0,3,0,benign_high_entropy,BENIGN
BENIGN_HIGH_ENTROPY-0047,WIN-ARGUS-047,1,33,1,1,0,0,0,2.0,0,8,6,0,0,30,0.26666666666666666,6.738787878787878,2.3114242424242426,27,0,0,0,2,2,1,4596,7503,4.0,0,0,0,3,0,benign_high_entropy,BENIGN
BENIGN_HIGH_ENTROPY-0047,WIN-ARGUS-047,2,31,1,1,0,0,0,2.0,0,9,9,0,0,28,0.3,6.704709677419355,2.051032258064516,26,0,0,0,2,2,1,6486,3452,11.0,0,0,0,3,0,benign_high_entropy,BENIGN
BENIGN_HIGH_ENTROPY-0047,WIN-ARGUS-047,3,30,1,1,0,0,0,2.0,0,11,13,0,0,27,0.36666666666666664,6.625133333333333,2.2045000000000003,22,0,0,0,2,1,2,1446,6808,5.0,0,0,0,3,0,benign_high_entropy,BENIGN
BENIGN_HIGH_ENTROPY-0047,WIN-ARGUS-047,4,43,1,1,0,0,0,2.0,0,10,12,0,0,40,0.3333333333333333,6.8241860465116275,2.0124186046511627,33,0,0,0,2,2,2,8641,4662,1.5,0,0,0,3,0,benign_high_entropy,BENIGN
BENIGN_HIGH_ENTROPY-0047,WIN-ARGUS-047,5,33,1,1,0,0,0,2.0,0,14,10,0,0,30,0.4666666666666667,6.1998181818181815,1.827181818181818,24,0,0,0,2,2,2,5167,4638,3.5,0,0,0,3,0,benign_high_entropy,BENIGN
BENIGN_HIGH_ENTROPY-0048,WIN-ARGUS-048,0,39,1,1,0,0,0,2.0,0,9,18,0,0,36,0.3,6.766564102564103,2.160820512820513,29,0,0,0,2,2,2,9137,7345,7.0,0,0,0,3,0,benign_high_entropy,BENIGN
BENIGN_HIGH_ENTROPY-0048,WIN-ARGUS-048,1,31,1,1,0,0,0,2.0,0,12,9,0,0,28,0.4,6.340709677419356,1.8220967741935483,23,0,0,0,2,2,2,2551,3849,1.5,0,0,0,3,0,benign_high_entropy,BENIGN
BENIGN_HIGH_ENTROPY-0048,WIN-ARGUS-048,2,30,1,1,0,0,0,2.0,0,9,10,0,0,27,0.3,6.2548,1.9857666666666667,23,0,0,0,2,2,1,5091,7859,1.5,0,0,0,3,0,benign_high_entropy,BENIGN
BENIGN_HIGH_ENTROPY-0048,WIN-ARGUS-048,3,32,1,1,0,0,0,2.0,0,8,13,0,0,30,0.26666666666666666,6.5205625,2.02228125,26,0,0,0,1,1,1,450,1209,0.0,0,0,0,3,0,benign_high_entropy,BENIGN
BENIGN_HIGH_ENTROPY-0048,WIN-ARGUS-048,4,48,1,1,0,0,0,2.0,0,21,14,0,0,45,0.7,6.7443333333333335,2.1073958333333334,39,0,0,0,2,2,1,7948,4766,7.5,0,0,0,3,0,benign_high_entropy,BENIGN
BENIGN_HIGH_ENTROPY-0048,WIN-ARGUS-048,5,34,1,1,0,0,0,2.0,0,10,11,0,0,32,0.3333333333333333,6.57735294117647,1.9973235294117648,23,0,0,0,1,1,1,4591,4658,0.0,0,0,0,3,0,benign_high_entropy,BENIGN
BENIGN_HIGH_ENTROPY-0049,WIN-ARGUS-049,0,37,1,1,0,0,0,2.0,0,13,12,0,0,35,0.43333333333333335,6.770675675675675,2.170189189189189,28,0,0,0,1,1,1,3046,4031,0.0,0,0,0,3,0,benign_high_entropy,BENIGN
BENIGN_HIGH_ENTROPY-0049,WIN-ARGUS-049,1,44,1,1,0,0,0,2.0,0,8,22,0,0,42,0.26666666666666666,6.723681818181817,2.154659090909091,36,0,0,0,1,1,1,4532,1824,0.0,0,0,0,3,0,benign_high_entropy,BENIGN
BENIGN_HIGH_ENTROPY-0049,WIN-ARGUS-049,2,35,1,1,0,0,0,2.0,0,10,11,0,0,32,0.3333333333333333,6.568257142857143,2.140914285714286,27,0,0,0,2,1,2,3103,3718,0.0,0,0,0,3,0,benign_high_entropy,BENIGN
BENIGN_HIGH_ENTROPY-0049,WIN-ARGUS-049,3,34,1,1,0,0,0,2.0,0,8,13,0,0,31,0.26666666666666666,6.693676470588236,2.299764705882353,28,0,0,0,2,1,1,4553,6306,3.0,0,0,0,3,0,benign_high_entropy,BENIGN
BENIGN_HIGH_ENTROPY-0049,WIN-ARGUS-049,4,38,1,1,0,0,0,2.0,0,13,12,0,0,35,0.43333333333333335,6.450763157894737,2.057894736842105,29,0,0,0,2,2,2,3029,6763,0.5,0,0,0,3,0,benign_high_entropy,BENIGN
BENIGN_HIGH_ENTROPY-0049,WIN-ARGUS-049,5,30,1,1,0,0,0,2.0,0,14,6,0,0,28,0.4666666666666667,6.892233333333333,2.2518666666666665,27,0,0,0,1,1,1,501,2050,0.0,0,0,0,3,0,benign_high_entropy,BENIGN
BENIGN_HIGH_ENTROPY-0050,WIN-ARGUS-050,0,29,1,1,0,0,0,2.0,0,4,13,0,0,25,0.13333333333333333,5.826448275862069,1.728896551724138,21,0,0,0,3,2,2,9590,4184,8.333333333333334,0,0,0,3,0,benign_high_entropy,BENIGN
BENIGN_HIGH_ENTROPY-0050,WIN-ARGUS-050,1,37,1,1,0,0,0,2.0,0,8,16,0,0,35,0.26666666666666666,6.59245945945946,2.0884054054054055,32,0,0,0,1,1,1,216,3459,0.0,0,0,0,3,0,benign_high_entropy,BENIGN
BENIGN_HIGH_ENTROPY-0050,WIN-ARGUS-050,2,36,1,1,0,0,0,2.0,0,15,9,0,0,34,0.5,6.837194444444445,2.1668055555555554,28,0,0,0,1,1,1,1128,4236,0.0,0,0,0,3,0,benign_high_entropy,BENIGN
BENIGN_HIGH_ENTROPY-0050,WIN-ARGUS-050,3,47,1,1,0,0,0,2.0,0,13,17,0,0,43,0.43333333333333335,6.388702127659575,2.1019574468085107,33,0,0,0,3,2,2,5326,9369,1.0,0,0,0,3,0,benign_high_entropy,BENIGN
BENIGN_HIGH_ENTROPY-0050,WIN-ARGUS-050,4,33,1,1,0,0,0,2.0,0,10,13,0,0,30,0.3333333333333333,6.46169696969697,1.9824242424242424,25,0,0,0,2,1,2,3705,4887,2.0,0,0,0,3,0,benign_high_entropy,BENIGN
BENIGN_HIGH_ENTROPY-0050,WIN-ARGUS-050,5,27,1,1,0,0,0,2.0,0,5,14,0,0,25,0.16666666666666666,6.7688148148148155,2.1556296296296296,20,0,0,0,1,1,1,775,2463,0.0,0,0,0,3,0,benign_high_entropy,BENIGN
BENIGN_HIGH_ENTROPY-0051,WIN-ARGUS-051,0,29,1,1,0,0,0,2.0,0,6,11,0,0,25,0.2,6.357896551724138,2.1834137931034485,23,0,0,0,3,3,3,11026,8967,8.666666666666666,0,0,0,3,0,benign_high_entropy,BENIGN
BENIGN_HIGH_ENTROPY-0051,WIN-ARGUS-051,1,42,1,1,0,0,0,2.0,0,10,13,0,0,38,0.3333333333333333,6.204666666666666,1.8332380952380951,30,0,0,0,3,3,2,4988,10879,6.0,0,0,0,3,0,benign_high_entropy,BENIGN
BENIGN_HIGH_ENTROPY-0051,WIN-ARGUS-051,2,49,1,1,0,0,0,2.0,0,13,20,0,0,45,0.43333333333333335,6.564285714285714,2.1039387755102044,42,0,0,0,3,1,1,6092,7907,7.333333333333333,0,0,0,3,0,benign_high_entropy,BENIGN
BENIGN_HIGH_ENTROPY-0051,WIN-ARGUS-051,3,46,1,1,0,0,0,2.0,0,12,15,0,0,43,0.4,6.688326086956522,2.2731304347826087,39,0,0,0,2,1,2,8816,5735,7.5,0,0,0,3,0,benign_high_entropy,BENIGN
BENIGN_HIGH_ENTROPY-0051,WIN-ARGUS-051,4,29,1,1,0,0,0,2.0,0,6,13,0,0,26,0.2,5.614000000000001,1.651310344827586,19,0,0,0,2,2,1,5481,4114,4.0,0,0,0,3,0,benign_high_entropy,BENIGN
BENIGN_HIGH_ENTROPY-0051,WIN-ARGUS-051,5,28,1,1,0,0,0,2.0,0,8,8,0,0,25,0.26666666666666666,5.980071428571429,1.906107142857143,22,0,0,0,2,1,2,8516,7611,1.5,0,0,0,3,0,benign_high_entropy,BENIGN
BENIGN_HIGH_ENTROPY-0052,WIN-ARGUS-052,0,40,1,1,0,0,0,2.0,0,16,8,0,0,38,0.5333333333333333,6.6217749999999995,2.251725,32,0,0,0,1,1,1,519,707,0.0,0,0,0,3,0,benign_high_entropy,BENIGN
BENIGN_HIGH_ENTROPY-0052,WIN-ARGUS-052,1,43,1,1,0,0,0,2.0,0,13,12,0,0,40,0.43333333333333335,6.389418604651163,1.9354186046511628,34,0,0,0,2,2,2,3481,9129,13.5,0,0,0,3,0,benign_high_entropy,BENIGN
BENIGN_HIGH_ENTROPY-0052,WIN-ARGUS-052,2,33,1,1,0,0,0,2.0,0,4,11,0,0,31,0.13333333333333333,6.621181818181818,2.0995454545454546,25,0,0,0,1,1,1,4399,1395,0.0,0,0,0,3,0,benign_high_entropy,BENIGN
BENIGN_HIGH_ENTROPY-0052,WIN-ARGUS-052,3,36,1,1,0,0,0,2.0,0,15,9,0,0,34,0.5,6.617194444444444,2.135638888888889,28,0,0,0,1,1,1,4533,2347,0.0,0,0,0,3,0,benign_high_entropy,BENIGN
BENIGN_HIGH_ENTROPY-0052,WIN-ARGUS-052,4,37,1,1,0,0,0,2.0,0,13,11,0,0,35,0.43333333333333335,6.8002702702702695,2.104216216216216,29,0,0,0,1,1,1,4156,3256,0.0,0,0,0,3,0,benign_high_entropy,BENIGN
BENIGN_HIGH_ENTROPY-0052,WIN-ARGUS-052,5,42,1,1,0,0,0,2.0,0,19,8,0,0,38,0.6333333333333333,6.235738095238095,1.8389761904761903,30,0,0,0,3,2,2,9128,10994,1.3333333333333333,0,0,0,3,0,benign_high_entropy,BENIGN
BENIGN_HIGH_ENTROPY-0053,WIN-ARGUS-053,0,41,1,1,0,0,0,2.0,0,12,17,0,0,39,0.4,6.930170731707317,2.2750975609756097,33,0,0,0,1,1,1,4777,2530,0.0,0,0,0,3,0,benign_high_entropy,BENIGN
BENIGN_HIGH_ENTROPY-0053,WIN-ARGUS-053,1,34,1,1,0,0,0,2.0,0,9,8,0,0,30,0.3,6.140735294117647,2.011764705882353,25,0,0,0,3,2,2,10888,5404,8.666666666666666,0,0,0,3,0,benign_high_entropy,BENIGN
BENIGN_HIGH_ENTROPY-0053,WIN-ARGUS-053,2,31,1,1,0,0,0,2.0,0,10,13,0,0,28,0.3333333333333333,6.313516129032258,1.8424516129032258,24,0,0,0,2,2,2,1750,6021,8.0,0,0,0,3,0,benign_high_entropy,BENIGN
BENIGN_HIGH_ENTROPY-0053,WIN-ARGUS-053,3,36,1,1,0,0,0,2.0,0,6,13,0,0,32,0.2,6.289333333333333,1.913138888888889,29,0,0,0,3,2,2,7695,8951,0.6666666666666666,0,0,0,3,0,benign_high_entropy,BENIGN
BENIGN_HIGH_ENTROPY-0053,WIN-ARGUS-053,4,38,1,1,0,0,0,2.0,0,10,11,0,0,34,0.3333333333333333,6.581631578947369,2.3291315789473686,30,0,0,0,3,2,2,4048,8706,5.0,0,0,0,3,0,benign_high_entropy,BENIGN
BENIGN_HIGH_ENTROPY-0053,WIN-ARGUS-053,5,43,1,1,0,0,0,2.0,0,14,10,0,0,40,0.4666666666666667,6.493186046511628,2.1043023255813953,35,0,0,0,2,2,2,3557,8009,4.5,0,0,0,3,0,benign_high_entropy,BENIGN
BENIGN_HIGH_ENTROPY-0054,WIN-ARGUS-054,0,44,1,1,0,0,0,2.0,0,17,9,0,0,41,0.5666666666666667,6.512272727272728,2.096477272727273,37,0,0,0,2,2,2,5158,4851,2.5,0,0,0,3,0,benign_high_entropy,BENIGN
BENIGN_HIGH_ENTROPY-0054,WIN-ARGUS-054,1,36,1,1,0,0,0,2.0,0,14,9,0,0,32,0.4666666666666667,6.449666666666666,2.0987500000000003,31,0,0,0,3,2,2,4583,9646,1.3333333333333333,0,0,0,3,0,benign_high_entropy,BENIGN
BENIGN_HIGH_ENTROPY-0054,WIN-ARGUS-054,2,39,1,1,0,0,0,2.0,0,12,10,0,0,36,0.4,6.517538461538462,2.079846153846154,30,0,0,0,2,2,2,7392,6354,1.0,0,0,0,3,0,benign_high_entropy,BENIGN
BENIGN_HIGH_ENTROPY-0054,WIN-ARGUS-054,3,47,1,1,0,0,0,2.0,0,20,12,0,0,45,0.6666666666666666,6.541872340425532,2.0312340425531916,39,0,0,0,1,1,1,3984,2498,0.0,0,0,0,3,0,benign_high_entropy,BENIGN
BENIGN_HIGH_ENTROPY-0054,WIN-ARGUS-054,4,47,1,1,0,0,0,2.0,0,16,8,0,0,44,0.5333333333333333,6.431723404255319,2.0171276595744683,36,0,0,0,2,2,2,6027,4900,8.0,0,0,0,3,0,benign_high_entropy,BENIGN
BENIGN_HIGH_ENTROPY-0054,WIN-ARGUS-054,5,42,1,1,0,0,0,2.0,0,14,12,0,0,38,0.4666666666666667,6.275595238095238,1.871904761904762,31,0,0,0,3,2,2,5397,7542,6.333333333333333,0,0,0,3,0,benign_high_entropy,BENIGN
BENIGN_HIGH_ENTROPY-0055,WIN-ARGUS-055,0,40,1,1,0,0,0,2.0,0,12,11,0,0,38,0.4,6.646075000000001,2.1152,36,0,0,0,1,1,1,1425,1045,0.0,0,0,0,3,0,benign_high_entropy,BENIGN
BENIGN_HIGH_ENTROPY-0055,WIN-ARGUS-055,1,37,1,1,0,0,0,2.0,0,9,14,0,0,34,0.3,6.254162162162162,1.977675675675676,29,0,0,0,2,2,2,2444,6171,0.5,0,0,0,3,0,benign_high_entropy,BENIGN
BENIGN_HIGH_ENTROPY-0055,WIN-ARGUS-055,2,46,1,1,0,0,0,2.0,0,15,12,0,0,44,0.5,6.651543478260869,2.1341739130434783,39,0,0,0,1,1,1,624,2555,0.0,0,0,0,3,0,benign_high_entropy,BENIGN
BENIGN_HIGH_ENTROPY-0055,WIN-ARGUS-055,3,38,1,1,0,0,0,2.0,0,15,9,0,0,34,0.5,6.361052631578947,1.9447368421052633,31,0,0,0,3,2,3,5989,6241,1.0,0,0,0,3,0,benign_high_entropy,BENIGN
BENIGN_HIGH_ENTROPY-0055,WIN-ARGUS-055,4,42,1,1,0,0,0,2.0,0,13,8,0,0,39,0.43333333333333335,6.725904761904762,2.0867142857142857,31,0,0,0,2,2,2,7257,4704,1.5,0,0,0,3,0,benign_high_entropy,BENIGN
BENIGN_HIGH_ENTROPY-0055,WIN-ARGUS-055,5,29,1,1,0,0,0,2.0,0,11,8,0,0,26,0.36666666666666664,6.360068965517241,1.931896551724138,23,0,0,0,2,1,2,8309,4650,1.5,0,0,0,3,0,benign_high_entropy,BENIGN
BENIGN_HIGH_ENTROPY-0056,WIN-ARGUS-056,0,42,1,1,0,0,0,2.0,0,13,12,0,0,39,0.43333333333333335,6.346785714285714,1.8411428571428572,29,0,0,0,2,1,2,1380,4059,2.5,0,0,0,3,0,benign_high_entropy,BENIGN
BENIGN_HIGH_ENTROPY-0056,WIN-ARGUS-056,1,30,1,1,0,0,0,2.0,0,9,9,0,0,27,0.3,6.233033333333334,1.9188333333333332,21,0,0,0,2,1,2,5925,7964,12.5,0,0,0,3,0,benign_high_entropy,BENIGN
BENIGN_HIGH_ENTROPY-0056,WIN-ARGUS-056,2,43,1,1,0,0,0,2.0,0,12,12,0,0,40,0.4,6.549046511627907,2.0524651162790697,36,0,0,0,2,2,1,6529,5529,11.5,0,0,0,3,0,benign_high_entropy,BENIGN
BENIGN_HIGH_ENTROPY-0056,WIN-ARGUS-056,3,39,1,1,0,0,0,2.0,0,12,11,0,0,37,0.4,6.747205128205128,2.232974358974359,30,0,0,0,1,1,1,1456,3605,0.0,0,0,0,3,0,benign_high_entropy,BENIGN
BENIGN_HIGH_ENTROPY-0056,WIN-ARGUS-056,4,46,1,1,0,0,0,2.0,0,18,12,0,0,42,0.6,6.342021739130435,1.9709782608695654,35,0,0,0,3,2,2,5408,7298,7.333333333333333,0,0,0,3,0,benign_high_entropy,BENIGN
BENIGN_HIGH_ENTROPY-0056,WIN-ARGUS-056,5,36,1,1,0,0,0,2.0,0,7,12,0,0,33,0.23333333333333334,6.6507499999999995,2.087,30,0,0,0,2,2,2,7215,1570,3.5,0,0,0,3,0,benign_high_entropy,BENIGN
BENIGN_HIGH_ENTROPY-0057,WIN-ARGUS-057,0,37,1,1,0,0,0,2.0,0,9,12,0,0,33,0.3,6.448756756756757,2.0617027027027026,30,0,0,0,3,2,1,9195,3043,6.666666666666667,0,0,0,3,0,benign_high_entropy,BENIGN
BENIGN_HIGH_ENTROPY-0057,WIN-ARGUS-057,1,39,1,1,0,0,0,2.0,0,13,11,0,0,35,0.43333333333333335,6.310641025641026,2.052179487179487,28,0,0,0,3,3,2,5511,8241,4.333333333333333,0,0,0,3,0,benign_high_entropy,BENIGN
BENIGN_HIGH_ENTROPY-0057,WIN-ARGUS-057,2,39,1,1,0,0,0,2.0,0,10,15,0,0,37,0.3333333333333333,7.0515384615384615,2.217025641025641,37,0,0,0,1,1,1,4402,4632,0.0,0,0,0,3,0,benign_high_entropy,BENIGN
BENIGN_HIGH_ENTROPY-0057,WIN-ARGUS-057,3,44,1,1,0,0,0,2.0,0,10,15,0,0,42,0.3333333333333333,6.948795454545455,2.3579772727272728,39,0,0,0,1,1,1,3256,1117,0.0,0,0,0,3,0,benign_high_entropy,BENIGN
BENIGN_HIGH_ENTROPY-0057,WIN-ARGUS-057,4,32,1,1,0,0,0,2.0,0,3,11,0,0,28,0.1,6.514125,2.11209375,25,0,0,0,3,3,2,5849,4699,5.0,0,0,0,3,0,benign_high_entropy,BENIGN
BENIGN_HIGH_ENTROPY-0057,WIN-ARGUS-057,5,43,1,1,0,0,0,2.0,0,12,15,0,0,39,0.4,6.481790697674418,2.196139534883721,33,0,0,0,3,2,2,4741,1618,7.333333333333333,0,0,0,3,0,benign_high_entropy,BENIGN
BENIGN_HIGH_ENTROPY-0058,WIN-ARGUS-058,0,44,1,1,0,0,0,2.0,0,14,11,0,0,41,0.4666666666666667,6.818772727272727,2.142386363636364,36,0,0,0,2,2,2,5100,6245,5.0,0,0,0,3,0,benign_high_entropy,BENIGN
BENIGN_HIGH_ENTROPY-0058,WIN-ARGUS-058,1,41,1,1,0,0,0,2.0,0,20,8,0,0,38,0.6666666666666666,6.214463414634147,1.8956097560975609,30,0,0,0,2,2,2,3383,4175,6.0,0,0,0,3,0,benign_high_entropy,BENIGN
BENIGN_HIGH_ENTROPY-0058,WIN-ARGUS-058,2,48,1,1,0,0,0,2.0,0,10,20,0,0,45,0.3333333333333333,6.736895833333333,2.0803333333333334,38,0,0,0,2,1,1,6567,7476,4.0,0,0,0,3,0,benign_high_entropy,BENIGN
BENIGN_HIGH_ENTROPY-0058,WIN-ARGUS-058,3,33,1,1,0,0,0,2.0,0,8,12,0,0,30,0.26666666666666666,6.433969696969697,2.0978181818181816,26,0,0,0,2,1,1,7253,4789,3.0,0,0,0,3,0,benign_high_entropy,BENIGN
BENIGN_HIGH_ENTROPY-0058,WIN-ARGUS-058,4,40,1,1,0,0,0,2.0,0,14,11,0,0,37,0.4666666666666667,6.216625,1.82445,30,0,0,0,2,2,1,6576,1612,0.5,0,0,0,3,0,benign_high_entropy,BENIGN
BENIGN_HIGH_ENTROPY-0058,WIN-ARGUS-058,5,41,1,1,0,0,0,2.0,0,10,11,0,0,38,0.3333333333333333,6.50670731707317,1.9005121951219515,32,0,0,0,2,2,2,7238,2828,2.0,0,0,0,3,0,benign_high_entropy,BENIGN
BENIGN_HIGH_ENTROPY-0059,WIN-ARGUS-059,0,45,1,1,0,0,0,2.0,0,11,10,0,0,41,0.36666666666666664,6.307066666666667,1.9378444444444445,34,0,0,0,3,2,2,5562,7074,5.666666666666667,0,0,0,3,0,benign_high_entropy,BENIGN
BENIGN_HIGH_ENTROPY-0059,WIN-ARGUS-059,1,45,1,1,0,0,0,2.0,0,14,16,0,0,42,0.4666666666666667,6.666244444444445,2.092488888888889,37,0,0,0,2,2,2,4660,9201,3.5,0,0,0,3,0,benign_high_entropy,BENIGN
BENIGN_HIGH_ENTROPY-0059,WIN-ARGUS-059,2,36,1,1,0,0,0,2.0,0,11,15,0,0,32,0.36666666666666664,6.2900277777777776,1.8633611111111112,27,0,0,0,3,3,1,5078,6026,8.0,0,0,0,3,0,benign_high_entropy,BENIGN
BENIGN_HIGH_ENTROPY-0059,WIN-ARGUS-059,3,34,1,1,0,0,0,2.0,0,14,9,0,0,31,0.4666666666666667,6.326470588235294,2.0854117647058823,26,0,0,0,2,2,1,4497,2533,4.0,0,0,0,3,0,benign_high_entropy,BENIGN
BENIGN_HIGH_ENTROPY-0059,WIN-ARGUS-059,4,30,1,1,0,0,0,2.0,0,6,12,0,0,26,0.2,6.0534,1.8926,20,0,0,0,3,3,2,10359,4483,8.666666666666666,0,0,0,3,0,benign_high_entropy,BENIGN
BENIGN_HIGH_ENTROPY-0059,WIN-ARGUS-059,5,31,1,1,0,0,0,2.0,0,12,5,0,0,29,0.4,6.807387096774193,2.3078387096774198,27,0,0,0,1,1,1,4592,2331,0.0,0,0,0,3,0,benign_high_entropy,BENIGN
BENIGN_HIGH_ENTROPY-0060,WIN-ARGUS-060,0,48,1,1,0,0,0,2.0,0,15,16,0,0,45,0.5,6.89875,2.3032291666666667,38,0,0,0,2,1,1,6861,4115,0.5,0,0,0,3,0,benign_high_entropy,BENIGN
BENIGN_HIGH_ENTROPY-0060,WIN-ARGUS-060,1,45,1,1,0,0,0,2.0,0,13,14,0,0,41,0.43333333333333335,6.2487111111111115,1.8159555555555555,35,0,0,0,3,3,1,11577,7353,0.6666666666666666,0,0,0,3,0,benign_high_entropy,BENIGN
BENIGN_HIGH_ENTROPY-0060,WIN-ARGUS-060,2,36,1,1,0,0,0,2.0,0,8,12,0,0,32,0.26666666666666666,6.4389722222222225,2.2743055555555554,31,0,0,0,3,2,3,4770,6749,3.3333333333333335,0,0,0,3,0,benign_high_entropy,BENIGN
BENIGN_HIGH_ENTROPY-0060,WIN-ARGUS-060,3,30,1,1,0,0,0,2.0,0,7,7,0,0,27,0.23333333333333334,6.442866666666666,2.0926666666666667,25,0,0,0,2,1,1,5465,3888,5.5,0,0,0,3,0,benign_high_entropy,BENIGN
BENIGN_HIGH_ENTROPY-0060,WIN-ARGUS-060,4,35,1,1,0,0,0,2.0,0,10,7,0,0,33,0.3333333333333333,6.767314285714286,2.0247142857142855,24,0,0,0,1,1,1,2451,949,0.0,0,0,0,3,0,benign_high_entropy,BENIGN
BENIGN_HIGH_ENTROPY-0060,WIN-ARGUS-060,5,48,1,1,0,0,0,2.0,0,14,17,0,0,44,0.4666666666666667,6.4666875,1.8922916666666667,37,0,0,0,3,2,3,5979,7985,3.3333333333333335,0,0,0,3,0,benign_high_entropy,BENIGN
BENIGN_NORMAL-0001,WIN-ARGUS-001,0,12,2,2,0,0,0,2.0,0,1,3,0,0,4,0.03333333333333333,1.67725,0.021,0,0,0,0,5,3,3,13371,12313,4.2,1,0,1,4,0,benign_normal,BENIGN
BENIGN_NORMAL-0001,WIN-ARGUS-001,1,10,3,4,0,0,0,2.0,1,1,2,0,0,4,0.03333333333333333,2.1053,0.029099999999999997,0,0,0,0,3,3,3,5446,7473,3.0,0,0,0,3,0,benign_normal,BENIGN
BENIGN_NORMAL-0001,WIN-ARGUS-001,2,12,2,3,0,0,0,2.0,2,5,0,0,0,7,0.16666666666666666,2.8966666666666665,0.043000000000000003,0,0,0,0,3,2,2,10226,7613,8.666666666666666,0,0,0,3,0,benign_normal,BENIGN
BENIGN_NORMAL-0001,WIN-ARGUS-001,3,11,2,2,0,0,0,2.0,3,1,0,0,0,4,0.03333333333333333,1.6525454545454545,0.01927272727272727,0,0,0,0,5,2,3,12984,8529,4.6,0,0,0,3,0,benign_normal,BENIGN
BENIGN_NORMAL-0001,WIN-ARGUS-001,4,13,3,3,0,0,0,2.0,2,2,4,0,0,8,0.06666666666666667,2.9436923076923076,0.024307692307692308,0,0,0,0,2,2,1,4481,4098,9.5,0,0,0,3,0,benign_normal,BENIGN
BENIGN_NORMAL-0001,WIN-ARGUS-001,5,14,4,4,0,0,0,2.0,1,5,0,0,0,6,0.16666666666666666,2.214857142857143,0.030428571428571433,0,0,0,0,4,3,1,10182,8039,5.5,0,0,0,3,0,benign_normal,BENIGN
BENIGN_NORMAL-0002,WIN-ARGUS-002,0,13,4,4,0,0,0,2.0,2,0,2,0,0,4,0.0,1.538,0.02153846153846154,0,0,0,0,4,2,2,14894,8654,2.5,1,0,1,4,0,benign_normal,BENIGN
BENIGN_NORMAL-0002,WIN-ARGUS-002,1,14,4,4,0,0,0,2.0,1,3,1,0,0,5,0.1,1.7469999999999999,0.032214285714285716,0,0,0,0,5,3,1,15265,11344,4.8,0,0,0,3,0,benign_normal,BENIGN
BENIGN_NORMAL-0002,WIN-ARGUS-002,2,14,3,4,0,0,0,2.0,2,5,1,0,0,8,0.16666666666666666,2.8138571428571426,0.05107142857142858,0,0,0,0,3,2,2,9963,3072,5.0,0,0,0,3,0,benign_normal,BENIGN
BENIGN_NORMAL-0002,WIN-ARGUS-002,3,12,4,4,0,0,0,2.0,2,2,2,0,0,6,0.06666666666666667,2.3664166666666664,0.0385,0,0,0,0,2,1,2,7629,8222,0.5,0,0,0,3,0,benign_normal,BENIGN
BENIGN_NORMAL-0002,WIN-ARGUS-002,4,10,2,2,0,0,0,2.0,2,1,3,0,0,6,0.03333333333333333,2.8576,0.0482,0,0,0,0,2,1,1,4942,3526,6.5,0,0,0,3,0,benign_normal,BENIGN
BENIGN_NORMAL-0002,WIN-ARGUS-002,5,9,3,3,0,0,0,2.0,1,1,2,0,0,4,0.03333333333333333,2.0967777777777776,0.04011111111111111,0,0,0,0,2,2,1,6565,6304,6.0,0,0,0,3,0,benign_normal,BENIGN
BENIGN_NORMAL-0003,WIN-ARGUS-003,0,15,4,4,0,0,0,2.0,3,1,1,0,0,5,0.03333333333333333,1.9036,0.03493333333333334,0,0,0,0,5,3,3,10523,18144,3.8,1,0,1,4,0,benign_normal,BENIGN
BENIGN_NORMAL-0003,WIN-ARGUS-003,1,12,3,3,0,0,0,2.0,2,1,1,0,0,4,0.03333333333333333,1.9943333333333333,0.026166666666666668,0,0,0,0,5,2,3,13564,15621,4.0,0,0,0,3,0,benign_normal,BENIGN
BENIGN_NORMAL-0003,WIN-ARGUS-003,2,13,3,4,0,0,0,2.0,1,4,0,0,0,5,0.13333333333333333,2.2243076923076925,0.034923076923076925,0,0,0,0,5,3,3,12055,12476,4.0,0,0,0,3,0,benign_normal,BENIGN
BENIGN_NORMAL-0003,WIN-ARGUS-003,3,12,2,3,0,0,0,2.0,1,1,3,0,0,5,0.03333333333333333,2.0713333333333335,0.034749999999999996,0,0,0,0,5,3,3,9013,11507,5.4,0,0,0,3,0,benign_normal,BENIGN
BENIGN_NORMAL-0003,WIN-ARGUS-003,4,14,3,3,0,0,0,2.0,2,3,3,0,0,8,0.1,2.8009999999999997,0.043,0,0,0,0,3,2,2,9396,11735,6.666666666666667,0,0,0,3,0,benign_normal,BENIGN
BENIGN_NORMAL-0003,WIN-ARGUS-003,5,13,3,3,0,0,0,2.0,4,1,2,0,0,7,0.03333333333333333,2.6934615384615386,0.05123076923076923,0,0,0,0,3,2,3,12427,6662,2.0,0,0,0,3,0,benign_normal,BENIGN
BENIGN_NORMAL-0004,WIN-ARGUS-004,0,14,3,3,0,0,0,2.0,2,2,2,0,0,6,0.06666666666666667,2.185642857142857,0.038571428571428576,0,0,0,0,4,2,3,14213,10360,3.25,1,0,1,4,0,benign_normal,BENIGN
BENIGN_NORMAL-0004,WIN-ARGUS-004,1,14,4,4,0,0,0,2.0,1,1,3,0,0,5,0.03333333333333333,1.7,0.0315,0,0,0,0,5,3,2,15306,14982,4.2,0,0,0,3,0,benign_normal,BENIGN
BENIGN_NORMAL-0004,WIN-ARGUS-004,2,15,4,4,0,0,0,2.0,3,2,2,0,0,7,0.06666666666666667,2.2778,0.0422,0,0,0,0,4,3,2,11545,10213,6.5,0,0,0,3,0,benign_normal,BENIGN
BENIGN_NORMAL-0004,WIN-ARGUS-004,3,8,2,3,0,0,0,2.0,1,1,2,0,0,4,0.03333333333333333,2.692375,0.029875,0,0,0,0,2,1,1,4797,5257,1.0,0,0,0,3,0,benign_normal,BENIGN
BENIGN_NORMAL-0004,WIN-ARGUS-004,4,15,4,4,0,0,0,2.0,3,2,1,0,0,6,0.06666666666666667,2.0105999999999997,0.03586666666666667,0,0,0,0,5,3,3,14941,10377,3.8,0,0,0,3,0,benign_normal,BENIGN
BENIGN_NORMAL-0004,WIN-ARGUS-004,5,11,3,3,0,0,0,2.0,2,1,1,0,0,4,0.03333333333333333,2.065,0.015454545454545455,0,0,0,0,4,2,2,11468,9600,1.25,0,0,0,3,0,benign_normal,BENIGN
BENIGN_NORMAL-0005,WIN-ARGUS-005,0,10,2,3,0,0,0,2.0,0,1,4,0,0,5,0.03333333333333333,2.4573,0.0253,0,0,0,0,2,2,1,5388,4391,10.5,1,0,1,4,0,benign_normal,BENIGN
BENIGN_NORMAL-0005,WIN-ARGUS-005,1,12,3,3,0,0,0,2.0,1,1,2,0,0,4,0.03333333333333333,1.5811666666666666,0.024250000000000004,0,0,0,0,5,3,3,13121,9893,3.2,0,0,0,3,0,benign_normal,BENIGN
BENIGN_NORMAL-0005,WIN-ARGUS-005,2,13,2,3,0,0,0,2.0,3,1,4,0,0,8,0.03333333333333333,3.1943846153846156,0.051000000000000004,0,0,0,0,3,2,2,8281,9485,3.0,0,0,0,3,0,benign_normal,BENIGN
BENIGN_NORMAL-0005,WIN-ARGUS-005,3,8,2,2,0,0,0,2.0,1,2,1,0,0,4,0.06666666666666667,2.4231249999999998,0.031875,0,0,0,0,2,1,2,6205,9355,3.5,0,0,0,3,0,benign_normal,BENIGN
BENIGN_NORMAL-0005,WIN-ARGUS-005,4,13,4,4,0,0,0,2.0,2,2,3,0,0,7,0.06666666666666667,2.310076923076923,0.035153846153846154,0,0,0,0,2,1,1,5847,3615,1.5,0,0,0,3,0,benign_normal,BENIGN
BENIGN_NORMAL-0005,WIN-ARGUS-005,5,15,4,4,0,0,0,2.0,3,2,3,0,0,8,0.06666666666666667,2.6721333333333335,0.04726666666666667,0,0,0,0,3,2,2,6054,3256,4.333333333333333,0,0,0,3,0,benign_normal,BENIGN
BENIGN_NORMAL-0006,WIN-ARGUS-006,0,13,2,3,0,0,0,2.0,3,0,2,0,0,5,0.0,1.9910769230769232,0.02323076923076923,0,0,0,0,5,3,3,17848,7257,4.0,1,0,1,4,0,benign_normal,BENIGN
BENIGN_NORMAL-0006,WIN-ARGUS-006,1,16,4,4,0,0,0,2.0,2,5,1,0,0,8,0.16666666666666666,2.523375,0.036875,0,0,0,0,4,3,3,11036,11513,3.25,0,0,0,3,0,benign_normal,BENIGN
BENIGN_NORMAL-0006,WIN-ARGUS-006,2,11,2,2,0,0,0,2.0,3,0,4,0,0,7,0.0,3.0716363636363635,0.04854545454545455,0,0,0,0,2,1,2,3273,7982,0.0,0,0,0,3,0,benign_normal,BENIGN
BENIGN_NORMAL-0006,WIN-ARGUS-006,3,13,2,3,0,0,0,2.0,4,1,2,0,0,7,0.03333333333333333,2.7139999999999995,0.05061538461538462,0,0,0,0,4,3,3,11897,12224,5.75,0,0,0,3,0,benign_normal,BENIGN
BENIGN_NORMAL-0006,WIN-ARGUS-006,4,11,3,3,0,0,0,2.0,0,2,3,0,0,5,0.06666666666666667,2.4535454545454543,0.038363636363636364,0,0,0,0,3,2,2,6640,6649,5.0,0,0,0,3,0,benign_normal,BENIGN
BENIGN_NORMAL-0006,WIN-ARGUS-006,5,13,4,4,0,0,0,2.0,2,3,1,0,0,6,0.1,2.2146923076923075,0.04492307692307693,0,0,0,0,3,1,2,10984,4888,6.333333333333333,0,0,0,3,0,benign_normal,BENIGN
BENIGN_NORMAL-0007,WIN-ARGUS-007,0,12,4,4,0,0,0,2.0,1,3,1,0,0,5,0.1,2.0436666666666667,0.030666666666666665,0,0,0,0,2,1,2,8743,7036,3.0,1,0,1,4,0,benign_normal,BENIGN
BENIGN_NORMAL-0007,WIN-ARGUS-007,1,12,2,3,0,0,0,2.0,1,2,2,0,0,5,0.06666666666666667,2.1454166666666663,0.027333333333333334,0,0,0,0,5,3,3,9952,11730,2.4,0,0,0,3,0,benign_normal,BENIGN
BENIGN_NORMAL-0007,WIN-ARGUS-007,2,13,2,2,0,0,0,2.0,4,2,2,0,0,8,0.06666666666666667,2.8533076923076925,0.036307692307692305,0,0,0,0,3,2,2,6780,9329,6.0,0,0,0,3,0,benign_normal,BENIGN
BENIGN_NORMAL-0007,WIN-ARGUS-007,3,12,3,3,0,0,0,2.0,0,2,3,0,0,5,0.06666666666666667,1.7894166666666667,0.03841666666666666,0,0,0,0,4,3,2,14128,10449,2.5,0,0,0,3,0,benign_normal,BENIGN
BENIGN_NORMAL-0007,WIN-ARGUS-007,4,12,2,3,0,0,0,2.0,2,2,2,0,0,6,0.06666666666666667,2.2205833333333334,0.042666666666666665,0,0,0,0,4,2,2,6294,14222,4.25,0,0,0,3,0,benign_normal,BENIGN
BENIGN_NORMAL-0007,WIN-ARGUS-007,5,10,3,4,0,0,0,2.0,2,1,2,0,0,5,0.03333333333333333,2.3563,0.0267,0,0,0,0,2,2,1,7020,9115,4.0,0,0,0,3,0,benign_normal,BENIGN
BENIGN_NORMAL-0008,WIN-ARGUS-008,0,12,3,3,0,0,0,2.0,1,3,0,0,0,4,0.1,1.54925,0.03183333333333333,0,0,0,0,4,3,3,11797,13750,5.75,1,0,1,4,0,benign_normal,BENIGN
BENIGN_NORMAL-0008,WIN-ARGUS-008,1,12,3,4,0,0,0,2.0,2,1,1,0,0,4,0.03333333333333333,1.6428333333333331,0.043500000000000004,0,0,0,0,5,3,2,8313,10711,4.0,0,0,0,3,0,benign_normal,BENIGN
BENIGN_NORMAL-0008,WIN-ARGUS-008,2,9,2,3,0,0,0,2.0,1,1,2,0,0,4,0.03333333333333333,2.1854444444444443,0.04566666666666667,0,0,0,0,3,2,2,7792,4579,5.0,0,0,0,3,0,benign_normal,BENIGN
BENIGN_NORMAL-0008,WIN-ARGUS-008,3,12,4,4,0,0,0,2.0,3,0,1,0,0,4,0.0,1.7135833333333335,0.019333333333333334,0,0,0,0,4,3,2,7724,9780,4.5,0,0,0,3,0,benign_normal,BENIGN
BENIGN_NORMAL-0008,WIN-ARGUS-008,4,13,3,3,0,0,0,2.0,2,2,4,0,0,8,0.06666666666666667,2.774538461538462,0.044461538461538455,0,0,0,0,2,2,2,4115,2233,5.5,0,0,0,3,0,benign_normal,BENIGN
BENIGN_NORMAL-0008,WIN-ARGUS-008,5,15,3,3,0,0,0,2.0,3,3,2,0,0,8,0.1,2.7363333333333335,0.055266666666666665,0,0,0,0,4,3,2,11846,8857,2.25,0,0,0,3,0,benign_normal,BENIGN
BENIGN_NORMAL-0009,WIN-ARGUS-009,0,13,4,4,0,0,0,2.0,1,2,3,0,0,6,0.06666666666666667,2.2216153846153848,0.02523076923076923,0,0,0,0,2,1,2,4516,2241,3.5,1,0,1,4,0,benign_normal,BENIGN
BENIGN_NORMAL-0009,WIN-ARGUS-009,1,14,4,4,0,0,0,2.0,2,2,1,0,0,5,0.06666666666666667,1.7467857142857142,0.026785714285714284,0,0,0,0,5,3,2,15568,16905,2.2,0,0,0,3,0,benign_normal,BENIGN
BENIGN_NORMAL-0009,WIN-ARGUS-009,2,11,3,3,0,0,0,2.0,1,3,2,0,0,6,0.1,2.7935454545454546,0.07018181818181818,0,0,0,0,2,2,2,2846,6781,1.0,0,0,0,3,0,benign_normal,BENIGN
BENIGN_NORMAL-0009,WIN-ARGUS-009,3,14,3,3,0,0,0,2.0,2,3,1,0,0,6,0.1,2.069642857142857,0.029500000000000002,0,0,0,0,5,3,3,10501,8637,3.4,0,0,0,3,0,benign_normal,BENIGN
BENIGN_NORMAL-0009,WIN-ARGUS-009,4,13,2,2,0,0,0,2.0,4,1,3,0,0,8,0.03333333333333333,2.815153846153846,0.047,0,0,0,0,3,2,2,5991,8994,5.666666666666667,0,0,0,3,0,benign_normal,BENIGN
BENIGN_NORMAL-0009,WIN-ARGUS-009,5,15,3,4,0,0,0,2.0,3,3,2,0,0,8,0.1,2.6946,0.0522,0,0,0,0,4,3,2,7734,11893,6.5,0,0,0,3,0,benign_normal,BENIGN
BENIGN_NORMAL-0010,WIN-ARGUS-010,0,13,3,3,0,0,0,2.0,5,2,0,0,0,7,0.06666666666666667,2.4586923076923077,0.04415384615384615,0,0,0,0,2,2,2,5510,4011,3.5,1,0,1,4,0,benign_normal,BENIGN
BENIGN_NORMAL-0010,WIN-ARGUS-010,1,15,4,4,0,0,0,2.0,1,4,2,0,0,7,0.13333333333333333,2.3886666666666665,0.04633333333333334,0,0,0,0,4,2,2,8719,8966,2.75,0,0,0,3,0,benign_normal,BENIGN
BENIGN_NORMAL-0010,WIN-ARGUS-010,2,10,2,3,0,0,0,2.0,2,2,1,0,0,5,0.06666666666666667,2.6056999999999997,0.0479,0,0,0,0,3,3,2,4408,6342,7.666666666666667,0,0,0,3,0,benign_normal,BENIGN
BENIGN_NORMAL-0010,WIN-ARGUS-010,3,11,4,4,0,0,0,2.0,2,1,1,0,0,4,0.03333333333333333,1.648818181818182,0.019181818181818182,0,0,0,0,3,2,2,6579,4234,3.3333333333333335,0,0,0,3,0,benign_normal,BENIGN
BENIGN_NORMAL-0010,WIN-ARGUS-010,4,15,4,4,0,0,0,2.0,1,3,2,0,0,6,0.1,1.9275333333333333,0.03266666666666666,0,0,0,0,5,3,3,11000,17060,3.4,0,0,0,3,0,benign_normal,BENIGN
BENIGN_NORMAL-0010,WIN-ARGUS-010,5,16,4,4,0,0,0,2.0,2,2,4,0,0,8,0.06666666666666667,2.3538125,0.040875,0,0,0,0,4,3,2,13450,8706,4.5,0,0,0,3,0,benign_normal,BENIGN
BENIGN_NORMAL-0011,WIN-ARGUS-011,0,16,3,4,0,0,0,2.0,2,3,3,0,0,8,0.1,2.5294375,0.0419375,0,0,0,0,4,2,2,7606,7816,2.25,1,0,1,4,0,benign_normal,BENIGN
BENIGN_NORMAL-0011,WIN-ARGUS-011,1,11,4,4,0,0,0,2.0,1,2,2,0,0,5,0.06666666666666667,2.4066363636363635,0.046,0,0,0,0,2,2,1,5005,5071,4.0,0,0,0,3,0,benign_normal,BENIGN
BENIGN_NORMAL-0011,WIN-ARGUS-011,2,15,4,4,0,0,0,2.0,2,0,4,0,0,6,0.0,1.6751333333333334,0.03373333333333333,0,0,0,0,5,2,2,16056,14274,5.2,0,0,0,3,0,benign_normal,BENIGN
BENIGN_NORMAL-0011,WIN-ARGUS-011,3,11,2,2,0,0,0,2.0,3,0,1,0,0,4,0.0,1.841818181818182,0.02809090909090909,0,0,0,0,5,3,3,14902,7533,2.6,0,0,0,3,0,benign_normal,BENIGN
BENIGN_NORMAL-0011,WIN-ARGUS-011,4,14,4,4,0,0,0,2.0,4,2,2,0,0,8,0.06666666666666667,2.987071428571429,0.03571428571428571,0,0,0,0,2,1,1,5466,9460,7.5,0,0,0,3,0,benign_normal,BENIGN
BENIGN_NORMAL-0011,WIN-ARGUS-011,5,12,4,4,0,0,0,2.0,3,0,2,0,0,5,0.0,2.18425,0.02775,0,0,0,0,3,2,2,4615,11533,6.0,0,0,0,3,0,benign_normal,BENIGN
BENIGN_NORMAL-0012,WIN-ARGUS-012,0,12,3,3,0,0,0,2.0,2,0,3,0,0,5,0.0,2.128,0.02841666666666667,0,0,0,0,3,2,2,8143,6393,4.0,1,0,1,4,0,benign_normal,BENIGN
BENIGN_NORMAL-0012,WIN-ARGUS-012,1,15,4,4,0,0,0,2.0,3,3,1,0,0,7,0.1,2.2632,0.03880000000000001,0,0,0,0,4,2,2,17657,13263,4.5,0,0,0,3,0,benign_normal,BENIGN
BENIGN_NORMAL-0012,WIN-ARGUS-012,2,10,3,4,0,0,0,2.0,1,1,3,0,0,5,0.03333333333333333,2.5435,0.0533,0,0,0,0,2,1,2,3892,1863,9.5,0,0,0,3,0,benign_normal,BENIGN
BENIGN_NORMAL-0012,WIN-ARGUS-012,3,10,2,2,0,0,0,2.0,0,3,1,0,0,4,0.1,2.1242,0.0216,0,0,0,0,4,2,2,15705,14430,4.75,0,0,0,3,0,benign_normal,BENIGN
BENIGN_NORMAL-0012,WIN-ARGUS-012,4,14,4,4,0,0,0,2.0,3,1,2,0,0,6,0.03333333333333333,2.2705714285714285,0.03485714285714286,0,0,0,0,4,2,3,12195,13155,3.0,0,0,0,3,0,benign_normal,BENIGN
BENIGN_NORMAL-0012,WIN-ARGUS-012,5,11,3,3,0,0,0,2.0,0,3,3,0,0,6,0.1,2.617090909090909,0.04245454545454545,0,0,0,0,2,1,2,5224,6231,2.0,0,0,0,3,0,benign_normal,BENIGN
BENIGN_NORMAL-0013,WIN-ARGUS-013,0,16,3,3,0,0,0,2.0,2,4,2,0,0,8,0.13333333333333333,2.354125,0.0393125,0,0,0,0,4,3,3,12338,9123,5.75,1,0,1,4,0,benign_normal,BENIGN
BENIGN_NORMAL-0013,WIN-ARGUS-013,1,15,3,3,0,0,0,2.0,5,1,2,0,0,8,0.03333333333333333,2.719466666666667,0.03593333333333334,0,0,0,0,4,3,2,12583,3241,4.5,0,0,0,3,0,benign_normal,BENIGN
BENIGN_NORMAL-0013,WIN-ARGUS-013,2,13,3,4,0,0,0,2.0,0,3,2,0,0,5,0.1,1.8233076923076923,0.03084615384615385,0,0,0,0,5,3,3,10557,11579,4.4,0,0,0,3,0,benign_normal,BENIGN
BENIGN_NORMAL-0013,WIN-ARGUS-013,3,13,3,3,0,0,0,2.0,5,0,1,0,0,6,0.0,2.246923076923077,0.03446153846153846,0,0,0,0,4,3,3,7203,6525,3.25,0,0,0,3,0,benign_normal,BENIGN
BENIGN_NORMAL-0013,WIN-ARGUS-013,4,14,2,2,0,0,0,2.0,3,1,3,0,0,7,0.03333333333333333,2.7100714285714287,0.03542857142857143,0,0,0,0,5,3,3,15575,11841,2.6,0,0,0,3,0,benign_normal,BENIGN
BENIGN_NORMAL-0013,WIN-ARGUS-013,5,12,4,4,0,0,0,2.0,2,1,3,0,0,6,0.03333333333333333,2.392333333333333,0.048666666666666664,0,0,0,0,2,2,1,6295,7965,6.0,0,0,0,3,0,benign_normal,BENIGN
BENIGN_NORMAL-0014,WIN-ARGUS-014,0,12,4,4,0,0,0,2.0,0,1,3,0,0,4,0.03333333333333333,1.4000833333333336,0.02466666666666667,0,0,0,0,3,2,2,5054,7682,3.0,1,0,1,4,0,benign_normal,BENIGN
BENIGN_NORMAL-0014,WIN-ARGUS-014,1,10,4,4,0,0,0,2.0,0,0,4,0,0,4,0.0,1.8222,0.028100000000000003,0,0,0,0,2,2,1,3739,4818,3.5,0,0,0,3,0,benign_normal,BENIGN
BENIGN_NORMAL-0014,WIN-ARGUS-014,2,11,3,3,0,0,0,2.0,1,3,0,0,0,4,0.1,1.9381818181818182,0.03554545454545455,0,0,0,0,4,3,3,7481,11993,4.0,0,0,0,3,0,benign_normal,BENIGN
BENIGN_NORMAL-0014,WIN-ARGUS-014,3,12,4,4,0,0,0,2.0,2,1,2,0,0,5,0.03333333333333333,1.94025,0.030333333333333334,0,0,0,0,3,3,2,3509,5526,7.0,0,0,0,3,0,benign_normal,BENIGN
BENIGN_NORMAL-0014,WIN-ARGUS-014,4,14,2,3,0,0,0,2.0,2,0,5,0,0,7,0.0,2.337,0.03214285714285715,0,0,0,0,5,3,3,11644,8312,3.2,0,0,0,3,0,benign_normal,BENIGN
BENIGN_NORMAL-0014,WIN-ARGUS-014,5,15,4,4,0,0,0,2.0,3,2,2,0,0,7,0.06666666666666667,2.140066666666667,0.03273333333333333,0,0,0,0,4,3,3,8310,9074,6.25,0,0,0,3,0,benign_normal,BENIGN
BENIGN_NORMAL-0015,WIN-ARGUS-015,0,12,4,4,0,0,0,2.0,0,3,2,0,0,5,0.1,2.2408333333333332,0.036333333333333336,0,0,0,0,2,2,1,7828,4362,2.5,1,0,1,4,0,benign_normal,BENIGN
BENIGN_NORMAL-0015,WIN-ARGUS-015,1,13,2,3,0,0,0,2.0,5,2,1,0,0,8,0.06666666666666667,3.155692307692308,0.031153846153846157,0,0,0,0,3,3,2,6679,5658,8.0,0,0,0,3,0,benign_normal,BENIGN
BENIGN_NORMAL-0015,WIN-ARGUS-015,2,11,2,2,0,0,0,2.0,0,2,2,0,0,4,0.06666666666666667,1.6247272727272728,0.014727272727272728,0,0,0,0,5,3,2,13724,7150,4.6,0,0,0,3,0,benign_normal,BENIGN
BENIGN_NORMAL-0015,WIN-ARGUS-015,3,14,4,4,0,0,0,2.0,1,3,1,0,0,5,0.1,1.7192142857142856,0.023642857142857143,0,0,0,0,5,3,2,17157,14586,3.8,0,0,0,3,0,benign_normal,BENIGN
BENIGN_NORMAL-0015,WIN-ARGUS-015,4,8,2,3,0,0,0,2.0,2,1,1,0,0,4,0.03333333333333333,2.7273750000000003,0.059750000000000004,0,0,0,0,2,2,1,4527,5117,13.5,0,0,0,3,0,benign_normal,BENIGN
BENIGN_NORMAL-0015,WIN-ARGUS-015,5,12,3,4,0,0,0,2.0,2,2,1,0,0,5,0.06666666666666667,2.1694166666666668,0.041916666666666665,0,0,0,0,4,2,3,7037,9760,1.25,0,0,0,3,0,benign_normal,BENIGN
BENIGN_NORMAL-0016,WIN-ARGUS-016,0,14,4,4,0,0,0,2.0,3,0,4,0,0,7,0.0,2.5151428571428567,0.04592857142857143,0,0,0,0,2,2,2,5152,5065,1.5,1,0,1,4,0,benign_normal,BENIGN
BENIGN_NORMAL-0016,WIN-ARGUS-016,1,14,4,4,0,0,0,2.0,2,3,3,0,0,8,0.1,2.8425714285714285,0.04707142857142858,0,0,0,0,2,2,1,2977,4187,0.5,0,0,0,3,0,benign_normal,BENIGN
BENIGN_NORMAL-0016,WIN-ARGUS-016,2,14,2,3,0,0,0,2.0,2,4,1,0,0,7,0.13333333333333333,2.5600714285714288,0.0315,0,0,0,0,5,3,3,16819,9595,3.6,0,0,0,3,0,benign_normal,BENIGN
BENIGN_NORMAL-0016,WIN-ARGUS-016,3,9,2,3,0,0,0,2.0,2,1,1,0,0,4,0.03333333333333333,2.0202222222222224,0.05988888888888888,0,0,0,0,3,2,2,5100,8857,7.0,0,0,0,3,0,benign_normal,BENIGN
BENIGN_NORMAL-0016,WIN-ARGUS-016,4,10,2,3,0,0,0,2.0,2,2,0,0,0,4,0.06666666666666667,1.6705999999999999,0.026500000000000003,0,0,0,0,4,3,2,11031,6903,4.25,0,0,0,3,0,benign_normal,BENIGN
BENIGN_NORMAL-0016,WIN-ARGUS-016,5,12,3,3,0,0,0,2.0,2,1,2,0,0,5,0.03333333333333333,2.0481666666666665,0.034333333333333334,0,0,0,0,4,2,2,11939,11786,3.75,0,0,0,3,0,benign_normal,BENIGN
BENIGN_NORMAL-0017,WIN-ARGUS-017,0,11,2,2,0,0,0,2.0,2,2,1,0,0,5,0.06666666666666667,2.1336363636363633,0.027363636363636364,0,0,0,0,3,2,3,7701,12013,4.333333333333333,1,0,1,4,0,benign_normal,BENIGN
BENIGN_NORMAL-0017,WIN-ARGUS-017,1,13,4,4,0,0,0,2.0,2,1,4,0,0,7,0.03333333333333333,2.5789230769230773,0.03884615384615385,0,0,0,0,2,1,2,7720,2702,3.0,0,0,0,3,0,benign_normal,BENIGN
BENIGN_NORMAL-0017,WIN-ARGUS-017,2,9,2,3,0,0,0,2.0,2,1,2,0,0,5,0.03333333333333333,2.386444444444445,0.04922222222222222,0,0,0,0,2,2,1,1656,6470,1.0,0,0,0,3,0,benign_normal,BENIGN
BENIGN_NORMAL-0017,WIN-ARGUS-017,3,12,2,2,0,0,0,2.0,2,2,2,0,0,6,0.06666666666666667,2.7912500000000002,0.05408333333333334,0,0,0,0,4,3,3,10098,8453,4.75,0,0,0,3,0,benign_normal,BENIGN
BENIGN_NORMAL-0017,WIN-ARGUS-017,4,15,4,4,0,0,0,2.0,4,3,1,0,0,8,0.1,2.5064,0.04273333333333333,0,0,0,0,3,2,2,5671,9079,5.666666666666667,0,0,0,3,0,benign_normal,BENIGN
BENIGN_NORMAL-0017,WIN-ARGUS-017,5,9,2,3,0,0,0,2.0,0,3,2,0,0,5,0.1,2.4475555555555553,0.049555555555555554,0,0,0,0,2,2,2,3161,6102,3.0,0,0,0,3,0,benign_normal,BENIGN
BENIGN_NORMAL-0018,WIN-ARGUS-018,0,13,2,2,0,0,0,2.0,3,1,2,0,0,6,0.03333333333333333,2.264692307692308,0.05438461538461539,0,0,0,0,4,2,3,11392,8456,4.5,1,0,1,4,0,benign_normal,BENIGN
BENIGN_NORMAL-0018,WIN-ARGUS-018,1,14,2,3,0,0,0,2.0,5,2,1,0,0,8,0.06666666666666667,2.8748571428571426,0.042428571428571434,0,0,0,0,4,3,3,13265,8966,5.5,0,0,0,3,0,benign_normal,BENIGN
BENIGN_NORMAL-0018,WIN-ARGUS-018,2,11,3,3,0,0,0,2.0,3,3,0,0,0,6,0.1,2.7769090909090908,0.052181818181818176,0,0,0,0,2,2,1,1870,4147,5.5,0,0,0,3,0,benign_normal,BENIGN
BENIGN_NORMAL-0018,WIN-ARGUS-018,3,12,4,4,0,0,0,2.0,0,2,4,0,0,6,0.06666666666666667,2.7386666666666666,0.02775,0,0,0,0,2,2,1,6196,6174,12.5,0,0,0,3,0,benign_normal,BENIGN
BENIGN_NORMAL-0018,WIN-ARGUS-018,4,11,3,4,0,0,0,2.0,1,2,3,0,0,6,0.06666666666666667,2.8677272727272727,0.04236363636363637,0,0,0,0,2,1,2,1704,9576,3.0,0,0,0,3,0,benign_normal,BENIGN
BENIGN_NORMAL-0018,WIN-ARGUS-018,5,16,4,4,0,0,0,2.0,3,2,2,0,0,7,0.06666666666666667,2.1435,0.034125,0,0,0,0,5,3,3,10159,8399,4.8,0,0,0,3,0,benign_normal,BENIGN
BENIGN_NORMAL-0019,WIN-ARGUS-019,0,12,2,2,0,0,0,2.0,1,0,3,0,0,4,0.0,1.63875,0.020583333333333332,0,0,0,0,5,3,3,7358,10048,2.2,1,0,1,4,0,benign_normal,BENIGN
BENIGN_NORMAL-0019,WIN-ARGUS-019,1,14,3,3,0,0,0,2.0,3,1,2,0,0,6,0.03333333333333333,2.3625000000000003,0.025714285714285714,0,0,0,0,5,3,3,11039,11726,5.4,0,0,0,3,0,benign_normal,BENIGN
BENIGN_NORMAL-0019,WIN-ARGUS-019,2,17,4,4,0,0,0,2.0,1,3,4,0,0,8,0.1,2.0730588235294114,0.04670588235294118,0,0,0,0,5,2,2,13491,16262,4.8,0,0,0,3,0,benign_normal,BENIGN
BENIGN_NORMAL-0019,WIN-ARGUS-019,3,10,3,4,0,0,0,2.0,1,2,2,0,0,5,0.06666666666666667,2.2932,0.032100000000000004,0,0,0,0,2,2,2,4583,3521,4.5,0,0,0,3,0,benign_normal,BENIGN
BENIGN_NORMAL-0019,WIN-ARGUS-019,4,11,3,3,0,0,0,2.0,3,0,2,0,0,5,0.0,2.3314545454545454,0.03272727272727272,0,0,0,0,3,2,2,8601,3999,2.0,0,0,0,3,0,benign_normal,BENIGN
BENIGN_NORMAL-0019,WIN-ARGUS-019,5,14,3,4,0,0,0,2.0,3,3,0,0,0,6,0.1,2.2477142857142858,0.023142857142857142,0,0,0,0,5,3,3,11989,8422,2.8,0,0,0,3,0,benign_normal,BENIGN
BENIGN_NORMAL-0020,WIN-ARGUS-020,0,13,2,3,0,0,0,2.0,4,2,2,0,0,8,0.06666666666666667,2.712076923076923,0.047846153846153844,0,0,0,0,2,2,2,6864,5689,7.0,1,0,1,4,0,benign_normal,BENIGN
BENIGN_NORMAL-0020,WIN-ARGUS-020,1,14,4,4,0,0,0,2.0,3,3,2,0,0,8,0.1,3.0012857142857143,0.05857142857142857,0,0,0,0,2,2,2,5915,1410,1.5,0,0,0,3,0,benign_normal,BENIGN
BENIGN_NORMAL-0020,WIN-ARGUS-020,2,10,2,3,0,0,0,2.0,2,1,3,0,0,6,0.03333333333333333,3.2186999999999997,0.0439,0,0,0,0,2,2,2,2982,8461,0.5,0,0,0,3,0,benign_normal,BENIGN
BENIGN_NORMAL-0020,WIN-ARGUS-020,3,15,4,4,0,0,0,2.0,3,2,3,0,0,8,0.06666666666666667,2.6178,0.04513333333333334,0,0,0,0,3,2,2,6729,10535,4.0,0,0,0,3,0,benign_normal,BENIGN
BENIGN_NORMAL-0020,WIN-ARGUS-020,4,13,3,3,0,0,0,2.0,1,4,1,0,0,6,0.13333333333333333,2.340307692307692,0.02930769230769231,0,0,0,0,4,2,2,9962,7738,6.25,0,0,0,3,0,benign_normal,BENIGN
BENIGN_NORMAL-0020,WIN-ARGUS-020,5,13,4,4,0,0,0,2.0,6,0,1,0,0,7,0.0,2.541076923076923,0.034076923076923074,0,0,0,0,2,2,1,5250,4715,1.0,0,0,0,3,0,benign_normal,BENIGN
BENIGN_NORMAL-0021,WIN-ARGUS-021,0,11,2,2,0,0,0,2.0,1,2,1,0,0,4,0.06666666666666667,1.7799090909090909,0.027090909090909096,0,0,0,0,4,2,3,13541,12913,2.25,1,0,1,4,0,benign_normal,BENIGN
BENIGN_NORMAL-0021,WIN-ARGUS-021,1,11,3,3,0,0,0,2.0,1,1,3,0,0,5,0.03333333333333333,2.1883636363636363,0.030363636363636367,0,0,0,0,3,3,2,6333,8108,1.6666666666666667,0,0,0,3,0,benign_normal,BENIGN
BENIGN_NORMAL-0021,WIN-ARGUS-021,2,14,4,4,0,0,0,2.0,3,1,2,0,0,6,0.03333333333333333,2.062857142857143,0.028142857142857143,0,0,0,0,4,3,3,13154,5463,2.25,0,0,0,3,0,benign_normal,BENIGN
BENIGN_NORMAL-0021,WIN-ARGUS-021,3,16,4,4,0,0,0,2.0,2,3,2,0,0,7,0.1,2.234625,0.0259375,0,0,0,0,5,3,2,9246,11858,5.2,0,0,0,3,0,benign_normal,BENIGN
BENIGN_NORMAL-0021,WIN-ARGUS-021,4,13,4,4,0,0,0,2.0,1,1,3,0,0,5,0.03333333333333333,1.690076923076923,0.023846153846153847,0,0,0,0,4,3,3,7987,13400,5.25,0,0,0,3,0,benign_normal,BENIGN
BENIGN_NORMAL-0021,WIN-ARGUS-021,5,9,2,3,0,0,0,2.0,2,1,2,0,0,5,0.03333333333333333,2.552888888888889,0.035,0,0,0,0,2,2,2,4337,6022,10.0,0,0,0,3,0,benign_normal,BENIGN
BENIGN_NORMAL-0022,WIN-ARGUS-022,0,13,2,3,0,0,0,2.0,2,0,3,0,0,5,0.0,1.9329999999999998,0.034076923076923074,0,0,0,0,5,2,3,14894,14294,3.4,1,0,1,4,0,benign_normal,BENIGN
BENIGN_NORMAL-0022,WIN-ARGUS-022,1,15,4,4,0,0,0,2.0,2,3,3,0,0,8,0.1,2.6478666666666664,0.04253333333333333,0,0,0,0,3,2,2,11777,8425,6.0,0,0,0,3,0,benign_normal,BENIGN
BENIGN_NORMAL-0022,WIN-ARGUS-022,2,9,3,3,0,0,0,2.0,0,2,2,0,0,4,0.06666666666666667,2.2841111111111108,0.019888888888888887,0,0,0,0,2,1,2,2074,1991,10.5,0,0,0,3,0,benign_normal,BENIGN
BENIGN_NORMAL-0022,WIN-ARGUS-022,3,15,2,3,0,0,0,2.0,4,2,2,0,0,8,0.06666666666666667,2.5977333333333332,0.04506666666666667,0,0,0,0,5,2,3,12182,16490,3.0,0,0,0,3,0,benign_normal,BENIGN
BENIGN_NORMAL-0022,WIN-ARGUS-022,4,12,3,3,0,0,0,2.0,3,2,2,0,0,7,0.06666666666666667,2.874083333333333,0.051166666666666666,0,0,0,0,2,2,1,5899,3497,3.0,0,0,0,3,0,benign_normal,BENIGN
BENIGN_NORMAL-0022,WIN-ARGUS-022,5,13,3,3,0,0,0,2.0,2,1,2,0,0,5,0.03333333333333333,1.7072307692307693,0.033,0,0,0,0,5,3,1,14887,15401,2.0,0,0,0,3,0,benign_normal,BENIGN
BENIGN_NORMAL-0023,WIN-ARGUS-023,0,12,4,4,0,0,0,2.0,1,1,2,0,0,4,0.03333333333333333,1.6373333333333333,0.014666666666666666,0,0,0,0,3,2,2,3704,6250,6.333333333333333,1,0,1,4,0,benign_normal,BENIGN
BENIGN_NORMAL-0023,WIN-ARGUS-023,1,14,4,4,0,0,0,2.0,2,3,0,0,0,5,0.1,1.8314285714285714,0.031214285714285715,0,0,0,0,5,3,2,11986,12172,4.4,0,0,0,3,0,benign_normal,BENIGN
BENIGN_NORMAL-0023,WIN-ARGUS-023,2,13,2,3,0,0,0,2.0,1,2,3,0,0,6,0.06666666666666667,2.3614615384615383,0.034846153846153846,0,0,0,0,5,3,2,8085,9309,2.0,0,0,0,3,0,benign_normal,BENIGN
BENIGN_NORMAL-0023,WIN-ARGUS-023,3,14,3,3,0,0,0,2.0,3,3,1,0,0,7,0.1,2.4271428571428575,0.03371428571428572,0,0,0,0,4,2,3,9719,14845,4.75,0,0,0,3,0,benign_normal,BENIGN
BENIGN_NORMAL-0023,WIN-ARGUS-023,4,12,3,3,0,0,0,2.0,1,3,2,0,0,6,0.1,2.4120000000000004,0.05541666666666667,0,0,0,0,3,1,2,2877,6949,3.3333333333333335,0,0,0,3,0,benign_normal,BENIGN
BENIGN_NORMAL-0023,WIN-ARGUS-023,5,15,4,4,0,0,0,2.0,0,3,5,0,0,8,0.1,2.6808,0.031933333333333334,0,0,0,0,3,2,1,7098,9806,9.0,0,0,0,3,0,benign_normal,BENIGN
BENIGN_NORMAL-0024,WIN-ARGUS-024,0,12,3,3,0,0,0,2.0,3,1,2,0,0,6,0.03333333333333333,2.7269166666666664,0.03266666666666667,0,0,0,0,2,2,2,3330,4845,6.5,1,0,1,4,0,benign_normal,BENIGN
BENIGN_NORMAL-0024,WIN-ARGUS-024,1,16,4,4,0,0,0,2.0,2,1,4,0,0,7,0.03333333333333333,2.1015,0.027875,0,0,0,0,5,3,2,14801,9130,3.4,0,0,0,3,0,benign_normal,BENIGN
BENIGN_NORMAL-0024,WIN-ARGUS-024,2,14,3,3,0,0,0,2.0,4,1,2,0,0,7,0.03333333333333333,2.2300714285714287,0.03735714285714286,0,0,0,0,4,3,2,9663,8509,6.0,0,0,0,3,0,benign_normal,BENIGN
BENIGN_NORMAL-0024,WIN-ARGUS-024,3,15,4,4,0,0,0,2.0,0,3,3,0,0,6,0.1,2.0469333333333335,0.03333333333333333,0,0,0,0,5,3,2,6170,14454,3.2,0,0,0,3,0,benign_normal,BENIGN
BENIGN_NORMAL-0024,WIN-ARGUS-024,4,14,2,3,0,0,0,2.0,1,3,3,0,0,7,0.1,2.0359285714285713,0.03792857142857143,0,0,0,0,5,3,3,12138,15488,4.2,0,0,0,3,0,benign_normal,BENIGN
BENIGN_NORMAL-0024,WIN-ARGUS-024,5,15,2,2,0,0,0,2.0,2,1,5,0,0,8,0.03333333333333333,2.3943333333333334,0.038000000000000006,0,0,0,0,5,3,3,13612,6335,2.8,0,0,0,3,0,benign_normal,BENIGN
BENIGN_NORMAL-0025,WIN-ARGUS-025,0,12,3,4,0,0,0,2.0,2,0,2,0,0,4,0.0,1.4742499999999998,0.025916666666666668,0,0,0,0,4,2,1,8502,9779,6.75,1,0,1,4,0,benign_normal,BENIGN
BENIGN_NORMAL-0025,WIN-ARGUS-025,1,10,4,4,0,0,0,2.0,1,1,2,0,0,4,0.03333333333333333,1.7487000000000001,0.0216,0,0,0,0,2,2,2,4517,6203,1.0,0,0,0,3,0,benign_normal,BENIGN
BENIGN_NORMAL-0025,WIN-ARGUS-025,2,11,3,3,0,0,0,2.0,3,2,0,0,0,5,0.06666666666666667,2.230909090909091,0.04172727272727273,0,0,0,0,3,1,2,7740,8246,7.0,0,0,0,3,0,benign_normal,BENIGN
BENIGN_NORMAL-0025,WIN-ARGUS-025,3,10,2,2,0,0,0,2.0,3,0,1,0,0,4,0.0,2.1164,0.024300000000000002,0,0,0,0,4,2,3,6000,8359,5.0,0,0,0,3,0,benign_normal,BENIGN
BENIGN_NORMAL-0025,WIN-ARGUS-025,4,8,2,2,0,0,0,2.0,2,0,2,0,0,4,0.0,2.484375,0.040375,0,0,0,0,2,2,1,4473,3555,4.0,0,0,0,3,0,benign_normal,BENIGN
BENIGN_NORMAL-0025,WIN-ARGUS-025,5,10,3,4,0,0,0,2.0,2,2,1,0,0,5,0.06666666666666667,2.2255,0.0512,0,0,0,0,2,2,2,5379,4283,5.5,0,0,0,3,0,benign_normal,BENIGN
BENIGN_NORMAL-0026,WIN-ARGUS-026,0,17,4,4,0,0,0,2.0,4,1,2,0,0,7,0.03333333333333333,2.2649411764705882,0.03270588235294118,0,0,0,0,5,3,3,17530,8602,2.0,1,0,1,4,0,benign_normal,BENIGN
BENIGN_NORMAL-0026,WIN-ARGUS-026,1,15,2,2,0,0,0,2.0,3,1,4,0,0,8,0.03333333333333333,2.4239333333333333,0.04566666666666667,0,0,0,0,5,2,2,9321,14565,4.8,0,0,0,3,0,benign_normal,BENIGN
BENIGN_NORMAL-0026,WIN-ARGUS-026,2,15,3,3,0,0,0,2.0,3,3,2,0,0,8,0.1,2.2934666666666668,0.031599999999999996,0,0,0,0,4,3,3,7718,9877,3.75,0,0,0,3,0,benign_normal,BENIGN
BENIGN_NORMAL-0026,WIN-ARGUS-026,3,14,2,2,0,0,0,2.0,2,2,3,0,0,7,0.06666666666666667,2.5222857142857142,0.05164285714285715,0,0,0,0,5,3,3,19220,15915,4.0,0,0,0,3,0,benign_normal,BENIGN
BENIGN_NORMAL-0026,WIN-ARGUS-026,4,12,2,3,0,0,0,2.0,3,3,1,0,0,7,0.1,2.996,0.06391666666666666,0,0,0,0,3,2,3,8174,10984,6.666666666666667,0,0,0,3,0,benign_normal,BENIGN
BENIGN_NORMAL-0026,WIN-ARGUS-026,5,14,2,3,0,0,0,2.0,3,2,3,0,0,8,0.06666666666666667,2.699785714285714,0.04378571428571428,0,0,0,0,4,2,3,13188,6580,4.5,0,0,0,3,0,benign_normal,BENIGN
BENIGN_NORMAL-0027,WIN-ARGUS-027,0,17,3,3,0,0,0,2.0,6,2,0,0,0,8,0.06666666666666667,2.417058823529412,0.030235294117647058,0,0,0,0,5,3,3,12264,11735,3.2,1,0,1,4,0,benign_normal,BENIGN
BENIGN_NORMAL-0027,WIN-ARGUS-027,1,11,2,2,0,0,0,2.0,2,3,0,0,0,5,0.1,1.9862727272727272,0.036000000000000004,0,0,0,0,4,2,3,12088,8307,5.5,0,0,0,3,0,benign_normal,BENIGN
BENIGN_NORMAL-0027,WIN-ARGUS-027,2,10,3,3,0,0,0,2.0,1,2,1,0,0,4,0.06666666666666667,1.6535,0.025500000000000002,0,0,0,0,3,3,3,9209,7931,7.666666666666667,0,0,0,3,0,benign_normal,BENIGN
BENIGN_NORMAL-0027,WIN-ARGUS-027,3,16,3,3,0,0,0,2.0,4,1,3,0,0,8,0.03333333333333333,2.6503125,0.0293125,0,0,0,0,5,2,3,14173,11795,3.6,0,0,0,3,0,benign_normal,BENIGN
BENIGN_NORMAL-0027,WIN-ARGUS-027,4,13,2,2,0,0,0,2.0,5,0,3,0,0,8,0.0,2.9661538461538464,0.054,0,0,0,0,3,3,2,11323,5268,3.3333333333333335,0,0,0,3,0,benign_normal,BENIGN
BENIGN_NORMAL-0027,WIN-ARGUS-027,5,11,3,4,0,0,0,2.0,1,2,1,0,0,4,0.06666666666666667,1.9845454545454544,0.028545454545454544,0,0,0,0,4,2,2,12231,8921,4.5,0,0,0,3,0,benign_normal,BENIGN
BENIGN_NORMAL-0028,WIN-ARGUS-028,0,16,3,3,0,0,0,2.0,4,3,1,0,0,8,0.1,2.664875,0.031375,0,0,0,0,4,3,3,14129,13871,2.5,1,0,1,4,0,benign_normal,BENIGN
BENIGN_NORMAL-0028,WIN-ARGUS-028,1,12,2,2,0,0,0,2.0,4,0,4,0,0,8,0.0,3.0849166666666665,0.053,0,0,0,0,2,1,1,4012,5498,5.5,0,0,0,3,0,benign_normal,BENIGN
BENIGN_NORMAL-0028,WIN-ARGUS-028,2,15,3,3,0,0,0,2.0,2,1,4,0,0,7,0.03333333333333333,2.1927999999999996,0.049466666666666666,0,0,0,0,5,2,2,11783,16271,3.0,0,0,0,3,0,benign_normal,BENIGN
BENIGN_NORMAL-0028,WIN-ARGUS-028,3,14,2,2,0,0,0,2.0,2,3,2,0,0,7,0.1,2.3024999999999998,0.03942857142857143,0,0,0,0,5,3,3,18491,12460,3.0,0,0,0,3,0,benign_normal,BENIGN
BENIGN_NORMAL-0028,WIN-ARGUS-028,4,15,4,4,0,0,0,2.0,2,2,2,0,0,6,0.06666666666666667,1.8865333333333332,0.027733333333333336,0,0,0,0,5,3,3,9836,19187,4.2,0,0,0,3,0,benign_normal,BENIGN
BENIGN_NORMAL-0028,WIN-ARGUS-028,5,13,2,3,0,0,0,2.0,3,4,1,0,0,8,0.13333333333333333,2.9716923076923076,0.04523076923076923,0,0,0,0,3,3,1,7827,6991,3.6666666666666665,0,0,0,3,0,benign_normal,BENIGN
BENIGN_NORMAL-0029,WIN-ARGUS-029,0,17,3,3,0,0,0,2.0,1,4,3,0,0,8,0.13333333333333333,2.323,0.040882352941176474,0,0,0,0,5,3,3,14813,10051,5.2,1,0,1,4,0,benign_normal,BENIGN
BENIGN_NORMAL-0029,WIN-ARGUS-029,1,15,4,4,0,0,0,2.0,3,2,3,0,0,8,0.06666666666666667,2.8518666666666665,0.03726666666666666,0,0,0,0,3,2,2,8108,9798,1.3333333333333333,0,0,0,3,0,benign_normal,BENIGN
BENIGN_NORMAL-0029,WIN-ARGUS-029,2,10,4,4,0,0,0,2.0,1,2,1,0,0,4,0.06666666666666667,2.2102,0.0481,0,0,0,0,2,2,2,5334,5045,6.5,0,0,0,3,0,benign_normal,BENIGN
BENIGN_NORMAL-0029,WIN-ARGUS-029,3,12,2,3,0,0,0,2.0,3,1,3,0,0,7,0.03333333333333333,2.97625,0.044333333333333336,0,0,0,0,3,2,2,9889,7219,6.333333333333333,0,0,0,3,0,benign_normal,BENIGN
BENIGN_NORMAL-0029,WIN-ARGUS-029,4,13,4,4,0,0,0,2.0,4,2,1,0,0,7,0.06666666666666667,2.6053076923076923,0.04007692307692308,0,0,0,0,2,2,2,5509,5594,0.0,0,0,0,3,0,benign_normal,BENIGN
BENIGN_NORMAL-0029,WIN-ARGUS-029,5,13,4,4,0,0,0,2.0,2,0,4,0,0,6,0.0,2.577230769230769,0.04569230769230769,0,0,0,0,3,2,2,8967,7821,2.3333333333333335,0,0,0,3,0,benign_normal,BENIGN
BENIGN_NORMAL-0030,WIN-ARGUS-030,0,13,3,4,0,0,0,2.0,1,2,2,0,0,5,0.06666666666666667,2.012769230769231,0.02623076923076923,0,0,0,0,4,2,3,5848,12209,1.5,1,0,1,4,0,benign_normal,BENIGN
BENIGN_NORMAL-0030,WIN-ARGUS-030,1,11,2,2,0,0,0,2.0,0,1,4,0,0,5,0.03333333333333333,2.3076363636363637,0.03309090909090909,0,0,0,0,4,2,2,14932,14792,2.5,0,0,0,3,0,benign_normal,BENIGN
BENIGN_NORMAL-0030,WIN-ARGUS-030,2,13,4,4,0,0,0,2.0,2,3,1,0,0,6,0.1,2.2798461538461536,0.038,0,0,0,0,3,2,3,6214,10198,6.333333333333333,0,0,0,3,0,benign_normal,BENIGN
BENIGN_NORMAL-0030,WIN-ARGUS-030,3,11,3,3,0,0,0,2.0,2,2,2,0,0,6,0.06666666666666667,2.5966363636363634,0.028272727272727272,0,0,0,0,2,1,1,9783,7136,2.5,0,0,0,3,0,benign_normal,BENIGN
BENIGN_NORMAL-0030,WIN-ARGUS-030,4,16,4,4,0,0,0,2.0,3,3,2,0,0,8,0.1,2.7160625,0.0464375,0,0,0,0,4,2,3,7595,12488,3.5,0,0,0,3,0,benign_normal,BENIGN
BENIGN_NORMAL-0030,WIN-ARGUS-030,5,14,4,4,0,0,0,2.0,3,0,5,0,0,8,0.0,2.585857142857143,0.059857142857142866,0,0,0,0,2,1,2,6002,6789,2.5,0,0,0,3,0,benign_normal,BENIGN
BENIGN_NORMAL-0031,WIN-ARGUS-031,0,14,2,2,0,0,0,2.0,2,2,4,0,0,8,0.06666666666666667,2.833357142857143,0.04364285714285714,0,0,0,0,3,2,2,9367,5484,2.6666666666666665,1,0,1,4,0,benign_normal,BENIGN
BENIGN_NORMAL-0031,WIN-ARGUS-031,1,13,4,4,0,0,0,2.0,2,1,1,0,0,4,0.03333333333333333,1.5753846153846154,0.032615384615384616,0,0,0,0,5,3,3,13220,8792,4.4,0,0,0,3,0,benign_normal,BENIGN
BENIGN_NORMAL-0031,WIN-ARGUS-031,2,11,3,3,0,0,0,2.0,1,1,3,0,0,5,0.03333333333333333,2.185181818181818,0.040090909090909094,0,0,0,0,3,3,2,8184,5401,2.0,0,0,0,3,0,benign_normal,BENIGN
BENIGN_NORMAL-0031,WIN-ARGUS-031,3,14,3,3,0,0,0,2.0,1,3,2,0,0,6,0.1,2.0572857142857144,0.038714285714285715,0,0,0,0,5,3,3,14364,9583,3.4,0,0,0,3,0,benign_normal,BENIGN
BENIGN_NORMAL-0031,WIN-ARGUS-031,4,14,3,3,0,0,0,2.0,0,2,4,0,0,6,0.06666666666666667,2.013785714285714,0.029928571428571426,0,0,0,0,5,3,3,12388,10749,3.6,0,0,0,3,0,benign_normal,BENIGN
BENIGN_NORMAL-0031,WIN-ARGUS-031,5,12,3,4,0,0,0,2.0,2,1,1,0,0,4,0.03333333333333333,1.615,0.021916666666666668,0,0,0,0,5,3,3,20589,17011,2.4,0,0,0,3,0,benign_normal,BENIGN
BENIGN_NORMAL-0032,WIN-ARGUS-032,0,13,3,3,0,0,0,2.0,1,2,3,0,0,6,0.06666666666666667,2.4036153846153847,0.030384615384615385,0,0,0,0,3,1,1,9670,8497,6.666666666666667,1,0,1,4,0,benign_normal,BENIGN
BENIGN_NORMAL-0032,WIN-ARGUS-032,1,11,4,4,0,0,0,2.0,3,1,1,0,0,5,0.03333333333333333,2.4871818181818184,0.04745454545454546,0,0,0,0,2,2,2,6071,7653,6.0,0,0,0,3,0,benign_normal,BENIGN
BENIGN_NORMAL-0032,WIN-ARGUS-032,2,12,4,4,0,0,0,2.0,2,2,0,0,0,4,0.06666666666666667,1.577,0.03233333333333333,0,0,0,0,4,3,2,9639,9598,5.5,0,0,0,3,0,benign_normal,BENIGN
BENIGN_NORMAL-0032,WIN-ARGUS-032,3,13,2,2,0,0,0,2.0,3,1,4,0,0,8,0.03333333333333333,2.8533076923076925,0.05284615384615385,0,0,0,0,3,3,3,2983,4699,3.6666666666666665,0,0,0,3,0,benign_normal,BENIGN
BENIGN_NORMAL-0032,WIN-ARGUS-032,4,10,2,3,0,0,0,2.0,2,1,1,0,0,4,0.03333333333333333,1.9724,0.015000000000000003,0,0,0,0,4,3,2,6757,10876,6.25,0,0,0,3,0,benign_normal,BENIGN
BENIGN_NORMAL-0032,WIN-ARGUS-032,5,13,3,3,0,0,0,2.0,3,2,0,0,0,5,0.06666666666666667,1.9654615384615386,0.027153846153846157,0,0,0,0,5,3,2,16599,8180,3.0,0,0,0,3,0,benign_normal,BENIGN
BENIGN_NORMAL-0033,WIN-ARGUS-033,0,11,2,3,0,0,0,2.0,1,1,2,0,0,4,0.03333333333333333,1.786181818181818,0.023454545454545454,0,0,0,0,4,3,2,6037,13938,4.25,1,0,1,4,0,benign_normal,BENIGN
BENIGN_NORMAL-0033,WIN-ARGUS-033,1,15,4,4,0,0,0,2.0,1,3,2,0,0,6,0.1,2.1815333333333333,0.04053333333333333,0,0,0,0,5,3,2,12026,10983,4.8,0,0,0,3,0,benign_normal,BENIGN
BENIGN_NORMAL-0033,WIN-ARGUS-033,2,17,4,4,0,0,0,2.0,4,3,1,0,0,8,0.1,2.297705882352941,0.04094117647058824,0,0,0,0,5,3,2,10553,13118,3.2,0,0,0,3,0,benign_normal,BENIGN
BENIGN_NORMAL-0033,WIN-ARGUS-033,3,13,3,3,0,0,0,2.0,4,1,3,0,0,8,0.03333333333333333,3.2162307692307692,0.04492307692307693,0,0,0,0,2,1,2,2239,6759,6.0,0,0,0,3,0,benign_normal,BENIGN
BENIGN_NORMAL-0033,WIN-ARGUS-033,4,14,4,4,0,0,0,2.0,3,2,2,0,0,7,0.06666666666666667,2.5726428571428572,0.03728571428571429,0,0,0,0,3,3,2,5889,4857,4.333333333333333,0,0,0,3,0,benign_normal,BENIGN
BENIGN_NORMAL-0033,WIN-ARGUS-033,5,16,3,3,0,0,0,2.0,3,1,4,0,0,8,0.03333333333333333,2.5750625,0.036250000000000004,0,0,0,0,5,3,3,15660,15825,5.0,0,0,0,3,0,benign_normal,BENIGN
BENIGN_NORMAL-0034,WIN-ARGUS-034,0,14,4,4,0,0,0,2.0,1,2,3,0,0,6,0.06666666666666667,2.3182857142857145,0.04528571428571428,0,0,0,0,3,2,2,11880,7454,5.0,1,0,1,4,0,benign_normal,BENIGN
BENIGN_NORMAL-0034,WIN-ARGUS-034,1,9,2,2,0,0,0,2.0,1,2,2,0,0,5,0.06666666666666667,2.908888888888889,0.05344444444444444,0,0,0,0,2,1,1,5191,4802,2.0,0,0,0,3,0,benign_normal,BENIGN
BENIGN_NORMAL-0034,WIN-ARGUS-034,2,13,3,3,0,0,0,2.0,2,3,0,0,0,5,0.1,2.192846153846154,0.025692307692307695,0,0,0,0,5,1,2,9537,15147,5.4,0,0,0,3,0,benign_normal,BENIGN
BENIGN_NORMAL-0034,WIN-ARGUS-034,3,13,3,3,0,0,0,2.0,2,3,2,0,0,7,0.1,2.919923076923077,0.051923076923076926,0,0,0,0,3,3,3,4199,8578,7.666666666666667,0,0,0,3,0,benign_normal,BENIGN
BENIGN_NORMAL-0034,WIN-ARGUS-034,4,14,3,3,0,0,0,2.0,2,2,2,0,0,6,0.06666666666666667,2.127142857142857,0.030571428571428572,0,0,0,0,5,3,2,9051,11085,4.8,0,0,0,3,0,benign_normal,BENIGN
BENIGN_NORMAL-0034,WIN-ARGUS-034,5,12,2,2,0,0,0,2.0,3,4,1,0,0,8,0.13333333333333333,3.8169166666666663,0.07275,0,0,0,0,2,2,2,9487,6557,0.5,0,0,0,3,0,benign_normal,BENIGN
BENIGN_NORMAL-0035,WIN-ARGUS-035,0,16,3,3,0,0,0,2.0,3,3,1,0,0,7,0.1,2.3770625,0.029,0,0,0,0,5,3,2,12093,10150,4.0,1,0,1,4,0,benign_normal,BENIGN
BENIGN_NORMAL-0035,WIN-ARGUS-035,1,13,3,3,0,0,0,2.0,3,2,2,0,0,7,0.06666666666666667,2.3282307692307693,0.047615384615384615,0,0,0,0,3,2,2,5600,10940,8.0,0,0,0,3,0,benign_normal,BENIGN
BENIGN_NORMAL-0035,WIN-ARGUS-035,2,9,3,3,0,0,0,2.0,3,1,0,0,0,4,0.03333333333333333,2.074,0.029444444444444447,0,0,0,0,2,1,2,9698,7831,12.5,0,0,0,3,0,benign_normal,BENIGN
BENIGN_NORMAL-0035,WIN-ARGUS-035,3,14,4,4,0,0,0,2.0,1,2,2,0,0,5,0.06666666666666667,1.8215714285714284,0.02485714285714286,0,0,0,0,5,2,2,13368,13159,3.6,0,0,0,3,0,benign_normal,BENIGN
BENIGN_NORMAL-0035,WIN-ARGUS-035,4,10,3,4,0,0,0,2.0,3,0,1,0,0,4,0.0,2.1054,0.028399999999999998,0,0,0,0,3,3,2,5864,8789,7.333333333333333,0,0,0,3,0,benign_normal,BENIGN
BENIGN_NORMAL-0035,WIN-ARGUS-035,5,13,2,2,0,0,0,2.0,4,1,1,0,0,6,0.03333333333333333,2.596461538461538,0.033846153846153845,0,0,0,0,5,3,2,11953,12514,5.6,0,0,0,3,0,benign_normal,BENIGN
BENIGN_NORMAL-0036,WIN-ARGUS-036,0,14,4,4,0,0,0,2.0,2,3,1,0,0,6,0.1,2.1252857142857144,0.040214285714285716,0,0,0,0,3,2,2,5196,2831,1.6666666666666667,1,0,1,4,0,benign_normal,BENIGN
BENIGN_NORMAL-0036,WIN-ARGUS-036,1,13,4,4,0,0,0,2.0,1,2,4,0,0,7,0.06666666666666667,2.4616153846153845,0.05130769230769231,0,0,0,0,2,2,1,7053,3672,2.5,0,0,0,3,0,benign_normal,BENIGN
BENIGN_NORMAL-0036,WIN-ARGUS-036,2,12,3,4,0,0,0,2.0,2,2,1,0,0,5,0.06666666666666667,2.16325,0.02925,0,0,0,0,4,2,2,8084,8728,5.0,0,0,0,3,0,benign_normal,BENIGN
BENIGN_NORMAL-0036,WIN-ARGUS-036,3,12,4,4,0,0,0,2.0,1,1,2,0,0,4,0.03333333333333333,1.5544166666666666,0.026083333333333333,0,0,0,0,4,3,2,9664,13291,4.5,0,0,0,3,0,benign_normal,BENIGN
BENIGN_NORMAL-0036,WIN-ARGUS-036,4,10,2,2,0,0,0,2.0,2,1,3,0,0,6,0.03333333333333333,3.0285,0.05600000000000001,0,0,0,0,2,1,2,6548,8556,2.0,0,0,0,3,0,benign_normal,BENIGN
BENIGN_NORMAL-0036,WIN-ARGUS-036,5,15,4,4,0,0,0,2.0,2,3,3,0,0,8,0.1,2.6591333333333336,0.038533333333333336,0,0,0,0,3,2,3,2272,5174,6.333333333333333,0,0,0,3,0,benign_normal,BENIGN
BENIGN_NORMAL-0037,WIN-ARGUS-037,0,15,3,4,0,0,0,2.0,4,2,1,0,0,7,0.06666666666666667,2.1382666666666665,0.03126666666666667,0,0,0,0,4,2,2,8317,14874,7.0,1,0,1,4,0,benign_normal,BENIGN
BENIGN_NORMAL-0037,WIN-ARGUS-037,1,9,2,3,0,0,0,2.0,1,3,1,0,0,5,0.1,2.9648888888888885,0.059555555555555556,0,0,0,0,2,2,2,5888,3142,2.5,0,0,0,3,0,benign_normal,BENIGN
BENIGN_NORMAL-0037,WIN-ARGUS-037,2,11,2,2,0,0,0,2.0,1,1,2,0,0,4,0.03333333333333333,1.872090909090909,0.03509090909090909,0,0,0,0,5,2,3,14834,17410,2.4,0,0,0,3,0,benign_normal,BENIGN
BENIGN_NORMAL-0037,WIN-ARGUS-037,3,9,3,4,0,0,0,2.0,0,2,2,0,0,4,0.06666666666666667,2.5074444444444444,0.03266666666666666,0,0,0,0,2,2,2,5315,7435,3.5,0,0,0,3,0,benign_normal,BENIGN
BENIGN_NORMAL-0037,WIN-ARGUS-037,4,14,4,4,0,0,0,2.0,2,2,1,0,0,5,0.06666666666666667,1.7367857142857142,0.0275,0,0,0,0,5,2,3,15828,10387,3.0,0,0,0,3,0,benign_normal,BENIGN
BENIGN_NORMAL-0037,WIN-ARGUS-037,5,8,2,2,0,0,0,2.0,0,1,3,0,0,4,0.03333333333333333,2.537375,0.0465,0,0,0,0,2,2,2,6814,6098,2.5,0,0,0,3,0,benign_normal,BENIGN
BENIGN_NORMAL-0038,WIN-ARGUS-038,0,13,4,4,0,0,0,2.0,1,4,0,0,0,5,0.13333333333333333,1.6487692307692308,0.02523076923076923,0,0,0,0,3,3,2,6128,6998,5.666666666666667,1,0,1,4,0,benign_normal,BENIGN
BENIGN_NORMAL-0038,WIN-ARGUS-038,1,15,3,3,0,0,0,2.0,3,3,1,0,0,7,0.1,2.2362666666666664,0.023733333333333332,0,0,0,0,5,3,3,10627,12230,2.8,0,0,0,3,0,benign_normal,BENIGN
BENIGN_NORMAL-0038,WIN-ARGUS-038,2,15,4,4,0,0,0,2.0,0,1,7,0,0,8,0.03333333333333333,2.430066666666667,0.04000000000000001,0,0,0,0,3,2,1,5870,6673,4.666666666666667,0,0,0,3,0,benign_normal,BENIGN
BENIGN_NORMAL-0038,WIN-ARGUS-038,3,14,3,4,0,0,0,2.0,4,2,1,0,0,7,0.06666666666666667,2.2015,0.03514285714285714,0,0,0,0,4,3,3,9782,9425,4.5,0,0,0,3,0,benign_normal,BENIGN
BENIGN_NORMAL-0038,WIN-ARGUS-038,4,11,2,2,0,0,0,2.0,1,3,3,0,0,7,0.1,2.664818181818182,0.054818181818181815,0,0,0,0,2,2,1,4399,7999,2.5,0,0,0,3,0,benign_normal,BENIGN
BENIGN_NORMAL-0038,WIN-ARGUS-038,5,15,4,4,0,0,0,2.0,3,2,3,0,0,8,0.06666666666666667,2.6024000000000003,0.026866666666666667,0,0,0,0,3,3,2,4336,9212,0.6666666666666666,0,0,0,3,0,benign_normal,BENIGN
BENIGN_NORMAL-0039,WIN-ARGUS-039,0,13,2,3,0,0,0,2.0,2,1,4,0,0,7,0.03333333333333333,2.7413846153846153,0.037384615384615384,0,0,0,0,3,2,3,9224,2566,5.666666666666667,1,0,1,4,0,benign_normal,BENIGN
BENIGN_NORMAL-0039,WIN-ARGUS-039,1,12,3,4,0,0,0,2.0,2,1,3,0,0,6,0.03333333333333333,2.7748333333333335,0.036166666666666666,0,0,0,0,3,2,2,6161,7194,4.0,0,0,0,3,0,benign_normal,BENIGN
BENIGN_NORMAL-0039,WIN-ARGUS-039,2,12,4,4,0,0,0,2.0,3,2,0,0,0,5,0.06666666666666667,2.1530833333333335,0.034833333333333334,0,0,0,0,3,3,2,10089,7385,6.666666666666667,0,0,0,3,0,benign_normal,BENIGN
BENIGN_NORMAL-0039,WIN-ARGUS-039,3,8,2,3,0,0,0,2.0,1,2,1,0,0,4,0.06666666666666667,2.564625,0.039,0,0,0,0,2,2,2,2873,5046,5.5,0,0,0,3,0,benign_normal,BENIGN
BENIGN_NORMAL-0039,WIN-ARGUS-039,4,12,3,3,0,0,0,2.0,2,2,2,0,0,6,0.06666666666666667,2.409333333333333,0.046000000000000006,0,0,0,0,3,2,2,3507,6598,8.0,0,0,0,3,0,benign_normal,BENIGN
BENIGN_NORMAL-0039,WIN-ARGUS-039,5,12,2,2,0,0,0,2.0,2,3,3,0,0,8,0.1,3.170166666666667,0.06891666666666667,0,0,0,0,2,1,2,6265,3650,3.5,0,0,0,3,0,benign_normal,BENIGN
BENIGN_NORMAL-0040,WIN-ARGUS-040,0,17,3,3,0,0,0,2.0,2,3,3,0,0,8,0.1,2.3108235294117647,0.02758823529411765,0,0,0,0,5,3,3,16234,10832,5.2,1,0,1,4,0,benign_normal,BENIGN
BENIGN_NORMAL-0040,WIN-ARGUS-040,1,10,2,2,0,0,0,2.0,3,0,1,0,0,4,0.0,1.9183,0.0284,0,0,0,0,4,1,3,7318,11183,6.5,0,0,0,3,0,benign_normal,BENIGN
BENIGN_NORMAL-0040,WIN-ARGUS-040,2,14,4,4,0,0,0,2.0,3,3,0,0,0,6,0.1,2.1847142857142856,0.036,0,0,0,0,4,2,2,8196,8477,6.75,0,0,0,3,0,benign_normal,BENIGN
BENIGN_NORMAL-0040,WIN-ARGUS-040,3,11,4,4,0,0,0,2.0,2,1,1,0,0,4,0.03333333333333333,1.8869090909090909,0.03409090909090909,0,0,0,0,3,2,2,5223,3203,4.333333333333333,0,0,0,3,0,benign_normal,BENIGN
BENIGN_NORMAL-0040,WIN-ARGUS-040,4,14,4,4,0,0,0,2.0,1,3,1,0,0,5,0.1,1.8704285714285713,0.023571428571428573,0,0,0,0,5,3,3,11916,12112,4.0,0,0,0,3,0,benign_normal,BENIGN
BENIGN_NORMAL-0040,WIN-ARGUS-040,5,12,2,2,0,0,0,2.0,1,2,2,0,0,5,0.06666666666666667,2.140333333333333,0.030583333333333334,0,0,0,0,5,3,3,11815,8419,2.0,0,0,0,3,0,benign_normal,BENIGN
BENIGN_NORMAL-0041,WIN-ARGUS-041,0,12,2,3,0,0,0,2.0,0,1,3,0,0,4,0.03333333333333333,1.8308333333333333,0.02316666666666667,0,0,0,0,5,3,2,7727,7536,2.2,1,0,1,4,0,benign_normal,BENIGN
BENIGN_NORMAL-0041,WIN-ARGUS-041,1,13,2,3,0,0,0,2.0,7,0,1,0,0,8,0.0,3.030384615384615,0.0526923076923077,0,0,0,0,3,3,2,8906,4625,7.0,0,0,0,3,0,benign_normal,BENIGN
BENIGN_NORMAL-0041,WIN-ARGUS-041,2,13,3,3,0,0,0,2.0,2,1,2,0,0,5,0.03333333333333333,1.9607692307692308,0.021230769230769234,0,0,0,0,5,3,3,12546,10398,3.2,0,0,0,3,0,benign_normal,BENIGN
BENIGN_NORMAL-0041,WIN-ARGUS-041,3,9,2,3,0,0,0,2.0,1,1,3,0,0,5,0.03333333333333333,2.6665555555555556,0.024555555555555556,0,0,0,0,2,2,1,5898,3279,1.0,0,0,0,3,0,benign_normal,BENIGN
BENIGN_NORMAL-0041,WIN-ARGUS-041,4,13,2,3,0,0,0,2.0,3,1,2,0,0,6,0.03333333333333333,1.965846153846154,0.027615384615384615,0,0,0,0,5,3,3,10390,15989,5.2,0,0,0,3,0,benign_normal,BENIGN
BENIGN_NORMAL-0041,WIN-ARGUS-041,5,14,4,4,0,0,0,2.0,0,1,4,0,0,5,0.03333333333333333,1.5704285714285715,0.025785714285714283,0,0,0,0,5,2,2,13175,12714,4.0,0,0,0,3,0,benign_normal,BENIGN
BENIGN_NORMAL-0042,WIN-ARGUS-042,0,16,2,3,0,0,0,2.0,3,2,3,0,0,8,0.06666666666666667,2.528125,0.0418125,0,0,0,0,5,3,3,18134,12593,5.0,1,0,1,4,0,benign_normal,BENIGN
BENIGN_NORMAL-0042,WIN-ARGUS-042,1,14,4,4,0,0,0,2.0,1,3,4,0,0,8,0.1,2.8120000000000003,0.04121428571428572,0,0,0,0,2,2,2,2287,6323,5.5,0,0,0,3,0,benign_normal,BENIGN
BENIGN_NORMAL-0042,WIN-ARGUS-042,2,14,4,4,0,0,0,2.0,3,1,2,0,0,6,0.03333333333333333,2.061714285714286,0.041999999999999996,0,0,0,0,4,2,3,14001,12803,1.5,0,0,0,3,0,benign_normal,BENIGN
BENIGN_NORMAL-0042,WIN-ARGUS-042,3,12,4,4,0,0,0,2.0,2,2,1,0,0,5,0.06666666666666667,2.2114166666666666,0.028416666666666663,0,0,0,0,3,1,2,11497,3406,4.0,0,0,0,3,0,benign_normal,BENIGN
BENIGN_NORMAL-0042,WIN-ARGUS-042,4,15,4,4,0,0,0,2.0,2,0,4,0,0,6,0.0,2.0128,0.0344,0,0,0,0,5,2,3,9900,13582,5.4,0,0,0,3,0,benign_normal,BENIGN
BENIGN_NORMAL-0042,WIN-ARGUS-042,5,12,3,3,0,0,0,2.0,1,2,2,0,0,5,0.06666666666666667,2.1108333333333333,0.027749999999999997,0,0,0,0,4,2,2,11214,5251,3.0,0,0,0,3,0,benign_normal,BENIGN
BENIGN_NORMAL-0043,WIN-ARGUS-043,0,13,2,2,0,0,0,2.0,1,2,2,0,0,5,0.06666666666666667,1.8057692307692308,0.03330769230769231,0,0,0,0,5,2,2,15492,14456,2.2,1,0,1,4,0,benign_normal,BENIGN
BENIGN_NORMAL-0043,WIN-ARGUS-043,1,12,3,3,0,0,0,2.0,4,1,0,0,0,5,0.03333333333333333,2.26475,0.01891666666666667,0,0,0,0,4,2,3,9927,8110,3.0,0,0,0,3,0,benign_normal,BENIGN
BENIGN_NORMAL-0043,WIN-ARGUS-043,2,10,4,4,0,0,0,2.0,1,1,2,0,0,4,0.03333333333333333,2.1991,0.0349,0,0,0,0,2,1,1,5219,4080,0.5,0,0,0,3,0,benign_normal,BENIGN
BENIGN_NORMAL-0043,WIN-ARGUS-043,3,14,3,3,0,0,0,2.0,3,1,3,0,0,7,0.03333333333333333,2.686,0.0275,0,0,0,0,4,3,2,9711,9230,4.5,0,0,0,3,0,benign_normal,BENIGN
BENIGN_NORMAL-0043,WIN-ARGUS-043,4,13,3,3,0,0,0,2.0,1,4,3,0,0,8,0.13333333333333333,3.0185384615384616,0.04115384615384616,0,0,0,0,2,2,2,4106,7127,4.5,0,0,0,3,0,benign_normal,BENIGN
BENIGN_NORMAL-0043,WIN-ARGUS-043,5,9,3,3,0,0,0,2.0,2,1,1,0,0,4,0.03333333333333333,2.207,0.044000000000000004,0,0,0,0,2,2,2,5175,5016,3.5,0,0,0,3,0,benign_normal,BENIGN
BENIGN_NORMAL-0044,WIN-ARGUS-044,0,16,4,4,0,0,0,2.0,3,1,2,0,0,6,0.03333333333333333,1.857375,0.021812500000000002,0,0,0,0,5,3,3,16671,14364,5.2,1,0,1,4,0,benign_normal,BENIGN
BENIGN_NORMAL-0044,WIN-ARGUS-044,1,10,2,2,0,0,0,2.0,1,2,1,0,0,4,0.06666666666666667,1.9122,0.0274,0,0,0,0,4,3,2,14101,8587,3.5,0,0,0,3,0,benign_normal,BENIGN
BENIGN_NORMAL-0044,WIN-ARGUS-044,2,10,3,3,0,0,0,2.0,2,1,2,0,0,5,0.03333333333333333,2.7008,0.056600000000000004,0,0,0,0,2,2,1,6463,2152,5.0,0,0,0,3,0,benign_normal,BENIGN
BENIGN_NORMAL-0044,WIN-ARGUS-044,3,13,3,4,0,0,0,2.0,2,1,4,0,0,7,0.03333333333333333,2.495923076923077,0.045307692307692306,0,0,0,0,3,2,2,8173,10021,7.0,0,0,0,3,0,benign_normal,BENIGN
BENIGN_NORMAL-0044,WIN-ARGUS-044,4,13,2,3,0,0,0,2.0,2,1,5,0,0,8,0.03333333333333333,2.710461538461538,0.049,0,0,0,0,3,2,1,6948,7845,2.0,0,0,0,3,0,benign_normal,BENIGN
BENIGN_NORMAL-0044,WIN-ARGUS-044,5,12,4,4,0,0,0,2.0,3,1,2,0,0,6,0.03333333333333333,2.746166666666667,0.03975,0,0,0,0,2,2,1,5855,5770,3.0,0,0,0,3,0,benign_normal,BENIGN
BENIGN_NORMAL-0045,WIN-ARGUS-045,0,11,2,2,0,0,0,2.0,1,1,2,0,0,4,0.03333333333333333,1.7896363636363637,0.02809090909090909,0,0,0,0,4,2,3,9248,10229,4.75,1,0,1,4,0,benign_normal,BENIGN
BENIGN_NORMAL-0045,WIN-ARGUS-045,1,12,3,3,0,0,0,2.0,5,2,0,0,0,7,0.06666666666666667,2.704833333333333,0.05375,0,0,0,0,2,2,2,3309,4621,6.0,0,0,0,3,0,benign_normal,BENIGN
BENIGN_NORMAL-0045,WIN-ARGUS-045,2,9,2,2,0,0,0,2.0,2,1,1,0,0,4,0.03333333333333333,2.224222222222222,0.04888888888888889,0,0,0,0,3,2,2,8538,3352,8.333333333333334,0,0,0,3,0,benign_normal,BENIGN
BENIGN_NORMAL-0045,WIN-ARGUS-045,3,12,3,3,0,0,0,2.0,1,2,1,0,0,4,0.06666666666666667,1.8765,0.024749999999999998,0,0,0,0,5,3,3,13011,15171,3.8,0,0,0,3,0,benign_normal,BENIGN
BENIGN_NORMAL-0045,WIN-ARGUS-045,4,15,2,3,0,0,0,2.0,3,2,3,0,0,8,0.06666666666666667,2.853133333333333,0.05826666666666667,0,0,0,0,5,2,3,11992,7514,5.0,0,0,0,3,0,benign_normal,BENIGN
BENIGN_NORMAL-0045,WIN-ARGUS-045,5,13,3,3,0,0,0,2.0,1,3,3,0,0,7,0.1,2.5076923076923077,0.0356923076923077,0,0,0,0,3,1,3,9213,8564,2.0,0,0,0,3,0,benign_normal,BENIGN
BENIGN_NORMAL-0046,WIN-ARGUS-046,0,11,2,3,0,0,0,2.0,2,1,2,0,0,5,0.03333333333333333,2.2884545454545457,0.04172727272727273,0,0,0,0,3,2,3,7326,6171,3.6666666666666665,1,0,1,4,0,benign_normal,BENIGN
BENIGN_NORMAL-0046,WIN-ARGUS-046,1,15,4,4,0,0,0,2.0,2,2,3,0,0,7,0.06666666666666667,2.5392,0.043000000000000003,0,0,0,0,4,3,3,6131,5596,4.5,0,0,0,3,0,benign_normal,BENIGN
BENIGN_NORMAL-0046,WIN-ARGUS-046,2,13,2,3,0,0,0,2.0,2,3,3,0,0,8,0.1,3.0892307692307694,0.04630769230769231,0,0,0,0,3,3,2,10591,8915,6.0,0,0,0,3,0,benign_normal,BENIGN
BENIGN_NORMAL-0046,WIN-ARGUS-046,3,14,4,4,0,0,0,2.0,1,1,3,0,0,5,0.03333333333333333,1.6614285714285713,0.026714285714285715,0,0,0,0,5,3,2,11267,15608,3.4,0,0,0,3,0,benign_normal,BENIGN
BENIGN_NORMAL-0046,WIN-ARGUS-046,4,14,3,4,0,0,0,2.0,3,0,3,0,0,6,0.0,2.2435714285714288,0.046714285714285715,0,0,0,0,5,3,3,14831,12145,4.6,0,0,0,3,0,benign_normal,BENIGN
BENIGN_NORMAL-0046,WIN-ARGUS-046,5,14,3,3,0,0,0,2.0,2,2,4,0,0,8,0.06666666666666667,2.874714285714286,0.045714285714285714,0,0,0,0,3,2,1,3313,8812,8.333333333333334,0,0,0,3,0,benign_normal,BENIGN
BENIGN_NORMAL-0047,WIN-ARGUS-047,0,12,2,2,0,0,0,2.0,5,1,1,0,0,7,0.03333333333333333,2.7800833333333337,0.05508333333333334,0,0,0,0,2,1,1,2456,5179,6.0,1,0,1,4,0,benign_normal,BENIGN
BENIGN_NORMAL-0047,WIN-ARGUS-047,1,11,3,3,0,0,0,2.0,1,3,0,0,0,4,0.1,1.972363636363636,0.03763636363636364,0,0,0,0,4,2,3,7843,9477,3.25,0,0,0,3,0,benign_normal,BENIGN
BENIGN_NORMAL-0047,WIN-ARGUS-047,2,13,4,4,0,0,0,2.0,3,0,4,0,0,7,0.0,2.7673076923076922,0.03892307692307692,0,0,0,0,2,2,2,1960,7748,6.5,0,0,0,3,0,benign_normal,BENIGN
BENIGN_NORMAL-0047,WIN-ARGUS-047,3,14,3,3,0,0,0,2.0,2,1,5,0,0,8,0.03333333333333333,2.8933571428571425,0.038071428571428576,0,0,0,0,3,2,2,6207,6862,5.666666666666667,0,0,0,3,0,benign_normal,BENIGN
BENIGN_NORMAL-0047,WIN-ARGUS-047,4,14,4,4,0,0,0,2.0,1,2,3,0,0,6,0.06666666666666667,2.2340714285714287,0.032,0,0,0,0,4,2,3,9329,16243,4.0,0,0,0,3,0,benign_normal,BENIGN
BENIGN_NORMAL-0047,WIN-ARGUS-047,5,10,3,3,0,0,0,2.0,1,2,1,0,0,4,0.06666666666666667,1.9613,0.038,0,0,0,0,3,1,2,7586,7527,2.6666666666666665,0,0,0,3,0,benign_normal,BENIGN
BENIGN_NORMAL-0048,WIN-ARGUS-048,0,13,4,4,0,0,0,2.0,0,2,4,0,0,6,0.06666666666666667,2.2226923076923075,0.02769230769230769,0,0,0,0,2,1,2,3766,2786,7.0,1,0,1,4,0,benign_normal,BENIGN
BENIGN_NORMAL-0048,WIN-ARGUS-048,1,12,4,4,0,0,0,2.0,1,3,0,0,0,4,0.1,1.6537499999999998,0.021416666666666667,0,0,0,0,4,2,2,8108,6011,6.0,0,0,0,3,0,benign_normal,BENIGN
BENIGN_NORMAL-0048,WIN-ARGUS-048,2,14,2,2,0,0,0,2.0,3,5,0,0,0,8,0.16666666666666666,2.9194999999999998,0.047,0,0,0,0,4,1,2,7580,7872,4.25,0,0,0,3,0,benign_normal,BENIGN
BENIGN_NORMAL-0048,WIN-ARGUS-048,3,15,4,4,0,0,0,2.0,0,2,6,0,0,8,0.06666666666666667,2.6792666666666665,0.045533333333333335,0,0,0,0,3,2,1,6302,3728,4.333333333333333,0,0,0,3,0,benign_normal,BENIGN
BENIGN_NORMAL-0048,WIN-ARGUS-048,4,15,4,4,0,0,0,2.0,5,2,1,0,0,8,0.06666666666666667,2.485266666666667,0.05053333333333333,0,0,0,0,3,1,1,3211,1968,3.3333333333333335,0,0,0,3,0,benign_normal,BENIGN
BENIGN_NORMAL-0048,WIN-ARGUS-048,5,11,4,4,0,0,0,2.0,2,2,1,0,0,5,0.06666666666666667,2.2845454545454547,0.04236363636363636,0,0,0,0,2,2,2,1711,1741,1.5,0,0,0,3,0,benign_normal,BENIGN
BENIGN_NORMAL-0049,WIN-ARGUS-049,0,11,2,2,0,0,0,2.0,2,1,2,0,0,5,0.03333333333333333,2.2384545454545455,0.02581818181818182,0,0,0,0,3,2,1,5889,7639,5.333333333333333,1,0,1,4,0,benign_normal,BENIGN
BENIGN_NORMAL-0049,WIN-ARGUS-049,1,10,2,2,0,0,0,2.0,2,2,1,0,0,5,0.06666666666666667,2.8403,0.0581,0,0,0,0,3,2,2,5888,7935,7.0,0,0,0,3,0,benign_normal,BENIGN
BENIGN_NORMAL-0049,WIN-ARGUS-049,2,15,4,4,0,0,0,2.0,2,4,2,0,0,8,0.13333333333333333,2.582133333333333,0.0458,0,0,0,0,3,2,2,7920,6170,3.0,0,0,0,3,0,benign_normal,BENIGN
BENIGN_NORMAL-0049,WIN-ARGUS-049,3,10,4,4,0,0,0,2.0,1,0,3,0,0,4,0.0,2.0036,0.040100000000000004,0,0,0,0,2,2,2,1816,6356,1.0,0,0,0,3,0,benign_normal,BENIGN
BENIGN_NORMAL-0049,WIN-ARGUS-049,4,15,3,3,0,0,0,2.0,5,1,1,0,0,7,0.03333333333333333,2.3022666666666667,0.033,0,0,0,0,5,3,3,12143,10053,3.8,0,0,0,3,0,benign_normal,BENIGN
BENIGN_NORMAL-0049,WIN-ARGUS-049,5,13,3,3,0,0,0,2.0,0,4,3,0,0,7,0.13333333333333333,2.779923076923077,0.04392307692307692,0,0,0,0,3,2,2,7614,5418,5.666666666666667,0,0,0,3,0,benign_normal,BENIGN
BENIGN_NORMAL-0050,WIN-ARGUS-050,0,15,3,3,0,0,0,2.0,2,1,3,0,0,6,0.03333333333333333,1.8740666666666668,0.030266666666666667,0,0,0,0,5,2,2,10248,12974,4.8,1,0,1,4,0,benign_normal,BENIGN
BENIGN_NORMAL-0050,WIN-ARGUS-050,1,9,3,4,0,0,0,2.0,2,0,2,0,0,4,0.0,1.921888888888889,0.03888888888888889,0,0,0,0,2,2,2,5881,4043,10.0,0,0,0,3,0,benign_normal,BENIGN
BENIGN_NORMAL-0050,WIN-ARGUS-050,2,13,2,3,0,0,0,2.0,3,3,2,0,0,8,0.1,2.938,0.05523076923076923,0,0,0,0,3,3,2,8059,6036,5.333333333333333,0,0,0,3,0,benign_normal,BENIGN
BENIGN_NORMAL-0050,WIN-ARGUS-050,3,12,4,4,0,0,0,2.0,0,4,2,0,0,6,0.13333333333333333,2.4450833333333333,0.02966666666666667,0,0,0,0,2,2,2,7140,5879,7.0,0,0,0,3,0,benign_normal,BENIGN
BENIGN_NORMAL-0050,WIN-ARGUS-050,4,12,2,3,0,0,0,2.0,2,3,3,0,0,8,0.1,3.3008333333333333,0.058666666666666666,0,0,0,0,2,2,2,7388,4489,11.5,0,0,0,3,0,benign_normal,BENIGN
BENIGN_NORMAL-0050,WIN-ARGUS-050,5,14,4,4,0,0,0,2.0,1,5,2,0,0,8,0.16666666666666666,3.080428571428571,0.046714285714285715,0,0,0,0,2,2,2,6549,5331,12.0,0,0,0,3,0,benign_normal,BENIGN
BENIGN_NORMAL-0051,WIN-ARGUS-051,0,12,3,3,0,0,0,2.0,3,2,1,0,0,6,0.06666666666666667,2.52875,0.02975,0,0,0,0,2,1,2,5522,5814,3.5,1,0,1,4,0,benign_normal,BENIGN
BENIGN_NORMAL-0051,WIN-ARGUS-051,1,13,2,2,0,0,0,2.0,1,4,3,0,0,8,0.13333333333333333,3.07,0.05823076923076923,0,0,0,0,3,2,3,9473,9650,4.333333333333333,0,0,0,3,0,benign_normal,BENIGN
BENIGN_NORMAL-0051,WIN-ARGUS-051,2,9,2,3,0,0,0,2.0,3,1,1,0,0,5,0.03333333333333333,2.7884444444444445,0.03911111111111112,0,0,0,0,2,2,1,5065,3624,1.0,0,0,0,3,0,benign_normal,BENIGN
BENIGN_NORMAL-0051,WIN-ARGUS-051,3,14,3,3,0,0,0,2.0,1,1,4,0,0,6,0.03333333333333333,2.0927857142857142,0.028285714285714286,0,0,0,0,5,2,3,14977,15510,3.2,0,0,0,3,0,benign_normal,BENIGN
BENIGN_NORMAL-0051,WIN-ARGUS-051,4,14,3,3,0,0,0,2.0,5,0,2,0,0,7,0.0,2.6439285714285714,0.03642857142857143,0,0,0,0,4,3,3,17415,10277,3.0,0,0,0,3,0,benign_normal,BENIGN
BENIGN_NORMAL-0051,WIN-ARGUS-051,5,13,3,3,0,0,0,2.0,1,4,3,0,0,8,0.13333333333333333,2.9576153846153845,0.053153846153846156,0,0,0,0,2,2,2,3774,882,11.0,0,0,0,3,0,benign_normal,BENIGN
BENIGN_NORMAL-0052,WIN-ARGUS-052,0,11,3,3,0,0,0,2.0,1,2,1,0,0,4,0.06666666666666667,1.8106363636363638,0.025909090909090913,0,0,0,0,3,2,1,8880,9408,1.6666666666666667,1,0,1,4,0,benign_normal,BENIGN
BENIGN_NORMAL-0052,WIN-ARGUS-052,1,9,3,3,0,0,0,2.0,2,1,1,0,0,4,0.03333333333333333,2.177777777777778,0.050444444444444445,0,0,0,0,2,2,1,7713,5789,7.5,0,0,0,3,0,benign_normal,BENIGN
BENIGN_NORMAL-0052,WIN-ARGUS-052,2,15,3,3,0,0,0,2.0,1,3,3,0,0,7,0.1,2.3013333333333335,0.0364,0,0,0,0,5,2,3,20575,17167,1.2,0,0,0,3,0,benign_normal,BENIGN
BENIGN_NORMAL-0052,WIN-ARGUS-052,3,14,2,3,0,0,0,2.0,2,4,2,0,0,8,0.13333333333333333,2.694357142857143,0.047,0,0,0,0,4,2,2,7337,11252,7.0,0,0,0,3,0,benign_normal,BENIGN
BENIGN_NORMAL-0052,WIN-ARGUS-052,4,12,3,3,0,0,0,2.0,1,4,1,0,0,6,0.13333333333333333,2.32525,0.058499999999999996,0,0,0,0,3,2,3,7614,7459,0.3333333333333333,0,0,0,3,0,benign_normal,BENIGN
BENIGN_NORMAL-0052,WIN-ARGUS-052,5,14,4,4,0,0,0,2.0,2,2,2,0,0,6,0.06666666666666667,1.9962857142857142,0.03121428571428572,0,0,0,0,4,2,3,8869,9258,4.5,0,0,0,3,0,benign_normal,BENIGN
BENIGN_NORMAL-0053,WIN-ARGUS-053,0,12,2,2,0,0,0,2.0,1,2,3,0,0,6,0.06666666666666667,2.2200833333333336,0.045500000000000006,0,0,0,0,3,3,2,7900,9163,8.333333333333334,1,0,1,4,0,benign_normal,BENIGN
BENIGN_NORMAL-0053,WIN-ARGUS-053,1,12,3,3,0,0,0,2.0,1,1,2,0,0,4,0.03333333333333333,1.50525,0.029916666666666664,0,0,0,0,5,2,3,12396,10344,3.4,0,0,0,3,0,benign_normal,BENIGN
BENIGN_NORMAL-0053,WIN-ARGUS-053,2,13,2,2,0,0,0,2.0,2,1,3,0,0,6,0.03333333333333333,2.225230769230769,0.039384615384615386,0,0,0,0,5,2,3,11417,16300,3.2,0,0,0,3,0,benign_normal,BENIGN
BENIGN_NORMAL-0053,WIN-ARGUS-053,3,14,3,3,0,0,0,2.0,3,1,2,0,0,6,0.03333333333333333,2.0964285714285715,0.032785714285714286,0,0,0,0,5,3,3,15851,8281,4.2,0,0,0,3,0,benign_normal,BENIGN
BENIGN_NORMAL-0053,WIN-ARGUS-053,4,9,2,3,0,0,0,2.0,1,2,2,0,0,5,0.06666666666666667,2.901333333333333,0.03788888888888889,0,0,0,0,2,2,1,7480,4530,9.0,0,0,0,3,0,benign_normal,BENIGN
BENIGN_NORMAL-0053,WIN-ARGUS-053,5,12,3,3,0,0,0,2.0,3,1,1,0,0,5,0.03333333333333333,1.8845,0.03141666666666667,0,0,0,0,4,3,3,9395,17816,3.5,0,0,0,3,0,benign_normal,BENIGN
BENIGN_NORMAL-0054,WIN-ARGUS-054,0,14,2,3,0,0,0,2.0,1,3,2,0,0,6,0.1,2.4458571428571427,0.02935714285714286,0,0,0,0,5,3,3,7886,7079,1.6,1,0,1,4,0,benign_normal,BENIGN
BENIGN_NORMAL-0054,WIN-ARGUS-054,1,13,2,2,0,0,0,2.0,3,1,2,0,0,6,0.03333333333333333,2.183076923076923,0.05030769230769231,0,0,0,0,5,3,3,9721,7191,4.0,0,0,0,3,0,benign_normal,BENIGN
BENIGN_NORMAL-0054,WIN-ARGUS-054,2,11,3,3,0,0,0,2.0,3,2,0,0,0,5,0.06666666666666667,1.9347272727272726,0.024909090909090912,0,0,0,0,3,3,2,10419,5019,5.0,0,0,0,3,0,benign_normal,BENIGN
BENIGN_NORMAL-0054,WIN-ARGUS-054,3,15,3,4,0,0,0,2.0,3,2,3,0,0,8,0.06666666666666667,2.6366666666666663,0.022733333333333335,0,0,0,0,4,2,3,14916,12220,5.75,0,0,0,3,0,benign_normal,BENIGN
BENIGN_NORMAL-0054,WIN-ARGUS-054,4,15,4,4,0,0,0,2.0,2,2,3,0,0,7,0.06666666666666667,2.143066666666667,0.02606666666666667,0,0,0,0,4,2,3,5086,4845,6.25,0,0,0,3,0,benign_normal,BENIGN
BENIGN_NORMAL-0054,WIN-ARGUS-054,5,16,4,4,0,0,0,2.0,3,1,4,0,0,8,0.03333333333333333,2.294625,0.0314375,0,0,0,0,4,2,2,9842,10612,4.0,0,0,0,3,0,benign_normal,BENIGN
BENIGN_NORMAL-0055,WIN-ARGUS-055,0,11,3,4,0,0,0,2.0,1,2,2,0,0,5,0.06666666666666667,2.413909090909091,0.03436363636363637,0,0,0,0,2,2,2,2053,9284,2.5,1,0,1,4,0,benign_normal,BENIGN
BENIGN_NORMAL-0055,WIN-ARGUS-055,1,12,4,4,0,0,0,2.0,2,2,0,0,0,4,0.06666666666666667,1.32175,0.016333333333333335,0,0,0,0,4,3,2,10832,10508,5.75,0,0,0,3,0,benign_normal,BENIGN
BENIGN_NORMAL-0055,WIN-ARGUS-055,2,12,2,2,0,0,0,2.0,3,2,0,0,0,5,0.06666666666666667,2.475166666666667,0.03275,0,0,0,0,5,3,3,10665,15136,5.2,0,0,0,3,0,benign_normal,BENIGN
BENIGN_NORMAL-0055,WIN-ARGUS-055,3,14,2,2,0,0,0,2.0,1,2,4,0,0,7,0.06666666666666667,2.367,0.04242857142857143,0,0,0,0,5,2,3,12277,5850,1.6,0,0,0,3,0,benign_normal,BENIGN
BENIGN_NORMAL-0055,WIN-ARGUS-055,4,12,3,3,0,0,0,2.0,2,1,2,0,0,5,0.03333333333333333,2.35525,0.03225,0,0,0,0,4,3,3,12704,6764,5.5,0,0,0,3,0,benign_normal,BENIGN
BENIGN_NORMAL-0055,WIN-ARGUS-055,5,11,2,3,0,0,0,2.0,1,4,2,0,0,7,0.13333333333333333,3.3486363636363636,0.048363636363636366,0,0,0,0,2,2,2,7399,4880,7.0,0,0,0,3,0,benign_normal,BENIGN
BENIGN_NORMAL-0056,WIN-ARGUS-056,0,14,3,3,0,0,0,2.0,2,3,1,0,0,6,0.1,2.029571428571429,0.025500000000000002,0,0,0,0,4,2,3,8471,12274,4.75,1,0,1,4,0,benign_normal,BENIGN
BENIGN_NORMAL-0056,WIN-ARGUS-056,1,14,3,4,0,0,0,2.0,4,2,2,0,0,8,0.06666666666666667,2.6146428571428575,0.025785714285714283,0,0,0,0,3,2,2,7312,3701,3.0,0,0,0,3,0,benign_normal,BENIGN
BENIGN_NORMAL-0056,WIN-ARGUS-056,2,12,3,3,0,0,0,2.0,2,2,2,0,0,6,0.06666666666666667,2.72025,0.04591666666666667,0,0,0,0,3,2,2,8620,6094,3.3333333333333335,0,0,0,3,0,benign_normal,BENIGN
BENIGN_NORMAL-0056,WIN-ARGUS-056,3,14,3,3,0,0,0,2.0,4,2,1,0,0,7,0.06666666666666667,2.3112142857142857,0.04435714285714286,0,0,0,0,4,3,3,15004,11789,7.0,0,0,0,3,0,benign_normal,BENIGN
BENIGN_NORMAL-0056,WIN-ARGUS-056,4,11,2,2,0,0,0,2.0,2,2,0,0,0,4,0.06666666666666667,1.8674545454545457,0.02109090909090909,0,0,0,0,5,2,3,16004,7729,5.0,0,0,0,3,0,benign_normal,BENIGN
BENIGN_NORMAL-0056,WIN-ARGUS-056,5,10,4,4,0,0,0,2.0,1,1,2,0,0,4,0.03333333333333333,2.1350000000000002,0.0373,0,0,0,0,2,2,2,4627,5005,4.0,0,0,0,3,0,benign_normal,BENIGN
BENIGN_NORMAL-0057,WIN-ARGUS-057,0,13,4,4,0,0,0,2.0,4,0,1,0,0,5,0.0,1.7466153846153847,0.02476923076923077,0,0,0,0,3,3,1,8264,8417,9.0,1,0,1,4,0,benign_normal,BENIGN
BENIGN_NORMAL-0057,WIN-ARGUS-057,1,15,4,4,0,0,0,2.0,2,2,2,0,0,6,0.06666666666666667,1.9853999999999998,0.02706666666666667,0,0,0,0,5,3,2,10440,14289,3.0,0,0,0,3,0,benign_normal,BENIGN
BENIGN_NORMAL-0057,WIN-ARGUS-057,2,13,2,2,0,0,0,2.0,1,2,3,0,0,6,0.06666666666666667,2.3478461538461537,0.04576923076923077,0,0,0,0,5,3,3,15669,16579,1.8,0,0,0,3,0,benign_normal,BENIGN
BENIGN_NORMAL-0057,WIN-ARGUS-057,3,11,4,4,0,0,0,2.0,2,1,2,0,0,5,0.03333333333333333,2.0346363636363636,0.032545454545454544,0,0,0,0,2,2,1,2733,1024,9.0,0,0,0,3,0,benign_normal,BENIGN
BENIGN_NORMAL-0057,WIN-ARGUS-057,4,12,4,4,0,0,0,2.0,4,1,1,0,0,6,0.03333333333333333,2.3104999999999998,0.03125,0,0,0,0,2,2,1,2789,2109,3.5,0,0,0,3,0,benign_normal,BENIGN
BENIGN_NORMAL-0057,WIN-ARGUS-057,5,12,3,3,0,0,0,2.0,5,2,0,0,0,7,0.06666666666666667,2.74225,0.042166666666666665,0,0,0,0,2,1,2,5362,3127,10.5,0,0,0,3,0,benign_normal,BENIGN
BENIGN_NORMAL-0058,WIN-ARGUS-058,0,13,4,4,0,0,0,2.0,2,3,1,0,0,6,0.1,2.212307692307692,0.02669230769230769,0,0,0,0,2,2,1,5705,4515,4.5,1,0,1,4,0,benign_normal,BENIGN
BENIGN_NORMAL-0058,WIN-ARGUS-058,1,14,3,3,0,0,0,2.0,2,4,2,0,0,8,0.13333333333333333,3.0081428571428575,0.04635714285714286,0,0,0,0,3,2,3,8634,9878,2.0,0,0,0,3,0,benign_normal,BENIGN
BENIGN_NORMAL-0058,WIN-ARGUS-058,2,13,4,4,0,0,0,2.0,1,1,4,0,0,6,0.03333333333333333,2.431692307692308,0.0516923076923077,0,0,0,0,3,2,2,3809,14296,2.6666666666666665,0,0,0,3,0,benign_normal,BENIGN
BENIGN_NORMAL-0058,WIN-ARGUS-058,3,9,3,3,0,0,0,2.0,1,2,1,0,0,4,0.06666666666666667,2.102777777777778,0.01933333333333333,0,0,0,0,2,1,1,4006,4433,2.0,0,0,0,3,0,benign_normal,BENIGN
BENIGN_NORMAL-0058,WIN-ARGUS-058,4,12,2,3,0,0,0,2.0,3,3,1,0,0,7,0.1,2.7983333333333333,0.05575,0,0,0,0,3,2,3,11438,8806,2.6666666666666665,0,0,0,3,0,benign_normal,BENIGN
BENIGN_NORMAL-0058,WIN-ARGUS-058,5,12,4,4,0,0,0,2.0,2,0,2,0,0,4,0.0,1.5840833333333333,0.02291666666666667,0,0,0,0,4,1,3,6305,7398,3.5,0,0,0,3,0,benign_normal,BENIGN
BENIGN_NORMAL-0059,WIN-ARGUS-059,0,13,3,3,0,0,0,2.0,0,3,1,0,0,4,0.1,1.569846153846154,0.023692307692307693,0,0,0,0,5,3,3,20294,12806,4.6,1,0,1,4,0,benign_normal,BENIGN
BENIGN_NORMAL-0059,WIN-ARGUS-059,1,14,4,4,0,0,0,2.0,0,1,4,0,0,5,0.03333333333333333,1.7799285714285715,0.02985714285714286,0,0,0,0,5,2,3,6331,4878,3.2,0,0,0,3,0,benign_normal,BENIGN
BENIGN_NORMAL-0059,WIN-ARGUS-059,2,9,3,3,0,0,0,2.0,1,1,2,0,0,4,0.03333333333333333,2.052888888888889,0.051444444444444445,0,0,0,0,2,2,2,3540,908,3.0,0,0,0,3,0,benign_normal,BENIGN
BENIGN_NORMAL-0059,WIN-ARGUS-059,3,13,3,3,0,0,0,2.0,1,3,3,0,0,7,0.1,2.8023076923076924,0.029615384615384616,0,0,0,0,3,2,2,11075,9530,6.333333333333333,0,0,0,3,0,benign_normal,BENIGN
BENIGN_NORMAL-0059,WIN-ARGUS-059,4,10,2,2,0,0,0,2.0,1,4,1,0,0,6,0.13333333333333333,3.0813,0.05990000000000001,0,0,0,0,2,2,2,1192,5649,3.0,0,0,0,3,0,benign_normal,BENIGN
BENIGN_NORMAL-0059,WIN-ARGUS-059,5,15,3,4,0,0,0,2.0,1,2,4,0,0,7,0.06666666666666667,2.51,0.02706666666666667,0,0,0,0,5,3,2,4258,18010,1.4,0,0,0,3,0,benign_normal,BENIGN
BENIGN_NORMAL-0060,WIN-ARGUS-060,0,12,2,2,0,0,0,2.0,2,3,1,0,0,6,0.1,2.3680833333333333,0.0395,0,0,0,0,3,2,2,9258,9425,3.6666666666666665,1,0,1,4,0,benign_normal,BENIGN
BENIGN_NORMAL-0060,WIN-ARGUS-060,1,14,3,3,0,0,0,2.0,3,2,2,0,0,7,0.06666666666666667,2.4762857142857144,0.03528571428571429,0,0,0,0,4,1,2,13469,12072,6.5,0,0,0,3,0,benign_normal,BENIGN
BENIGN_NORMAL-0060,WIN-ARGUS-060,2,11,2,3,0,0,0,2.0,1,5,0,0,0,6,0.16666666666666666,2.786909090909091,0.058454545454545453,0,0,0,0,3,1,1,5154,5394,3.6666666666666665,0,0,0,3,0,benign_normal,BENIGN
BENIGN_NORMAL-0060,WIN-ARGUS-060,3,10,2,2,0,0,0,2.0,2,2,0,0,0,4,0.06666666666666667,1.7204000000000002,0.02,0,0,0,0,4,1,2,13667,18982,5.5,0,0,0,3,0,benign_normal,BENIGN
BENIGN_NORMAL-0060,WIN-ARGUS-060,4,14,3,3,0,0,0,2.0,4,3,1,0,0,8,0.1,2.927142857142857,0.05671428571428572,0,0,0,0,3,2,2,2463,8861,6.666666666666667,0,0,0,3,0,benign_normal,BENIGN
BENIGN_NORMAL-0060,WIN-ARGUS-060,5,10,2,2,0,0,0,2.0,0,3,2,0,0,5,0.1,2.5659,0.0496,0,0,0,0,3,2,2,3897,6282,7.333333333333333,0,0,0,3,0,benign_normal,BENIGN
MULTI_STAGE_ATTACK-0001,WIN-ARGUS-001,0,14,3,3,0,0,0,2.0,3,3,1,0,0,7,0.1,2.5838571428571426,0.0455,0,0,0,0,3,2,2,10582,4222,3.3333333333333335,1,0,1,4,0,benign_normal,BENIGN
MULTI_STAGE_ATTACK-0001,WIN-ARGUS-001,1,13,2,2,0,0,0,2.0,1,2,3,0,0,6,0.06666666666666667,2.295769230769231,0.039461538461538465,0,0,0,0,5,3,3,15404,14375,4.8,0,0,0,3,0,benign_normal,BENIGN
MULTI_STAGE_ATTACK-0001,WIN-ARGUS-001,2,9,3,3,3,1,1,4.0,4,0,0,0,0,4,0.0,2.2317777777777774,0.03811111111111111,0,0,0,0,2,2,2,3475,3528,4.5,0,0,0,3,1,powershell_attack,EXECUTION
MULTI_STAGE_ATTACK-0001,WIN-ARGUS-001,3,7,2,2,3,0,0,2.0,0,0,0,0,0,0,0.0,0.0,0.0,0,2,2,0,3,2,2,7418,8806,2.6666666666666665,0,0,0,3,1,persistence_attack,PERSISTENCE
MULTI_STAGE_ATTACK-0001,WIN-ARGUS-001,4,4,1,1,0,0,0,4.0,0,0,0,0,0,0,0.0,0.0,0.0,0,0,0,0,3,3,2,3103,7936,6.666666666666667,0,0,0,2,1,multi_stage_attack,C2
MULTI_STAGE_ATTACK-0001,WIN-ARGUS-001,5,84,1,1,0,0,0,2.0,0,25,18,0,36,79,0.8333333333333334,6.980678571428571,2.3457738095238096,72,0,0,0,4,3,2,9871,13410,4.75,0,0,0,3,1,ransomware_like,IMPACT
MULTI_STAGE_ATTACK-0002,WIN-ARGUS-002,0,13,2,3,0,0,0,2.0,2,3,1,0,0,6,0.1,2.2156923076923074,0.04353846153846154,0,0,0,0,4,3,2,7272,5440,2.25,1,0,1,4,0,benign_normal,BENIGN
MULTI_STAGE_ATTACK-0002,WIN-ARGUS-002,1,12,2,2,0,0,0,2.0,3,1,4,0,0,8,0.03333333333333333,3.5323333333333333,0.04950000000000001,0,0,0,0,2,2,2,4290,6518,1.0,0,0,0,3,0,benign_normal,BENIGN
MULTI_STAGE_ATTACK-0002,WIN-ARGUS-002,2,13,3,3,6,1,1,4.0,5,0,0,0,0,5,0.0,1.9129230769230767,0.03284615384615385,0,0,0,0,5,3,3,14366,13209,2.4,0,0,0,3,1,powershell_attack,EXECUTION
MULTI_STAGE_ATTACK-0002,WIN-ARGUS-002,3,7,2,2,3,0,0,2.0,0,0,0,0,0,0,0.0,0.0,0.0,0,2,2,0,3,2,3,5864,3595,6.0,0,0,0,3,1,persistence_attack,PERSISTENCE
MULTI_STAGE_ATTACK-0002,WIN-ARGUS-002,4,4,1,1,0,0,0,4.0,0,0,0,0,0,0,0.0,0.0,0.0,0,0,0,0,3,2,3,7242,5648,6.666666666666667,0,0,0,2,1,multi_stage_attack,C2
MULTI_STAGE_ATTACK-0002,WIN-ARGUS-002,5,112,1,1,0,0,0,2.0,0,44,35,0,30,109,1.4666666666666666,7.0226339285714285,2.2690982142857146,93,0,0,0,2,2,2,3203,7496,11.0,0,0,0,3,1,ransomware_like,IMPACT
MULTI_STAGE_ATTACK-0003,WIN-ARGUS-003,0,12,3,3,0,0,0,2.0,2,1,1,0,0,4,0.03333333333333333,1.4515833333333334,0.034499999999999996,0,0,0,0,4,3,3,8663,14745,5.5,1,0,1,4,0,benign_normal,BENIGN
MULTI_STAGE_ATTACK-0003,WIN-ARGUS-003,1,11,3,3,0,0,0,2.0,2,0,2,0,0,4,0.0,1.7356363636363634,0.02572727272727273,0,0,0,0,4,3,2,12495,10977,2.75,0,0,0,3,0,benign_normal,BENIGN
MULTI_STAGE_ATTACK-0003,WIN-ARGUS-003,2,10,3,3,4,1,1,4.0,4,0,0,0,0,4,0.0,1.9948000000000001,0.0248,0,0,0,0,3,1,3,10637,10819,2.3333333333333335,0,0,0,3,1,powershell_attack,EXECUTION
MULTI_STAGE_ATTACK-0003,WIN-ARGUS-003,3,8,2,2,4,0,0,2.0,0,0,0,0,0,0,0.0,0.0,0.0,0,3,3,0,3,3,2,8478,9954,4.333333333333333,0,0,0,3,1,persistence_attack,PERSISTENCE
MULTI_STAGE_ATTACK-0003,WIN-ARGUS-003,4,4,1,1,0,0,0,4.0,0,0,0,0,0,0,0.0,0.0,0.0,0,0,0,0,3,2,3,8537,8867,6.666666666666667,0,0,0,2,1,multi_stage_attack,C2
MULTI_STAGE_ATTACK-0003,WIN-ARGUS-003,5,83,1,1,0,0,0,2.0,0,32,19,0,27,78,1.0666666666666667,6.589975903614457,1.9484578313253014,63,0,0,0,4,2,3,8793,8981,6.25,0,0,0,3,1,ransomware_like,IMPACT
MULTI_STAGE_ATTACK-0004,WIN-ARGUS-004,0,15,2,3,0,0,0,2.0,2,4,1,0,0,7,0.13333333333333333,2.5582,0.04593333333333334,0,0,0,0,5,2,3,16802,12830,2.6,1,0,1,4,0,benign_normal,BENIGN
MULTI_STAGE_ATTACK-0004,WIN-ARGUS-004,1,12,4,4,0,0,0,2.0,1,1,3,0,0,5,0.03333333333333333,1.8414166666666667,0.03366666666666667,0,0,0,0,3,3,1,6711,2911,4.333333333333333,0,0,0,3,0,benign_normal,BENIGN
MULTI_STAGE_ATTACK-0004,WIN-ARGUS-004,2,10,3,3,6,1,1,4.0,2,0,0,0,0,2,0.0,0.9878,0.019200000000000002,0,0,0,0,5,1,2,15902,12656,2.8,0,0,0,3,1,powershell_attack,EXECUTION
MULTI_STAGE_ATTACK-0004,WIN-ARGUS-004,3,6,2,2,4,0,0,2.0,0,0,0,0,0,0,0.0,0.0,0.0,0,3,3,0,1,1,1,4673,890,0.0,0,0,0,3,1,persistence_attack,PERSISTENCE
MULTI_STAGE_ATTACK-0004,WIN-ARGUS-004,4,4,1,1,0,0,0,4.0,0,0,0,0,0,0,0.0,0.0,0.0,0,0,0,0,3,2,3,12298,5588,6.666666666666667,0,0,0,2,1,multi_stage_attack,C2
MULTI_STAGE_ATTACK-0004,WIN-ARGUS-004,5,112,1,1,0,0,0,2.0,0,23,41,0,44,108,0.7666666666666667,6.739758928571428,2.1025178571428573,95,0,0,0,3,2,2,10467,11371,4.0,0,0,0,3,1,ransomware_like,IMPACT
MULTI_STAGE_ATTACK-0005,WIN-ARGUS-005,0,12,2,3,0,0,0,2.0,2,1,2,0,0,5,0.03333333333333333,2.1784166666666667,0.04691666666666666,0,0,0,0,4,2,3,9999,9622,3.25,1,0,1,4,0,benign_normal,BENIGN
MULTI_STAGE_ATTACK-0005,WIN-ARGUS-005,1,12,3,3,0,0,0,2.0,2,1,2,0,0,5,0.03333333333333333,2.0699166666666664,0.02666666666666667,0,0,0,0,4,1,3,8946,4071,6.0,0,0,0,3,0,benign_normal,BENIGN
MULTI_STAGE_ATTACK-0005,WIN-ARGUS-005,2,12,3,3,6,1,1,4.0,4,0,0,0,0,4,0.0,1.7070833333333333,0.04,0,0,0,0,5,3,2,15315,8204,3.2,0,0,0,3,1,powershell_attack,EXECUTION
MULTI_STAGE_ATTACK-0005,WIN-ARGUS-005,3,5,2,2,3,0,0,2.0,0,0,0,0,0,0,0.0,0.0,0.0,0,2,2,0,1,1,1,3684,462,0.0,0,0,0,3,1,persistence_attack,PERSISTENCE
MULTI_STAGE_ATTACK-0005,WIN-ARGUS-005,4,4,1,1,0,0,0,4.0,0,0,0,0,0,0,0.0,0.0,0.0,0,0,0,0,3,2,2,7219,7561,6.666666666666667,0,0,0,2,1,multi_stage_attack,C2
MULTI_STAGE_ATTACK-0005,WIN-ARGUS-005,5,89,1,1,0,0,0,2.0,0,32,27,0,24,83,1.0666666666666667,6.725134831460674,2.1757191011235957,74,0,0,0,5,2,2,11242,12924,2.8,0,0,0,3,1,ransomware_like,IMPACT
MULTI_STAGE_ATTACK-0006,WIN-ARGUS-006,0,10,3,3,0,0,0,2.0,1,3,0,0,0,4,0.1,1.7890000000000001,0.024,0,0,0,0,2,1,2,5294,4635,9.5,1,0,1,4,0,benign_normal,BENIGN
MULTI_STAGE_ATTACK-0006,WIN-ARGUS-006,1,14,4,4,0,0,0,2.0,4,1,3,0,0,8,0.03333333333333333,2.8898571428571427,0.04085714285714286,0,0,0,0,2,2,2,3292,7388,4.5,0,0,0,3,0,benign_normal,BENIGN
MULTI_STAGE_ATTACK-0006,WIN-ARGUS-006,2,10,3,3,6,1,1,4.0,2,0,0,0,0,2,0.0,0.9199999999999999,0.015200000000000002,0,0,0,0,5,3,3,10263,10991,3.6,0,0,0,3,1,powershell_attack,EXECUTION
MULTI_STAGE_ATTACK-0006,WIN-ARGUS-006,3,7,2,2,3,0,0,2.0,0,0,0,0,0,0,0.0,0.0,0.0,0,2,2,0,3,2,2,11959,11834,3.6666666666666665,0,0,0,3,1,persistence_attack,PERSISTENCE
MULTI_STAGE_ATTACK-0006,WIN-ARGUS-006,4,4,1,1,0,0,0,4.0,0,0,0,0,0,0,0.0,0.0,0.0,0,0,0,0,3,2,2,5628,5197,6.666666666666667,0,0,0,2,1,multi_stage_attack,C2
MULTI_STAGE_ATTACK-0006,WIN-ARGUS-006,5,84,1,1,0,0,0,2.0,0,24,32,0,24,80,0.8,6.793285714285714,2.1840238095238096,65,0,0,0,3,3,2,8493,8220,4.666666666666667,0,0,0,3,1,ransomware_like,IMPACT
MULTI_STAGE_ATTACK-0007,WIN-ARGUS-007,0,15,2,2,0,0,0,2.0,1,1,5,0,0,7,0.03333333333333333,2.526733333333333,0.039933333333333335,0,0,0,0,5,3,2,16131,8870,5.4,1,0,1,4,0,benign_normal,BENIGN
MULTI_STAGE_ATTACK-0007,WIN-ARGUS-007,1,10,2,3,0,0,0,2.0,1,3,2,0,0,6,0.1,2.8901,0.0381,0,0,0,0,2,2,1,8843,4007,2.0,0,0,0,3,0,benign_normal,BENIGN
MULTI_STAGE_ATTACK-0007,WIN-ARGUS-007,2,9,3,3,5,1,1,4.0,2,0,0,0,0,2,0.0,0.9217777777777777,0.027777777777777776,0,0,0,0,4,3,3,11078,4888,3.75,0,0,0,3,1,powershell_attack,EXECUTION
MULTI_STAGE_ATTACK-0007,WIN-ARGUS-007,3,8,2,2,4,0,0,2.0,0,0,0,0,0,0,0.0,0.0,0.0,0,3,3,0,3,3,2,4267,3407,0.6666666666666666,0,0,0,3,1,persistence_attack,PERSISTENCE
MULTI_STAGE_ATTACK-0007,WIN-ARGUS-007,4,4,1,1,0,0,0,4.0,0,0,0,0,0,0,0.0,0.0,0.0,0,0,0,0,3,2,3,11742,7454,6.666666666666667,0,0,0,2,1,multi_stage_attack,C2
MULTI_STAGE_ATTACK-0007,WIN-ARGUS-007,5,79,1,1,0,0,0,2.0,0,32,20,0,22,74,1.0666666666666667,6.330443037974684,1.858253164556962,58,0,0,0,4,2,2,9170,10787,4.25,0,0,0,3,1,ransomware_like,IMPACT
MULTI_STAGE_ATTACK-0008,WIN-ARGUS-008,0,14,4,4,0,0,0,2.0,1,1,2,0,0,4,0.03333333333333333,1.4427857142857141,0.03121428571428572,0,0,0,0,5,3,3,16146,8663,3.2,1,0,1,4,0,benign_normal,BENIGN
MULTI_STAGE_ATTACK-0008,WIN-ARGUS-008,1,12,3,3,0,0,0,2.0,1,3,0,0,0,4,0.1,1.2701666666666667,0.02766666666666667,0,0,0,0,5,3,2,16428,12176,3.8,0,0,0,3,0,benign_normal,BENIGN
MULTI_STAGE_ATTACK-0008,WIN-ARGUS-008,2,10,3,3,6,1,1,4.0,2,0,0,0,0,2,0.0,1.0961,0.0032,0,0,0,0,5,3,2,6835,13344,1.4,0,0,0,3,1,powershell_attack,EXECUTION
MULTI_STAGE_ATTACK-0008,WIN-ARGUS-008,3,4,2,2,2,0,0,2.0,0,0,0,0,0,0,0.0,0.0,0.0,0,1,1,0,1,1,1,296,2077,0.0,0,0,0,3,1,persistence_attack,PERSISTENCE
MULTI_STAGE_ATTACK-0008,WIN-ARGUS-008,4,4,1,1,0,0,0,4.0,0,0,0,0,0,0,0.0,0.0,0.0,0,0,0,0,3,2,2,6236,6314,6.666666666666667,0,0,0,2,1,multi_stage_attack,C2
MULTI_STAGE_ATTACK-0008,WIN-ARGUS-008,5,114,1,1,0,0,0,2.0,0,36,29,0,43,108,1.2,6.727964912280703,2.1374298245614036,95,0,0,0,5,2,2,15331,15699,4.4,0,0,0,3,1,ransomware_like,IMPACT
MULTI_STAGE_ATTACK-0009,WIN-ARGUS-009,0,15,4,4,0,0,0,2.0,4,1,3,0,0,8,0.03333333333333333,2.368866666666667,0.029733333333333334,0,0,0,0,2,2,1,5814,6032,1.5,1,0,1,4,0,benign_normal,BENIGN
MULTI_STAGE_ATTACK-0009,WIN-ARGUS-009,1,10,2,3,0,0,0,2.0,2,3,1,0,0,6,0.1,2.9819,0.0502,0,0,0,0,2,2,2,5351,8049,8.5,0,0,0,3,0,benign_normal,BENIGN
MULTI_STAGE_ATTACK-0009,WIN-ARGUS-009,2,11,3,3,5,1,1,4.0,4,0,0,0,0,4,0.0,1.7234545454545454,0.03145454545454545,0,0,0,0,4,3,3,3031,10302,3.25,0,0,0,3,1,powershell_attack,EXECUTION
MULTI_STAGE_ATTACK-0009,WIN-ARGUS-009,3,6,2,2,4,0,0,2.0,0,0,0,0,0,0,0.0,0.0,0.0,0,3,3,0,1,1,1,3141,2369,0.0,0,0,0,3,1,persistence_attack,PERSISTENCE
MULTI_STAGE_ATTACK-0009,WIN-ARGUS-009,4,4,1,1,0,0,0,4.0,0,0,0,0,0,0,0.0,0.0,0.0,0,0,0,0,3,2,2,6082,7698,6.666666666666667,0,0,0,2,1,multi_stage_attack,C2
MULTI_STAGE_ATTACK-0009,WIN-ARGUS-009,5,93,1,1,0,0,0,2.0,0,30,34,0,26,90,1.0,6.83652688172043,2.1133333333333333,72,0,0,0,2,2,2,8731,5440,9.5,0,0,0,3,1,ransomware_like,IMPACT
MULTI_STAGE_ATTACK-0010,WIN-ARGUS-010,0,11,3,4,0,0,0,2.0,1,2,1,0,0,4,0.06666666666666667,1.7399090909090908,0.025272727272727277,0,0,0,0,3,2,2,11481,6048,7.333333333333333,1,0,1,4,0,benign_normal,BENIGN
MULTI_STAGE_ATTACK-0010,WIN-ARGUS-010,1,12,4,4,0,0,0,2.0,1,2,1,0,0,4,0.06666666666666667,1.6853333333333333,0.020416666666666666,0,0,0,0,4,2,2,13703,8610,6.5,0,0,0,3,0,benign_normal,BENIGN
MULTI_STAGE_ATTACK-0010,WIN-ARGUS-010,2,12,3,3,6,1,1,4.0,4,0,0,0,0,4,0.0,1.7006666666666668,0.022166666666666668,0,0,0,0,5,2,3,21375,15416,3.0,0,0,0,3,1,powershell_attack,EXECUTION
MULTI_STAGE_ATTACK-0010,WIN-ARGUS-010,3,5,2,2,3,0,0,2.0,0,0,0,0,0,0,0.0,0.0,0.0,0,2,2,0,1,1,1,275,1854,0.0,0,0,0,3,1,persistence_attack,PERSISTENCE
MULTI_STAGE_ATTACK-0010,WIN-ARGUS-010,4,4,1,1,0,0,0,4.0,0,0,0,0,0,0,0.0,0.0,0.0,0,0,0,0,3,2,2,5141,7477,6.666666666666667,0,0,0,2,1,multi_stage_attack,C2
MULTI_STAGE_ATTACK-0010,WIN-ARGUS-010,5,101,1,1,0,0,0,2.0,0,36,33,0,29,98,1.2,6.871039603960396,2.154861386138614,87,0,0,0,2,1,2,716,3631,9.5,0,0,0,3,1,ransomware_like,IMPACT
MULTI_STAGE_ATTACK-0011,WIN-ARGUS-011,0,10,3,3,0,0,0,2.0,1,0,3,0,0,4,0.0,1.8767,0.04360000000000001,0,0,0,0,2,2,1,5372,4941,0.0,1,0,1,4,0,benign_normal,BENIGN
MULTI_STAGE_ATTACK-0011,WIN-ARGUS-011,1,15,4,4,0,0,0,2.0,1,4,2,0,0,7,0.13333333333333333,2.3446,0.027133333333333336,0,0,0,0,4,2,3,12856,8038,5.25,0,0,0,3,0,benign_normal,BENIGN
MULTI_STAGE_ATTACK-0011,WIN-ARGUS-011,2,10,3,3,6,1,1,4.0,2,0,0,0,0,2,0.0,0.8690000000000001,0.0058000000000000005,0,0,0,0,5,3,2,19218,10445,2.8,0,0,0,3,1,powershell_attack,EXECUTION
MULTI_STAGE_ATTACK-0011,WIN-ARGUS-011,3,4,2,2,2,0,0,2.0,0,0,0,0,0,0,0.0,0.0,0.0,0,1,1,0,1,1,1,4722,3663,0.0,0,0,0,3,1,persistence_attack,PERSISTENCE
MULTI_STAGE_ATTACK-0011,WIN-ARGUS-011,4,4,1,1,0,0,0,4.0,0,0,0,0,0,0,0.0,0.0,0.0,0,0,0,0,3,3,2,8913,7853,6.666666666666667,0,0,0,2,1,multi_stage_attack,C2
MULTI_STAGE_ATTACK-0011,WIN-ARGUS-011,5,110,1,1,0,0,0,2.0,0,33,38,0,33,104,1.1,6.69480909090909,2.194427272727273,95,0,0,0,5,3,2,13569,17469,2.6,0,0,0,3,1,ransomware_like,IMPACT
MULTI_STAGE_ATTACK-0012,WIN-ARGUS-012,0,14,2,3,0,0,0,2.0,4,2,2,0,0,8,0.06666666666666667,3.0294999999999996,0.047,0,0,0,0,3,3,2,8229,10363,2.3333333333333335,1,0,1,4,0,benign_normal,BENIGN
MULTI_STAGE_ATTACK-0012,WIN-ARGUS-012,1,9,2,3,0,0,0,2.0,1,2,1,0,0,4,0.06666666666666667,2.1525555555555558,0.04677777777777778,0,0,0,0,3,2,2,9683,8764,4.666666666666667,0,0,0,3,0,benign_normal,BENIGN
MULTI_STAGE_ATTACK-0012,WIN-ARGUS-012,2,11,3,3,6,1,1,4.0,3,0,0,0,0,3,0.0,1.4444545454545454,0.02809090909090909,0,0,0,0,5,3,2,14816,12390,2.0,0,0,0,3,1,powershell_attack,EXECUTION
MULTI_STAGE_ATTACK-0012,WIN-ARGUS-012,3,7,2,2,4,0,0,2.0,0,0,0,0,0,0,0.0,0.0,0.0,0,3,3,0,2,2,1,5927,4113,7.5,0,0,0,3,1,persistence_attack,PERSISTENCE
MULTI_STAGE_ATTACK-0012,WIN-ARGUS-012,4,4,1,1,0,0,0,4.0,0,0,0,0,0,0,0.0,0.0,0.0,0,0,0,0,3,3,2,6530,9151,6.666666666666667,0,0,0,2,1,multi_stage_attack,C2
MULTI_STAGE_ATTACK-0012,WIN-ARGUS-012,5,96,1,1,0,0,0,2.0,0,26,28,0,38,92,0.8666666666666667,6.751041666666667,2.144083333333333,79,0,0,0,3,2,2,6033,9207,3.3333333333333335,0,0,0,3,1,ransomware_like,IMPACT
MULTI_STAGE_ATTACK-0013,WIN-ARGUS-013,0,12,3,3,0,0,0,2.0,2,2,1,0,0,5,0.06666666666666667,1.9358333333333333,0.037916666666666675,0,0,0,0,3,2,2,6959,2171,1.6666666666666667,1,0,1,4,0,benign_normal,BENIGN
MULTI_STAGE_ATTACK-0013,WIN-ARGUS-013,1,13,2,3,0,0,0,2.0,5,1,2,0,0,8,0.03333333333333333,3.192230769230769,0.03830769230769231,0,0,0,0,3,3,3,13102,5544,8.0,0,0,0,3,0,benign_normal,BENIGN
MULTI_STAGE_ATTACK-0013,WIN-ARGUS-013,2,12,3,3,5,1,1,4.0,5,0,0,0,0,5,0.0,2.08175,0.03966666666666667,0,0,0,0,4,2,2,16029,12230,4.0,0,0,0,3,1,powershell_attack,EXECUTION
MULTI_STAGE_ATTACK-0013,WIN-ARGUS-013,3,7,2,2,3,0,0,2.0,0,0,0,0,0,0,0.0,0.0,0.0,0,2,2,0,3,2,2,6767,10149,3.0,0,0,0,3,1,persistence_attack,PERSISTENCE
MULTI_STAGE_ATTACK-0013,WIN-ARGUS-013,4,4,1,1,0,0,0,4.0,0,0,0,0,0,0,0.0,0.0,0.0,0,0,0,0,3,3,1,11767,8885,6.666666666666667,0,0,0,2,1,multi_stage_attack,C2
MULTI_STAGE_ATTACK-0013,WIN-ARGUS-013,5,104,1,1,0,0,0,2.0,0,29,39,0,30,98,0.9666666666666667,6.944615384615385,2.253375,90,0,0,0,5,2,2,17081,20999,4.2,0,0,0,3,1,ransomware_like,IMPACT
MULTI_STAGE_ATTACK-0014,WIN-ARGUS-014,0,16,4,4,0,0,0,2.0,2,5,1,0,0,8,0.16666666666666666,2.3461250000000002,0.045312500000000006,0,0,0,0,3,2,2,9959,9633,5.666666666666667,1,0,1,4,0,benign_normal,BENIGN
MULTI_STAGE_ATTACK-0014,WIN-ARGUS-014,1,12,2,2,0,0,0,2.0,2,3,0,0,0,5,0.1,1.9945833333333332,0.03141666666666667,0,0,0,0,5,3,3,13070,10051,4.4,0,0,0,3,0,benign_normal,BENIGN
MULTI_STAGE_ATTACK-0014,WIN-ARGUS-014,2,12,3,3,5,1,1,4.0,5,0,0,0,0,5,0.0,2.002333333333333,0.03258333333333333,0,0,0,0,4,2,2,12887,13781,2.75,0,0,0,3,1,powershell_attack,EXECUTION
MULTI_STAGE_ATTACK-0014,WIN-ARGUS-014,3,4,2,2,2,0,0,2.0,0,0,0,0,0,0,0.0,0.0,0.0,0,1,1,0,1,1,1,3853,1341,0.0,0,0,0,3,1,persistence_attack,PERSISTENCE
MULTI_STAGE_ATTACK-0014,WIN-ARGUS-014,4,4,1,1,0,0,0,4.0,0,0,0,0,0,0,0.0,0.0,0.0,0,0,0,0,3,1,1,8602,6171,6.666666666666667,0,0,0,2,1,multi_stage_attack,C2
MULTI_STAGE_ATTACK-0014,WIN-ARGUS-014,5,114,1,1,0,0,0,2.0,0,49,27,0,33,109,1.6333333333333333,6.700149122807018,2.0905877192982456,97,0,0,0,4,3,2,7533,12653,3.0,0,0,0,3,1,ransomware_like,IMPACT
MULTI_STAGE_ATTACK-0015,WIN-ARGUS-015,0,13,3,3,0,0,0,2.0,3,1,2,0,0,6,0.03333333333333333,2.2851538461538463,0.03476923076923077,0,0,0,0,3,2,1,4844,7721,4.0,1,0,1,4,0,benign_normal,BENIGN
MULTI_STAGE_ATTACK-0015,WIN-ARGUS-015,1,12,3,4,0,0,0,2.0,1,0,3,0,0,4,0.0,1.5670000000000002,0.03316666666666667,0,0,0,0,5,3,3,10677,12627,4.4,0,0,0,3,0,benign_normal,BENIGN
MULTI_STAGE_ATTACK-0015,WIN-ARGUS-015,2,13,3,3,6,1,1,4.0,5,0,0,0,0,5,0.0,1.9012307692307693,0.017153846153846155,0,0,0,0,5,2,3,14600,13926,3.2,0,0,0,3,1,powershell_attack,EXECUTION
MULTI_STAGE_ATTACK-0015,WIN-ARGUS-015,3,7,2,2,4,0,0,2.0,0,0,0,0,0,0,0.0,0.0,0.0,0,3,3,0,2,1,2,7027,4003,9.0,0,0,0,3,1,persistence_attack,PERSISTENCE
MULTI_STAGE_ATTACK-0015,WIN-ARGUS-015,4,4,1,1,0,0,0,4.0,0,0,0,0,0,0,0.0,0.0,0.0,0,0,0,0,3,2,2,9325,8399,6.666666666666667,0,0,0,2,1,multi_stage_attack,C2
MULTI_STAGE_ATTACK-0015,WIN-ARGUS-015,5,98,1,1,0,0,0,2.0,0,27,34,0,32,93,0.9,6.65534693877551,1.995030612244898,69,0,0,0,4,2,3,12452,10926,4.5,0,0,0,3,1,ransomware_like,IMPACT
MULTI_STAGE_ATTACK-0016,WIN-ARGUS-016,0,15,4,4,0,0,0,2.0,3,2,2,0,0,7,0.06666666666666667,2.1326666666666667,0.0352,0,0,0,0,3,3,3,6359,5634,9.0,1,0,1,4,0,benign_normal,BENIGN
MULTI_STAGE_ATTACK-0016,WIN-ARGUS-016,1,15,4,4,0,0,0,2.0,2,2,2,0,0,6,0.06666666666666667,2.008,0.0412,0,0,0,0,5,3,1,14482,15226,3.6,0,0,0,3,0,benign_normal,BENIGN
MULTI_STAGE_ATTACK-0016,WIN-ARGUS-016,2,7,3,3,3,1,1,4.0,2,0,0,0,0,2,0.0,1.5458571428571428,0.026714285714285715,0,0,0,0,2,1,2,5973,5646,2.5,0,0,0,3,1,powershell_attack,EXECUTION
MULTI_STAGE_ATTACK-0016,WIN-ARGUS-016,3,8,2,2,4,0,0,2.0,0,0,0,0,0,0,0.0,0.0,0.0,0,3,3,0,3,2,3,9112,5041,5.666666666666667,0,0,0,3,1,persistence_attack,PERSISTENCE
MULTI_STAGE_ATTACK-0016,WIN-ARGUS-016,4,4,1,1,0,0,0,4.0,0,0,0,0,0,0,0.0,0.0,0.0,0,0,0,0,3,2,3,2899,7453,6.666666666666667,0,0,0,2,1,multi_stage_attack,C2
MULTI_STAGE_ATTACK-0016,WIN-ARGUS-016,5,115,1,1,0,0,0,2.0,0,34,36,0,40,110,1.1333333333333333,6.7749565217391305,2.2509391304347828,97,0,0,0,4,2,3,11888,10304,4.75,0,0,0,3,1,ransomware_like,IMPACT
MULTI_STAGE_ATTACK-0017,WIN-ARGUS-017,0,14,3,3,0,0,0,2.0,1,2,4,0,0,7,0.06666666666666667,2.5982857142857143,0.0405,0,0,0,0,3,3,2,9937,4639,8.0,1,0,1,4,0,benign_normal,BENIGN
MULTI_STAGE_ATTACK-0017,WIN-ARGUS-017,1,10,3,3,0,0,0,2.0,3,1,1,0,0,5,0.03333333333333333,2.4638,0.0356,0,0,0,0,2,1,1,3945,4218,3.5,0,0,0,3,0,benign_normal,BENIGN
MULTI_STAGE_ATTACK-0017,WIN-ARGUS-017,2,12,3,3,6,1,1,4.0,4,0,0,0,0,4,0.0,1.4720833333333332,0.03391666666666667,0,0,0,0,5,3,2,13532,14453,1.2,0,0,0,3,1,powershell_attack,EXECUTION
MULTI_STAGE_ATTACK-0017,WIN-ARGUS-017,3,7,2,2,4,0,0,2.0,0,0,0,0,0,0,0.0,0.0,0.0,0,3,3,0,2,2,1,4111,4418,0.5,0,0,0,3,1,persistence_attack,PERSISTENCE
MULTI_STAGE_ATTACK-0017,WIN-ARGUS-017,4,4,1,1,0,0,0,4.0,0,0,0,0,0,0,0.0,0.0,0.0,0,0,0,0,3,3,2,9772,11249,6.666666666666667,0,0,0,2,1,multi_stage_attack,C2
MULTI_STAGE_ATTACK-0017,WIN-ARGUS-017,5,98,1,1,0,0,0,2.0,0,34,32,0,28,94,1.1333333333333333,6.866122448979592,2.210316326530612,80,0,0,0,3,3,2,6468,6366,2.0,0,0,0,3,1,ransomware_like,IMPACT
MULTI_STAGE_ATTACK-0018,WIN-ARGUS-018,0,14,2,2,0,0,0,2.0,2,4,2,0,0,8,0.13333333333333333,3.0970714285714287,0.039642857142857146,0,0,0,0,3,2,3,6903,9276,8.0,1,0,1,4,0,benign_normal,BENIGN
MULTI_STAGE_ATTACK-0018,WIN-ARGUS-018,1,10,3,4,0,0,0,2.0,3,1,1,0,0,5,0.03333333333333333,2.6806,0.0323,0,0,0,0,2,2,2,7413,7678,0.5,0,0,0,3,0,benign_normal,BENIGN
MULTI_STAGE_ATTACK-0018,WIN-ARGUS-018,2,11,3,3,6,1,1,4.0,3,0,0,0,0,3,0.0,1.5215454545454548,0.017545454545454545,0,0,0,0,5,2,3,14922,8004,2.8,0,0,0,3,1,powershell_attack,EXECUTION
MULTI_STAGE_ATTACK-0018,WIN-ARGUS-018,3,5,2,2,3,0,0,2.0,0,0,0,0,0,0,0.0,0.0,0.0,0,2,2,0,1,1,1,1376,2025,0.0,0,0,0,3,1,persistence_attack,PERSISTENCE
MULTI_STAGE_ATTACK-0018,WIN-ARGUS-018,4,4,1,1,0,0,0,4.0,0,0,0,0,0,0,0.0,0.0,0.0,0,0,0,0,3,2,3,6261,8725,6.666666666666667,0,0,0,2,1,multi_stage_attack,C2
MULTI_STAGE_ATTACK-0018,WIN-ARGUS-018,5,109,1,1,0,0,0,2.0,0,33,42,0,30,105,1.1,6.822146788990826,2.1708990825688073,91,0,0,0,3,3,1,11739,5204,8.333333333333334,0,0,0,3,1,ransomware_like,IMPACT
MULTI_STAGE_ATTACK-0019,WIN-ARGUS-019,0,15,4,4,0,0,0,2.0,4,1,3,0,0,8,0.03333333333333333,2.5848,0.046933333333333334,0,0,0,0,2,1,2,6502,2955,10.5,1,0,1,4,0,benign_normal,BENIGN
MULTI_STAGE_ATTACK-0019,WIN-ARGUS-019,1,12,4,4,0,0,0,2.0,3,1,1,0,0,5,0.03333333333333333,2.1462499999999998,0.04758333333333333,0,0,0,0,3,2,3,9798,4226,0.6666666666666666,0,0,0,3,0,benign_normal,BENIGN
MULTI_STAGE_ATTACK-0019,WIN-ARGUS-019,2,9,3,3,3,1,1,4.0,4,0,0,0,0,4,0.0,2.4752222222222224,0.029222222222222222,0,0,0,0,2,2,2,2761,8302,1.0,0,0,0,3,1,powershell_attack,EXECUTION
MULTI_STAGE_ATTACK-0019,WIN-ARGUS-019,3,6,2,2,4,0,0,2.0,0,0,0,0,0,0,0.0,0.0,0.0,0,3,3,0,1,1,1,284,840,0.0,0,0,0,3,1,persistence_attack,PERSISTENCE
MULTI_STAGE_ATTACK-0019,WIN-ARGUS-019,4,4,1,1,0,0,0,4.0,0,0,0,0,0,0,0.0,0.0,0.0,0,0,0,0,3,2,2,6703,6825,6.666666666666667,0,0,0,2,1,multi_stage_attack,C2
MULTI_STAGE_ATTACK-0019,WIN-ARGUS-019,5,88,1,1,0,0,0,2.0,0,25,30,0,30,85,0.8333333333333334,6.892409090909092,2.1684545454545456,75,0,0,0,2,2,2,7729,5828,8.0,0,0,0,3,1,ransomware_like,IMPACT
MULTI_STAGE_ATTACK-0020,WIN-ARGUS-020,0,17,4,4,0,0,0,2.0,3,2,2,0,0,7,0.06666666666666667,1.9871176470588234,0.034176470588235294,0,0,0,0,5,3,3,13364,14025,5.4,1,0,1,4,0,benign_normal,BENIGN
MULTI_STAGE_ATTACK-0020,WIN-ARGUS-020,1,11,4,4,0,0,0,2.0,0,3,1,0,0,4,0.1,1.861181818181818,0.03881818181818182,0,0,0,0,3,1,2,7099,4141,2.0,0,0,0,3,0,benign_normal,BENIGN
MULTI_STAGE_ATTACK-0020,WIN-ARGUS-020,2,10,3,3,5,1,1,4.0,3,0,0,0,0,3,0.0,1.5498999999999998,0.0356,0,0,0,0,4,3,2,16499,9281,1.5,0,0,0,3,1,powershell_attack,EXECUTION
MULTI_STAGE_ATTACK-0020,WIN-ARGUS-020,3,5,2,2,3,0,0,2.0,0,0,0,0,0,0,0.0,0.0,0.0,0,2,2,0,1,1,1,1577,3704,0.0,0,0,0,3,1,persistence_attack,PERSISTENCE
MULTI_STAGE_ATTACK-0020,WIN-ARGUS-020,4,4,1,1,0,0,0,4.0,0,0,0,0,0,0,0.0,0.0,0.0,0,0,0,0,3,3,2,9189,5061,6.666666666666667,0,0,0,2,1,multi_stage_attack,C2
MULTI_STAGE_ATTACK-0020,WIN-ARGUS-020,5,74,1,1,0,0,0,2.0,0,24,21,0,26,71,0.8,6.535486486486486,1.9697297297297296,58,0,0,0,2,2,1,5478,7605,1.0,0,0,0,3,1,ransomware_like,IMPACT
MULTI_STAGE_ATTACK-0021,WIN-ARGUS-021,0,15,4,4,0,0,0,2.0,2,2,3,0,0,7,0.06666666666666667,2.3140666666666667,0.04713333333333334,0,0,0,0,3,2,2,6370,5426,6.0,1,0,1,4,0,benign_normal,BENIGN
MULTI_STAGE_ATTACK-0021,WIN-ARGUS-021,1,15,3,3,0,0,0,2.0,4,3,1,0,0,8,0.1,2.6351999999999998,0.05426666666666667,0,0,0,0,4,2,3,11708,7325,5.25,0,0,0,3,0,benign_normal,BENIGN
MULTI_STAGE_ATTACK-0021,WIN-ARGUS-021,2,13,3,3,6,1,1,4.0,5,0,0,0,0,5,0.0,1.828230769230769,0.04607692307692308,0,0,0,0,5,3,3,17708,14053,3.8,0,0,0,3,1,powershell_attack,EXECUTION
MULTI_STAGE_ATTACK-0021,WIN-ARGUS-021,3,5,2,2,3,0,0,2.0,0,0,0,0,0,0,0.0,0.0,0.0,0,2,2,0,1,1,1,4319,1666,0.0,0,0,0,3,1,persistence_attack,PERSISTENCE
MULTI_STAGE_ATTACK-0021,WIN-ARGUS-021,4,4,1,1,0,0,0,4.0,0,0,0,0,0,0,0.0,0.0,0.0,0,0,0,0,3,2,1,7550,3567,6.666666666666667,0,0,0,2,1,multi_stage_attack,C2
MULTI_STAGE_ATTACK-0021,WIN-ARGUS-021,5,104,1,1,0,0,0,2.0,0,29,40,0,29,98,0.9666666666666667,6.6442499999999995,1.999894230769231,87,0,0,0,5,2,3,7707,9895,4.0,0,0,0,3,1,ransomware_like,IMPACT
MULTI_STAGE_ATTACK-0022,WIN-ARGUS-022,0,17,4,4,0,0,0,2.0,4,1,2,0,0,7,0.03333333333333333,2.025,0.03847058823529412,0,0,0,0,5,2,3,10775,13783,2.2,1,0,1,4,0,benign_normal,BENIGN
MULTI_STAGE_ATTACK-0022,WIN-ARGUS-022,1,14,2,2,0,0,0,2.0,1,4,3,0,0,8,0.13333333333333333,2.911142857142857,0.04,0,0,0,0,4,2,2,3390,7996,4.0,0,0,0,3,0,benign_normal,BENIGN
MULTI_STAGE_ATTACK-0022,WIN-ARGUS-022,2,11,3,3,4,1,1,4.0,5,0,0,0,0,5,0.0,2.3076363636363637,0.03781818181818181,0,0,0,0,3,2,2,10415,4876,2.0,0,0,0,3,1,powershell_attack,EXECUTION
MULTI_STAGE_ATTACK-0022,WIN-ARGUS-022,3,7,2,2,4,0,0,2.0,0,0,0,0,0,0,0.0,0.0,0.0,0,3,3,0,2,2,2,6491,5376,6.5,0,0,0,3,1,persistence_attack,PERSISTENCE
MULTI_STAGE_ATTACK-0022,WIN-ARGUS-022,4,4,1,1,0,0,0,4.0,0,0,0,0,0,0,0.0,0.0,0.0,0,0,0,0,3,2,3,13385,8454,6.666666666666667,0,0,0,2,1,multi_stage_attack,C2
MULTI_STAGE_ATTACK-0022,WIN-ARGUS-022,5,102,1,1,0,0,0,2.0,0,33,29,0,37,99,1.1,6.8625,2.1906176470588234,82,0,0,0,2,1,1,2374,6474,0.0,0,0,0,3,1,ransomware_like,IMPACT
MULTI_STAGE_ATTACK-0023,WIN-ARGUS-023,0,10,2,3,0,0,0,2.0,2,1,1,0,0,4,0.03333333333333333,1.8368000000000002,0.0152,0,0,0,0,3,2,2,7814,9751,3.3333333333333335,1,0,1,4,0,benign_normal,BENIGN
MULTI_STAGE_ATTACK-0023,WIN-ARGUS-023,1,11,3,3,0,0,0,2.0,3,2,1,0,0,6,0.06666666666666667,2.9380909090909095,0.04654545454545455,0,0,0,0,2,1,1,6983,1066,2.5,0,0,0,3,0,benign_normal,BENIGN
MULTI_STAGE_ATTACK-0023,WIN-ARGUS-023,2,11,3,3,6,1,1,4.0,3,0,0,0,0,3,0.0,1.3810909090909091,0.018181818181818184,0,0,0,0,5,3,2,16183,10646,3.4,0,0,0,3,1,powershell_attack,EXECUTION
MULTI_STAGE_ATTACK-0023,WIN-ARGUS-023,3,7,2,2,3,0,0,2.0,0,0,0,0,0,0,0.0,0.0,0.0,0,2,2,0,3,2,1,8306,9101,4.666666666666667,0,0,0,3,1,persistence_attack,PERSISTENCE
MULTI_STAGE_ATTACK-0023,WIN-ARGUS-023,4,4,1,1,0,0,0,4.0,0,0,0,0,0,0,0.0,0.0,0.0,0,0,0,0,3,2,2,8053,7868,6.666666666666667,0,0,0,2,1,multi_stage_attack,C2
MULTI_STAGE_ATTACK-0023,WIN-ARGUS-023,5,98,1,1,0,0,0,2.0,0,31,34,0,29,94,1.0333333333333334,6.555040816326531,1.9109999999999998,76,0,0,0,3,2,2,6194,6901,7.666666666666667,0,0,0,3,1,ransomware_like,IMPACT
MULTI_STAGE_ATTACK-0024,WIN-ARGUS-024,0,13,3,3,0,0,0,2.0,0,0,4,0,0,4,0.0,1.4664615384615385,0.02076923076923077,0,0,0,0,5,3,3,11615,11150,2.6,1,0,1,4,0,benign_normal,BENIGN
MULTI_STAGE_ATTACK-0024,WIN-ARGUS-024,1,9,2,3,0,0,0,2.0,2,1,2,0,0,5,0.03333333333333333,2.6295555555555556,0.05344444444444445,0,0,0,0,2,2,2,4695,4687,9.0,0,0,0,3,0,benign_normal,BENIGN
MULTI_STAGE_ATTACK-0024,WIN-ARGUS-024,2,8,3,3,4,1,1,4.0,2,0,0,0,0,2,0.0,1.23875,0.023,0,0,0,0,3,2,2,9093,9777,4.333333333333333,0,0,0,3,1,powershell_attack,EXECUTION
MULTI_STAGE_ATTACK-0024,WIN-ARGUS-024,3,7,2,2,3,0,0,2.0,0,0,0,0,0,0,0.0,0.0,0.0,0,2,2,0,3,3,3,11785,5071,2.0,0,0,0,3,1,persistence_attack,PERSISTENCE
MULTI_STAGE_ATTACK-0024,WIN-ARGUS-024,4,4,1,1,0,0,0,4.0,0,0,0,0,0,0,0.0,0.0,0.0,0,0,0,0,3,3,2,7507,6720,6.666666666666667,0,0,0,2,1,multi_stage_attack,C2
MULTI_STAGE_ATTACK-0024,WIN-ARGUS-024,5,77,1,1,0,0,0,2.0,0,19,25,0,29,73,0.6333333333333333,6.860831168831169,2.261103896103896,67,0,0,0,3,3,3,9926,3748,6.0,0,0,0,3,1,ransomware_like,IMPACT
MULTI_STAGE_ATTACK-0025,WIN-ARGUS-025,0,14,3,3,0,0,0,2.0,2,0,4,0,0,6,0.0,2.2599285714285715,0.027785714285714285,0,0,0,0,4,3,2,9654,9513,4.75,1,0,1,4,0,benign_normal,BENIGN
MULTI_STAGE_ATTACK-0025,WIN-ARGUS-025,1,13,2,3,0,0,0,2.0,2,2,2,0,0,6,0.06666666666666667,2.3273076923076923,0.030692307692307692,0,0,0,0,5,3,3,13759,8437,3.0,0,0,0,3,0,benign_normal,BENIGN
MULTI_STAGE_ATTACK-0025,WIN-ARGUS-025,2,11,3,3,4,1,1,4.0,5,0,0,0,0,5,0.0,2.113,0.04863636363636363,0,0,0,0,3,2,1,7709,10225,5.666666666666667,0,0,0,3,1,powershell_attack,EXECUTION
MULTI_STAGE_ATTACK-0025,WIN-ARGUS-025,3,8,2,2,4,0,0,2.0,0,0,0,0,0,0,0.0,0.0,0.0,0,3,3,0,3,3,2,8223,6649,5.0,0,0,0,3,1,persistence_attack,PERSISTENCE
MULTI_STAGE_ATTACK-0025,WIN-ARGUS-025,4,4,1,1,0,0,0,4.0,0,0,0,0,0,0,0.0,0.0,0.0,0,0,0,0,3,2,2,6881,9226,6.666666666666667,0,0,0,2,1,multi_stage_attack,C2
MULTI_STAGE_ATTACK-0025,WIN-ARGUS-025,5,113,1,1,0,0,0,2.0,0,37,33,0,37,107,1.2333333333333334,6.656008849557522,2.0515132743362834,85,0,0,0,5,2,3,11623,11486,1.6,0,0,0,3,1,ransomware_like,IMPACT
MULTI_STAGE_ATTACK-0026,WIN-ARGUS-026,0,12,4,4,0,0,0,2.0,3,1,0,0,0,4,0.03333333333333333,1.907,0.024416666666666666,0,0,0,0,3,2,2,6722,6292,8.333333333333334,1,0,1,4,0,benign_normal,BENIGN
MULTI_STAGE_ATTACK-0026,WIN-ARGUS-026,1,12,2,3,0,0,0,2.0,0,4,3,0,0,7,0.13333333333333333,2.8098333333333336,0.05075000000000001,0,0,0,0,3,2,2,4398,6986,4.333333333333333,0,0,0,3,0,benign_normal,BENIGN
MULTI_STAGE_ATTACK-0026,WIN-ARGUS-026,2,7,3,3,3,1,1,4.0,2,0,0,0,0,2,0.0,1.0892857142857142,0.011571428571428571,0,0,0,0,2,2,2,6427,3948,5.0,0,0,0,3,1,powershell_attack,EXECUTION
MULTI_STAGE_ATTACK-0026,WIN-ARGUS-026,3,4,2,2,2,0,0,2.0,0,0,0,0,0,0,0.0,0.0,0.0,0,1,1,0,1,1,1,3675,2326,0.0,0,0,0,3,1,persistence_attack,PERSISTENCE
MULTI_STAGE_ATTACK-0026,WIN-ARGUS-026,4,4,1,1,0,0,0,4.0,0,0,0,0,0,0,0.0,0.0,0.0,0,0,0,0,3,2,2,5163,13682,6.666666666666667,0,0,0,2,1,multi_stage_attack,C2
MULTI_STAGE_ATTACK-0026,WIN-ARGUS-026,5,89,1,1,0,0,0,2.0,0,35,27,0,21,83,1.1666666666666667,6.4296629213483145,2.0582247191011236,72,0,0,0,5,3,3,9224,17624,3.4,0,0,0,3,1,ransomware_like,IMPACT
MULTI_STAGE_ATTACK-0027,WIN-ARGUS-027,0,17,3,3,0,0,0,2.0,3,2,3,0,0,8,0.06666666666666667,2.2045882352941177,0.035176470588235295,0,0,0,0,5,3,3,10863,15689,3.2,1,0,1,4,0,benign_normal,BENIGN
MULTI_STAGE_ATTACK-0027,WIN-ARGUS-027,1,13,4,4,0,0,0,2.0,3,2,2,0,0,7,0.06666666666666667,2.4680769230769233,0.049384615384615395,0,0,0,0,2,2,2,3156,3503,2.0,0,0,0,3,0,benign_normal,BENIGN
MULTI_STAGE_ATTACK-0027,WIN-ARGUS-027,2,12,3,3,6,1,1,4.0,4,0,0,0,0,4,0.0,1.6613333333333333,0.026,0,0,0,0,5,3,3,12335,14162,3.6,0,0,0,3,1,powershell_attack,EXECUTION
MULTI_STAGE_ATTACK-0027,WIN-ARGUS-027,3,7,2,2,4,0,0,2.0,0,0,0,0,0,0,0.0,0.0,0.0,0,3,3,0,2,2,2,4570,8522,1.5,0,0,0,3,1,persistence_attack,PERSISTENCE
MULTI_STAGE_ATTACK-0027,WIN-ARGUS-027,4,4,1,1,0,0,0,4.0,0,0,0,0,0,0,0.0,0.0,0.0,0,0,0,0,3,2,3,8522,8768,6.666666666666667,0,0,0,2,1,multi_stage_attack,C2
MULTI_STAGE_ATTACK-0027,WIN-ARGUS-027,5,105,1,1,0,0,0,2.0,0,33,40,0,27,100,1.1,6.7022571428571425,2.022895238095238,79,0,0,0,4,3,2,14100,9480,2.75,0,0,0,3,1,ransomware_like,IMPACT
MULTI_STAGE_ATTACK-0028,WIN-ARGUS-028,0,12,4,4,0,0,0,2.0,1,1,2,0,0,4,0.03333333333333333,1.5135833333333333,0.0175,0,0,0,0,3,3,2,9684,3706,8.666666666666666,1,0,1,4,0,benign_normal,BENIGN
MULTI_STAGE_ATTACK-0028,WIN-ARGUS-028,1,14,4,4,0,0,0,2.0,2,4,2,0,0,8,0.13333333333333333,2.8698571428571427,0.04014285714285715,0,0,0,0,2,2,2,6535,4763,4.0,0,0,0,3,0,benign_normal,BENIGN
MULTI_STAGE_ATTACK-0028,WIN-ARGUS-028,2,12,3,3,5,1,1,4.0,5,0,0,0,0,5,0.0,2.00275,0.04641666666666667,0,0,0,0,4,3,3,10181,5695,2.75,0,0,0,3,1,powershell_attack,EXECUTION
MULTI_STAGE_ATTACK-0028,WIN-ARGUS-028,3,8,2,2,4,0,0,2.0,0,0,0,0,0,0,0.0,0.0,0.0,0,3,3,0,3,3,2,4291,2251,3.0,0,0,0,3,1,persistence_attack,PERSISTENCE
MULTI_STAGE_ATTACK-0028,WIN-ARGUS-028,4,4,1,1,0,0,0,4.0,0,0,0,0,0,0,0.0,0.0,0.0,0,0,0,0,3,2,3,8742,4459,6.666666666666667,0,0,0,2,1,multi_stage_attack,C2
MULTI_STAGE_ATTACK-0028,WIN-ARGUS-028,5,87,1,1,0,0,0,2.0,0,24,32,0,28,84,0.8,7.140471264367816,2.347712643678161,79,0,0,0,2,2,2,5213,3733,11.0,0,0,0,3,1,ransomware_like,IMPACT
MULTI_STAGE_ATTACK-0029,WIN-ARGUS-029,0,12,2,3,0,0,0,2.0,1,2,1,0,0,4,0.06666666666666667,1.7437499999999997,0.021,0,0,0,0,5,2,2,15180,10865,4.8,1,0,1,4,0,benign_normal,BENIGN
MULTI_STAGE_ATTACK-0029,WIN-ARGUS-029,1,13,2,3,0,0,0,2.0,0,2,6,0,0,8,0.06666666666666667,3.098692307692308,0.04676923076923077,0,0,0,0,3,2,2,11630,8004,4.333333333333333,0,0,0,3,0,benign_normal,BENIGN
MULTI_STAGE_ATTACK-0029,WIN-ARGUS-029,2,10,3,3,5,1,1,4.0,3,0,0,0,0,3,0.0,1.3428,0.0195,0,0,0,0,4,3,2,9875,9187,3.5,0,0,0,3,1,powershell_attack,EXECUTION
MULTI_STAGE_ATTACK-0029,WIN-ARGUS-029,3,4,2,2,2,0,0,2.0,0,0,0,0,0,0,0.0,0.0,0.0,0,1,1,0,1,1,1,3590,1725,0.0,0,0,0,3,1,persistence_attack,PERSISTENCE
MULTI_STAGE_ATTACK-0029,WIN-ARGUS-029,4,4,1,1,0,0,0,4.0,0,0,0,0,0,0,0.0,0.0,0.0,0,0,0,0,3,2,2,10617,7708,6.666666666666667,0,0,0,2,1,multi_stage_attack,C2
MULTI_STAGE_ATTACK-0029,WIN-ARGUS-029,5,80,1,1,0,0,0,2.0,0,25,23,0,28,76,0.8333333333333334,6.7681,2.2001375,65,0,0,0,3,2,3,6739,6949,5.0,0,0,0,3,1,ransomware_like,IMPACT
MULTI_STAGE_ATTACK-0030,WIN-ARGUS-030,0,13,2,2,0,0,0,2.0,3,0,3,0,0,6,0.0,2.4750769230769234,0.04038461538461539,0,0,0,0,4,2,3,9499,8779,4.0,1,0,1,4,0,benign_normal,BENIGN
MULTI_STAGE_ATTACK-0030,WIN-ARGUS-030,1,12,3,3,0,0,0,2.0,2,3,0,0,0,5,0.1,2.2146666666666666,0.0255,0,0,0,0,4,2,3,6503,7171,3.25,0,0,0,3,0,benign_normal,BENIGN
MULTI_STAGE_ATTACK-0030,WIN-ARGUS-030,2,9,3,3,5,1,1,4.0,2,0,0,0,0,2,0.0,1.236,0.02611111111111111,0,0,0,0,4,3,1,12041,11202,3.5,0,0,0,3,1,powershell_attack,EXECUTION
MULTI_STAGE_ATTACK-0030,WIN-ARGUS-030,3,6,2,2,2,0,0,2.0,0,0,0,0,0,0,0.0,0.0,0.0,0,1,1,0,3,3,3,6360,9486,3.3333333333333335,0,0,0,3,1,persistence_attack,PERSISTENCE
MULTI_STAGE_ATTACK-0030,WIN-ARGUS-030,4,4,1,1,0,0,0,4.0,0,0,0,0,0,0,0.0,0.0,0.0,0,0,0,0,3,2,2,7022,10343,6.666666666666667,0,0,0,2,1,multi_stage_attack,C2
MULTI_STAGE_ATTACK-0030,WIN-ARGUS-030,5,80,1,1,0,0,0,2.0,0,22,25,0,27,74,0.7333333333333333,6.640649999999999,2.1186499999999997,60,0,0,0,5,3,3,10182,12578,3.6,0,0,0,3,1,ransomware_like,IMPACT
MULTI_STAGE_ATTACK-0031,WIN-ARGUS-031,0,15,2,3,0,0,0,2.0,4,3,1,0,0,8,0.1,2.472,0.04066666666666666,0,0,0,0,4,3,3,9401,11341,3.0,1,0,1,4,0,benign_normal,BENIGN
MULTI_STAGE_ATTACK-0031,WIN-ARGUS-031,1,10,2,3,0,0,0,2.0,4,0,1,0,0,5,0.0,2.3452,0.0371,0,0,0,0,3,2,2,6937,9011,3.3333333333333335,0,0,0,3,0,benign_normal,BENIGN
MULTI_STAGE_ATTACK-0031,WIN-ARGUS-031,2,12,3,3,5,1,1,4.0,5,0,0,0,0,5,0.0,1.7822500000000001,0.025083333333333336,0,0,0,0,4,2,3,8909,9033,2.75,0,0,0,3,1,powershell_attack,EXECUTION
MULTI_STAGE_ATTACK-0031,WIN-ARGUS-031,3,6,2,2,3,0,0,2.0,0,0,0,0,0,0,0.0,0.0,0.0,0,2,2,0,2,1,2,6381,7407,1.5,0,0,0,3,1,persistence_attack,PERSISTENCE
MULTI_STAGE_ATTACK-0031,WIN-ARGUS-031,4,4,1,1,0,0,0,4.0,0,0,0,0,0,0,0.0,0.0,0.0,0,0,0,0,3,2,2,8271,9634,6.666666666666667,0,0,0,2,1,multi_stage_attack,C2
MULTI_STAGE_ATTACK-0031,WIN-ARGUS-031,5,81,1,1,0,0,0,2.0,0,29,26,0,21,76,0.9666666666666667,6.669728395061729,1.9838271604938271,63,0,0,0,4,3,3,13285,9957,4.75,0,0,0,3,1,ransomware_like,IMPACT
MULTI_STAGE_ATTACK-0032,WIN-ARGUS-032,0,14,4,4,0,0,0,2.0,2,2,1,0,0,5,0.06666666666666667,1.726357142857143,0.027571428571428573,0,0,0,0,4,3,3,12601,9233,4.75,1,0,1,4,0,benign_normal,BENIGN
MULTI_STAGE_ATTACK-0032,WIN-ARGUS-032,1,14,3,3,0,0,0,2.0,2,5,1,0,0,8,0.16666666666666666,2.9033571428571427,0.048785714285714286,0,0,0,0,3,3,2,6079,3663,2.6666666666666665,0,0,0,3,0,benign_normal,BENIGN
MULTI_STAGE_ATTACK-0032,WIN-ARGUS-032,2,11,3,3,6,1,1,4.0,3,0,0,0,0,3,0.0,1.372090909090909,0.016454545454545454,0,0,0,0,5,3,3,19149,16339,2.4,0,0,0,3,1,powershell_attack,EXECUTION
MULTI_STAGE_ATTACK-0032,WIN-ARGUS-032,3,7,2,2,3,0,0,2.0,0,0,0,0,0,0,0.0,0.0,0.0,0,2,2,0,3,2,2,8298,8888,3.0,0,0,0,3,1,persistence_attack,PERSISTENCE
MULTI_STAGE_ATTACK-0032,WIN-ARGUS-032,4,4,1,1,0,0,0,4.0,0,0,0,0,0,0,0.0,0.0,0.0,0,0,0,0,3,2,3,5844,9112,6.666666666666667,0,0,0,2,1,multi_stage_attack,C2
MULTI_STAGE_ATTACK-0032,WIN-ARGUS-032,5,114,1,1,0,0,0,2.0,0,39,26,0,45,110,1.3,6.891087719298245,2.2693596491228067,96,0,0,0,3,2,2,5224,7065,2.3333333333333335,0,0,0,3,1,ransomware_like,IMPACT
MULTI_STAGE_ATTACK-0033,WIN-ARGUS-033,0,11,3,3,0,0,0,2.0,1,3,0,0,0,4,0.1,1.9062727272727273,0.03727272727272728,0,0,0,0,3,1,2,8368,6103,6.0,1,0,1,4,0,benign_normal,BENIGN
MULTI_STAGE_ATTACK-0033,WIN-ARGUS-033,1,12,2,3,0,0,0,2.0,2,4,2,0,0,8,0.13333333333333333,3.202166666666667,0.04866666666666667,0,0,0,0,2,1,2,4433,3930,6.0,0,0,0,3,0,benign_normal,BENIGN
MULTI_STAGE_ATTACK-0033,WIN-ARGUS-033,2,11,3,3,6,1,1,4.0,3,0,0,0,0,3,0.0,1.3930909090909092,0.03227272727272728,0,0,0,0,5,3,1,10192,11816,3.6,0,0,0,3,1,powershell_attack,EXECUTION
MULTI_STAGE_ATTACK-0033,WIN-ARGUS-033,3,5,2,2,3,0,0,2.0,0,0,0,0,0,0,0.0,0.0,0.0,0,2,2,0,1,1,1,3739,4851,0.0,0,0,0,3,1,persistence_attack,PERSISTENCE
MULTI_STAGE_ATTACK-0033,WIN-ARGUS-033,4,4,1,1,0,0,0,4.0,0,0,0,0,0,0,0.0,0.0,0.0,0,0,0,0,3,2,2,8546,6394,6.666666666666667,0,0,0,2,1,multi_stage_attack,C2
MULTI_STAGE_ATTACK-0033,WIN-ARGUS-033,5,88,1,1,0,0,0,2.0,0,26,35,0,22,83,0.8666666666666667,6.739727272727273,2.154431818181818,69,0,0,0,4,2,3,9182,11361,5.0,0,0,0,3,1,ransomware_like,IMPACT
MULTI_STAGE_ATTACK-0034,WIN-ARGUS-034,0,12,4,4,0,0,0,2.0,2,3,0,0,0,5,0.1,2.0404999999999998,0.045083333333333336,0,0,0,0,2,1,2,6834,6962,12.5,1,0,1,4,0,benign_normal,BENIGN
MULTI_STAGE_ATTACK-0034,WIN-ARGUS-034,1,10,4,4,0,0,0,2.0,0,2,2,0,0,4,0.06666666666666667,1.9317,0.0313,0,0,0,0,2,2,2,5273,6848,3.0,0,0,0,3,0,benign_normal,BENIGN
MULTI_STAGE_ATTACK-0034,WIN-ARGUS-034,2,11,3,3,5,1,1,4.0,4,0,0,0,0,4,0.0,2.0377272727272726,0.041090909090909095,0,0,0,0,4,2,2,7871,5706,4.5,0,0,0,3,1,powershell_attack,EXECUTION
MULTI_STAGE_ATTACK-0034,WIN-ARGUS-034,3,6,2,2,3,0,0,2.0,0,0,0,0,0,0,0.0,0.0,0.0,0,2,2,0,2,2,2,4211,7110,2.0,0,0,0,3,1,persistence_attack,PERSISTENCE
MULTI_STAGE_ATTACK-0034,WIN-ARGUS-034,4,4,1,1,0,0,0,4.0,0,0,0,0,0,0,0.0,0.0,0.0,0,0,0,0,3,2,3,6223,5979,6.666666666666667,0,0,0,2,1,multi_stage_attack,C2
MULTI_STAGE_ATTACK-0034,WIN-ARGUS-034,5,81,1,1,0,0,0,2.0,0,25,32,0,20,77,0.8333333333333334,6.700518518518518,2.111271604938272,67,0,0,0,3,2,2,10849,10594,2.3333333333333335,0,0,0,3,1,ransomware_like,IMPACT
MULTI_STAGE_ATTACK-0035,WIN-ARGUS-035,0,15,3,4,0,0,0,2.0,2,2,3,0,0,7,0.06666666666666667,2.0886,0.0258,0,0,0,0,4,3,3,5854,8866,5.5,1,0,1,4,0,benign_normal,BENIGN
MULTI_STAGE_ATTACK-0035,WIN-ARGUS-035,1,14,3,4,0,0,0,2.0,6,0,1,0,0,7,0.0,2.333285714285714,0.045142857142857144,0,0,0,0,4,2,3,6756,10672,6.0,0,0,0,3,0,benign_normal,BENIGN
MULTI_STAGE_ATTACK-0035,WIN-ARGUS-035,2,10,3,3,3,1,1,4.0,5,0,0,0,0,5,0.0,2.5221,0.054000000000000006,0,0,0,0,2,1,2,6566,4310,0.5,0,0,0,3,1,powershell_attack,EXECUTION
MULTI_STAGE_ATTACK-0035,WIN-ARGUS-035,3,6,2,2,4,0,0,2.0,0,0,0,0,0,0,0.0,0.0,0.0,0,3,3,0,1,1,1,4466,2121,0.0,0,0,0,3,1,persistence_attack,PERSISTENCE
MULTI_STAGE_ATTACK-0035,WIN-ARGUS-035,4,4,1,1,0,0,0,4.0,0,0,0,0,0,0,0.0,0.0,0.0,0,0,0,0,3,2,2,7226,7929,6.666666666666667,0,0,0,2,1,multi_stage_attack,C2
MULTI_STAGE_ATTACK-0035,WIN-ARGUS-035,5,109,1,1,0,0,0,2.0,0,28,39,0,39,106,0.9333333333333333,6.9639082568807344,2.268119266055046,93,0,0,0,2,1,2,4991,5496,2.5,0,0,0,3,1,ransomware_like,IMPACT
MULTI_STAGE_ATTACK-0036,WIN-ARGUS-036,0,15,4,4,0,0,0,2.0,4,3,1,0,0,8,0.1,2.5624,0.04493333333333333,0,0,0,0,2,2,1,5957,5431,4.5,1,0,1,4,0,benign_normal,BENIGN
MULTI_STAGE_ATTACK-0036,WIN-ARGUS-036,1,13,3,4,0,0,0,2.0,4,2,2,0,0,8,0.06666666666666667,2.852923076923077,0.03469230769230769,0,0,0,0,2,2,2,5353,3781,2.0,0,0,0,3,0,benign_normal,BENIGN
MULTI_STAGE_ATTACK-0036,WIN-ARGUS-036,2,9,3,3,5,1,1,4.0,2,0,0,0,0,2,0.0,1.2694444444444446,0.012222222222222223,0,0,0,0,4,2,3,9211,8701,3.0,0,0,0,3,1,powershell_attack,EXECUTION
MULTI_STAGE_ATTACK-0036,WIN-ARGUS-036,3,8,2,2,4,0,0,2.0,0,0,0,0,0,0,0.0,0.0,0.0,0,3,3,0,3,3,2,4619,7350,3.0,0,0,0,3,1,persistence_attack,PERSISTENCE
MULTI_STAGE_ATTACK-0036,WIN-ARGUS-036,4,4,1,1,0,0,0,4.0,0,0,0,0,0,0,0.0,0.0,0.0,0,0,0,0,3,3,2,11914,7924,6.666666666666667,0,0,0,2,1,multi_stage_attack,C2
MULTI_STAGE_ATTACK-0036,WIN-ARGUS-036,5,98,1,1,0,0,0,2.0,0,26,38,0,31,95,0.8666666666666667,6.8292448979591835,2.1378061224489797,80,0,0,0,2,2,2,3252,8935,3.0,0,0,0,3,1,ransomware_like,IMPACT
MULTI_STAGE_ATTACK-0037,WIN-ARGUS-037,0,17,4,4,0,0,0,2.0,3,1,3,0,0,7,0.03333333333333333,2.1655294117647057,0.03711764705882353,0,0,0,0,5,2,3,18606,12749,2.4,1,0,1,4,0,benign_normal,BENIGN
MULTI_STAGE_ATTACK-0037,WIN-ARGUS-037,1,12,2,2,0,0,0,2.0,6,1,1,0,0,8,0.03333333333333333,3.341666666666667,0.051,0,0,0,0,2,2,1,5351,4800,1.5,0,0,0,3,0,benign_normal,BENIGN
MULTI_STAGE_ATTACK-0037,WIN-ARGUS-037,2,10,3,3,3,1,1,4.0,5,0,0,0,0,5,0.0,2.7262999999999997,0.044300000000000006,0,0,0,0,2,1,2,6153,1338,1.5,0,0,0,3,1,powershell_attack,EXECUTION
MULTI_STAGE_ATTACK-0037,WIN-ARGUS-037,3,6,2,2,2,0,0,2.0,0,0,0,0,0,0,0.0,0.0,0.0,0,1,1,0,3,3,2,9011,8879,4.0,0,0,0,3,1,persistence_attack,PERSISTENCE
MULTI_STAGE_ATTACK-0037,WIN-ARGUS-037,4,4,1,1,0,0,0,4.0,0,0,0,0,0,0,0.0,0.0,0.0,0,0,0,0,3,3,2,10695,6909,6.666666666666667,0,0,0,2,1,multi_stage_attack,C2
MULTI_STAGE_ATTACK-0037,WIN-ARGUS-037,5,105,1,1,0,0,0,2.0,0,34,37,0,31,102,1.1333333333333333,6.776523809523809,2.0081809523809526,82,0,0,0,2,2,1,3692,8071,4.0,0,0,0,3,1,ransomware_like,IMPACT
MULTI_STAGE_ATTACK-0038,WIN-ARGUS-038,0,13,2,2,0,0,0,2.0,1,1,3,0,0,5,0.03333333333333333,1.7973076923076923,0.04707692307692308,0,0,0,0,5,3,2,16703,12297,3.8,1,0,1,4,0,benign_normal,BENIGN
MULTI_STAGE_ATTACK-0038,WIN-ARGUS-038,1,13,3,3,0,0,0,2.0,3,2,2,0,0,7,0.06666666666666667,2.706153846153846,0.047846153846153844,0,0,0,0,3,3,2,8668,9106,6.666666666666667,0,0,0,3,0,benign_normal,BENIGN
MULTI_STAGE_ATTACK-0038,WIN-ARGUS-038,2,13,3,3,6,1,1,4.0,5,0,0,0,0,5,0.0,1.7343076923076923,0.025692307692307695,0,0,0,0,5,3,2,14555,18345,4.0,0,0,0,3,1,powershell_attack,EXECUTION
MULTI_STAGE_ATTACK-0038,WIN-ARGUS-038,3,7,2,2,4,0,0,2.0,0,0,0,0,0,0,0.0,0.0,0.0,0,3,3,0,2,2,2,4989,5710,2.0,0,0,0,3,1,persistence_attack,PERSISTENCE
MULTI_STAGE_ATTACK-0038,WIN-ARGUS-038,4,4,1,1,0,0,0,4.0,0,0,0,0,0,0,0.0,0.0,0.0,0,0,0,0,3,2,2,4524,10954,6.666666666666667,0,0,0,2,1,multi_stage_attack,C2
MULTI_STAGE_ATTACK-0038,WIN-ARGUS-038,5,87,1,1,0,0,0,2.0,0,28,28,0,28,84,0.9333333333333333,6.850563218390805,2.1943793103448277,77,0,0,0,2,2,2,4210,5517,4.0,0,0,0,3,1,ransomware_like,IMPACT
MULTI_STAGE_ATTACK-0039,WIN-ARGUS-039,0,14,4,4,0,0,0,2.0,0,2,2,0,0,4,0.06666666666666667,1.3346428571428572,0.025857142857142856,0,0,0,0,5,3,2,11276,13497,2.6,1,0,1,4,0,benign_normal,BENIGN
MULTI_STAGE_ATTACK-0039,WIN-ARGUS-039,1,16,4,4,0,0,0,2.0,1,4,3,0,0,8,0.13333333333333333,2.381875,0.034624999999999996,0,0,0,0,4,2,3,11195,7599,3.25,0,0,0,3,0,benign_normal,BENIGN
MULTI_STAGE_ATTACK-0039,WIN-ARGUS-039,2,11,3,3,4,1,1,4.0,5,0,0,0,0,5,0.0,2.3023636363636366,0.036000000000000004,0,0,0,0,3,3,2,3907,5117,2.6666666666666665,0,0,0,3,1,powershell_attack,EXECUTION
MULTI_STAGE_ATTACK-0039,WIN-ARGUS-039,3,6,2,2,3,0,0,2.0,0,0,0,0,0,0,0.0,0.0,0.0,0,2,2,0,2,2,1,5674,5609,3.5,0,0,0,3,1,persistence_attack,PERSISTENCE
MULTI_STAGE_ATTACK-0039,WIN-ARGUS-039,4,4,1,1,0,0,0,4.0,0,0,0,0,0,0,0.0,0.0,0.0,0,0,0,0,3,2,2,5883,8748,6.666666666666667,0,0,0,2,1,multi_stage_attack,C2
MULTI_STAGE_ATTACK-0039,WIN-ARGUS-039,5,84,1,1,0,0,0,2.0,0,31,24,0,26,81,1.0333333333333334,6.923738095238096,2.1827380952380953,70,0,0,0,2,2,1,5997,3716,10.5,0,0,0,3,1,ransomware_like,IMPACT
MULTI_STAGE_ATTACK-0040,WIN-ARGUS-040,0,15,4,4,0,0,0,2.0,5,0,1,0,0,6,0.0,1.8358666666666668,0.041666666666666664,0,0,0,0,4,3,2,10777,12240,3.75,1,0,1,4,0,benign_normal,BENIGN
MULTI_STAGE_ATTACK-0040,WIN-ARGUS-040,1,11,4,4,0,0,0,2.0,1,2,1,0,0,4,0.06666666666666667,1.8850909090909092,0.024454545454545455,0,0,0,0,3,2,2,10218,5510,4.333333333333333,0,0,0,3,0,benign_normal,BENIGN
MULTI_STAGE_ATTACK-0040,WIN-ARGUS-040,2,11,3,3,5,1,1,4.0,4,0,0,0,0,4,0.0,1.7013636363636364,0.029181818181818184,0,0,0,0,4,3,3,10310,8510,4.5,0,0,0,3,1,powershell_attack,EXECUTION
MULTI_STAGE_ATTACK-0040,WIN-ARGUS-040,3,4,2,2,2,0,0,2.0,0,0,0,0,0,0,0.0,0.0,0.0,0,1,1,0,1,1,1,3261,2826,0.0,0,0,0,3,1,persistence_attack,PERSISTENCE
MULTI_STAGE_ATTACK-0040,WIN-ARGUS-040,4,4,1,1,0,0,0,4.0,0,0,0,0,0,0,0.0,0.0,0.0,0,0,0,0,3,2,2,8989,7321,6.666666666666667,0,0,0,2,1,multi_stage_attack,C2
MULTI_STAGE_ATTACK-0040,WIN-ARGUS-040,5,107,1,1,0,0,0,2.0,0,36,34,0,34,104,1.2,6.937532710280374,2.274766355140187,94,0,0,0,2,1,1,5770,6921,5.0,0,0,0,3,1,ransomware_like,IMPACT
MULTI_STAGE_ATTACK-0041,WIN-ARGUS-041,0,13,2,3,0,0,0,2.0,4,0,1,0,0,5,0.0,1.8270000000000002,0.019153846153846153,0,0,0,0,5,1,2,13631,16718,4.2,1,0,1,4,0,benign_normal,BENIGN
MULTI_STAGE_ATTACK-0041,WIN-ARGUS-041,1,11,3,3,0,0,0,2.0,2,1,2,0,0,5,0.03333333333333333,2.376818181818182,0.03709090909090909,0,0,0,0,3,1,2,3588,7786,3.6666666666666665,0,0,0,3,0,benign_normal,BENIGN
MULTI_STAGE_ATTACK-0041,WIN-ARGUS-041,2,9,3,3,3,1,1,4.0,4,0,0,0,0,4,0.0,2.249111111111111,0.016888888888888887,0,0,0,0,2,2,1,5568,9459,10.0,0,0,0,3,1,powershell_attack,EXECUTION
MULTI_STAGE_ATTACK-0041,WIN-ARGUS-041,3,6,2,2,2,0,0,2.0,0,0,0,0,0,0,0.0,0.0,0.0,0,1,1,0,3,2,2,6679,6828,1.6666666666666667,0,0,0,3,1,persistence_attack,PERSISTENCE
MULTI_STAGE_ATTACK-0041,WIN-ARGUS-041,4,4,1,1,0,0,0,4.0,0,0,0,0,0,0,0.0,0.0,0.0,0,0,0,0,3,2,3,10788,8100,6.666666666666667,0,0,0,2,1,multi_stage_attack,C2
MULTI_STAGE_ATTACK-0041,WIN-ARGUS-041,5,102,1,1,0,0,0,2.0,0,29,31,0,36,96,0.9666666666666667,6.425676470588235,1.9488725490196077,79,0,0,0,5,2,2,12183,14062,3.8,0,0,0,3,1,ransomware_like,IMPACT
MULTI_STAGE_ATTACK-0042,WIN-ARGUS-042,0,10,2,2,0,0,0,2.0,1,0,4,0,0,5,0.0,2.5614,0.039900000000000005,0,0,0,0,2,2,1,5214,8725,10.5,1,0,1,4,0,benign_normal,BENIGN
MULTI_STAGE_ATTACK-0042,WIN-ARGUS-042,1,10,2,3,0,0,0,2.0,1,2,1,0,0,4,0.06666666666666667,1.8265999999999998,0.028800000000000003,0,0,0,0,4,2,3,8532,10604,4.25,0,0,0,3,0,benign_normal,BENIGN
MULTI_STAGE_ATTACK-0042,WIN-ARGUS-042,2,9,3,3,4,1,1,4.0,3,0,0,0,0,3,0.0,1.6868888888888889,0.03066666666666667,0,0,0,0,3,3,2,6928,8406,0.6666666666666666,0,0,0,3,1,powershell_attack,EXECUTION
MULTI_STAGE_ATTACK-0042,WIN-ARGUS-042,3,7,2,2,4,0,0,2.0,0,0,0,0,0,0,0.0,0.0,0.0,0,3,3,0,2,2,1,5143,7668,1.5,0,0,0,3,1,persistence_attack,PERSISTENCE
MULTI_STAGE_ATTACK-0042,WIN-ARGUS-042,4,4,1,1,0,0,0,4.0,0,0,0,0,0,0,0.0,0.0,0.0,0,0,0,0,3,2,2,6198,7173,6.666666666666667,0,0,0,2,1,multi_stage_attack,C2
MULTI_STAGE_ATTACK-0042,WIN-ARGUS-042,5,99,1,1,0,0,0,2.0,0,36,22,0,35,93,1.2,6.62040404040404,2.051555555555556,81,0,0,0,5,2,3,13555,7694,2.8,0,0,0,3,1,ransomware_like,IMPACT
MULTI_STAGE_ATTACK-0043,WIN-ARGUS-043,0,11,3,4,0,0,0,2.0,2,1,2,0,0,5,0.03333333333333333,2.155272727272727,0.03381818181818182,0,0,0,0,2,1,2,5363,3956,2.0,1,0,1,4,0,benign_normal,BENIGN
MULTI_STAGE_ATTACK-0043,WIN-ARGUS-043,1,10,2,3,0,0,0,2.0,2,0,2,0,0,4,0.0,2.3504,0.0178,0,0,0,0,4,2,2,11186,6025,6.25,0,0,0,3,0,benign_normal,BENIGN
MULTI_STAGE_ATTACK-0043,WIN-ARGUS-043,2,9,3,3,5,1,1,4.0,2,0,0,0,0,2,0.0,1.2026666666666666,0.030111111111111113,0,0,0,0,4,2,2,11698,6659,2.75,0,0,0,3,1,powershell_attack,EXECUTION
MULTI_STAGE_ATTACK-0043,WIN-ARGUS-043,3,4,2,2,2,0,0,2.0,0,0,0,0,0,0,0.0,0.0,0.0,0,1,1,0,1,1,1,1920,3320,0.0,0,0,0,3,1,persistence_attack,PERSISTENCE
MULTI_STAGE_ATTACK-0043,WIN-ARGUS-043,4,4,1,1,0,0,0,4.0,0,0,0,0,0,0,0.0,0.0,0.0,0,0,0,0,3,2,2,7935,6878,6.666666666666667,0,0,0,2,1,multi_stage_attack,C2
MULTI_STAGE_ATTACK-0043,WIN-ARGUS-043,5,83,1,1,0,0,0,2.0,0,34,22,0,24,80,1.1333333333333333,7.009072289156627,2.142289156626506,69,0,0,0,2,2,2,4076,2341,4.0,0,0,0,3,1,ransomware_like,IMPACT
MULTI_STAGE_ATTACK-0044,WIN-ARGUS-044,0,11,3,4,0,0,0,2.0,3,0,1,0,0,4,0.0,1.7775454545454545,0.02990909090909091,0,0,0,0,3,2,1,8020,7101,3.3333333333333335,1,0,1,4,0,benign_normal,BENIGN
MULTI_STAGE_ATTACK-0044,WIN-ARGUS-044,1,10,2,2,0,0,0,2.0,1,2,1,0,0,4,0.06666666666666667,1.9304,0.033,0,0,0,0,4,2,3,12201,8140,5.75,0,0,0,3,0,benign_normal,BENIGN
MULTI_STAGE_ATTACK-0044,WIN-ARGUS-044,2,7,3,3,3,1,1,4.0,2,0,0,0,0,2,0.0,1.3377142857142859,0.026714285714285715,0,0,0,0,2,1,2,6353,9627,2.0,0,0,0,3,1,powershell_attack,EXECUTION
MULTI_STAGE_ATTACK-0044,WIN-ARGUS-044,3,6,2,2,4,0,0,2.0,0,0,0,0,0,0,0.0,0.0,0.0,0,3,3,0,1,1,1,4372,4152,0.0,0,0,0,3,1,persistence_attack,PERSISTENCE
MULTI_STAGE_ATTACK-0044,WIN-ARGUS-044,4,4,1,1,0,0,0,4.0,0,0,0,0,0,0,0.0,0.0,0.0,0,0,0,0,3,2,2,11443,6808,6.666666666666667,0,0,0,2,1,multi_stage_attack,C2
MULTI_STAGE_ATTACK-0044,WIN-ARGUS-044,5,108,1,1,0,0,0,2.0,0,36,40,0,29,105,1.2,7.067759259259259,2.3785925925925926,94,0,0,0,2,1,1,8125,5261,8.0,0,0,0,3,1,ransomware_like,IMPACT
MULTI_STAGE_ATTACK-0045,WIN-ARGUS-045,0,14,4,4,0,0,0,2.0,3,0,2,0,0,5,0.0,1.6115,0.023571428571428573,0,0,0,0,4,3,2,8956,12214,1.75,1,0,1,4,0,benign_normal,BENIGN
MULTI_STAGE_ATTACK-0045,WIN-ARGUS-045,1,14,2,3,0,0,0,2.0,1,3,4,0,0,8,0.1,2.925142857142857,0.04371428571428572,0,0,0,0,4,3,3,9431,6997,3.5,0,0,0,3,0,benign_normal,BENIGN
MULTI_STAGE_ATTACK-0045,WIN-ARGUS-045,2,9,3,3,3,1,1,4.0,4,0,0,0,0,4,0.0,2.4734444444444446,0.038,0,0,0,0,2,2,1,6221,5068,7.0,0,0,0,3,1,powershell_attack,EXECUTION
MULTI_STAGE_ATTACK-0045,WIN-ARGUS-045,3,5,2,2,3,0,0,2.0,0,0,0,0,0,0,0.0,0.0,0.0,0,2,2,0,1,1,1,457,3023,0.0,0,0,0,3,1,persistence_attack,PERSISTENCE
MULTI_STAGE_ATTACK-0045,WIN-ARGUS-045,4,4,1,1,0,0,0,4.0,0,0,0,0,0,0,0.0,0.0,0.0,0,0,0,0,3,2,3,5918,7443,6.666666666666667,0,0,0,2,1,multi_stage_attack,C2
MULTI_STAGE_ATTACK-0045,WIN-ARGUS-045,5,97,1,1,0,0,0,2.0,0,23,25,0,45,93,0.7666666666666667,6.829,2.173484536082474,80,0,0,0,3,3,2,4912,9021,5.666666666666667,0,0,0,3,1,ransomware_like,IMPACT
MULTI_STAGE_ATTACK-0046,WIN-ARGUS-046,0,12,3,3,0,0,0,2.0,2,1,2,0,0,5,0.03333333333333333,1.9766666666666666,0.043833333333333335,0,0,0,0,3,2,2,8181,7091,1.6666666666666667,1,0,1,4,0,benign_normal,BENIGN
MULTI_STAGE_ATTACK-0046,WIN-ARGUS-046,1,13,3,3,0,0,0,2.0,2,3,3,0,0,8,0.1,3.061230769230769,0.04676923076923077,0,0,0,0,2,2,2,2159,6659,4.5,0,0,0,3,0,benign_normal,BENIGN
MULTI_STAGE_ATTACK-0046,WIN-ARGUS-046,2,10,3,3,5,1,1,4.0,3,0,0,0,0,3,0.0,1.4586999999999999,0.0254,0,0,0,0,4,3,2,12188,15588,3.5,0,0,0,3,1,powershell_attack,EXECUTION
MULTI_STAGE_ATTACK-0046,WIN-ARGUS-046,3,6,2,2,2,0,0,2.0,0,0,0,0,0,0,0.0,0.0,0.0,0,1,1,0,3,3,3,10305,8353,5.0,0,0,0,3,1,persistence_attack,PERSISTENCE
MULTI_STAGE_ATTACK-0046,WIN-ARGUS-046,4,4,1,1,0,0,0,4.0,0,0,0,0,0,0,0.0,0.0,0.0,0,0,0,0,3,2,2,10588,8982,6.666666666666667,0,0,0,2,1,multi_stage_attack,C2
MULTI_STAGE_ATTACK-0046,WIN-ARGUS-046,5,99,1,1,0,0,0,2.0,0,34,38,0,21,93,1.1333333333333333,6.57569696969697,2.1052828282828284,78,0,0,0,5,3,3,16066,16009,3.4,0,0,0,3,1,ransomware_like,IMPACT
MULTI_STAGE_ATTACK-0047,WIN-ARGUS-047,0,12,2,2,0,0,0,2.0,1,1,4,0,0,6,0.03333333333333333,2.185166666666667,0.051916666666666667,0,0,0,0,3,2,2,6780,8325,9.0,1,0,1,4,0,benign_normal,BENIGN
MULTI_STAGE_ATTACK-0047,WIN-ARGUS-047,1,17,4,4,0,0,0,2.0,2,4,2,0,0,8,0.13333333333333333,2.392352941176471,0.047117647058823535,0,0,0,0,5,3,2,9503,9453,4.0,0,0,0,3,0,benign_normal,BENIGN
MULTI_STAGE_ATTACK-0047,WIN-ARGUS-047,2,7,3,3,3,1,1,4.0,2,0,0,0,0,2,0.0,1.5712857142857142,0.01442857142857143,0,0,0,0,2,2,2,5283,5549,7.0,0,0,0,3,1,powershell_attack,EXECUTION
MULTI_STAGE_ATTACK-0047,WIN-ARGUS-047,3,4,2,2,2,0,0,2.0,0,0,0,0,0,0,0.0,0.0,0.0,0,1,1,0,1,1,1,2052,3551,0.0,0,0,0,3,1,persistence_attack,PERSISTENCE
MULTI_STAGE_ATTACK-0047,WIN-ARGUS-047,4,4,1,1,0,0,0,4.0,0,0,0,0,0,0,0.0,0.0,0.0,0,0,0,0,3,2,3,6276,10679,6.666666666666667,0,0,0,2,1,multi_stage_attack,C2
MULTI_STAGE_ATTACK-0047,WIN-ARGUS-047,5,83,1,1,0,0,0,2.0,0,20,38,0,22,80,0.6666666666666666,6.59810843373494,2.0763855421686745,62,0,0,0,2,2,2,6570,3013,3.5,0,0,0,3,1,ransomware_like,IMPACT
MULTI_STAGE_ATTACK-0048,WIN-ARGUS-048,0,13,2,3,0,0,0,2.0,2,2,3,0,0,7,0.06666666666666667,2.634076923076923,0.05930769230769231,0,0,0,0,3,2,3,11065,8124,4.666666666666667,1,0,1,4,0,benign_normal,BENIGN
MULTI_STAGE_ATTACK-0048,WIN-ARGUS-048,1,14,2,2,0,0,0,2.0,4,2,1,0,0,7,0.06666666666666667,2.373285714285714,0.041857142857142864,0,0,0,0,5,3,3,16414,10517,3.4,0,0,0,3,0,benign_normal,BENIGN
MULTI_STAGE_ATTACK-0048,WIN-ARGUS-048,2,12,3,3,5,1,1,4.0,5,0,0,0,0,5,0.0,2.057,0.037083333333333336,0,0,0,0,4,2,3,6717,9541,4.25,0,0,0,3,1,powershell_attack,EXECUTION
MULTI_STAGE_ATTACK-0048,WIN-ARGUS-048,3,8,2,2,4,0,0,2.0,0,0,0,0,0,0,0.0,0.0,0.0,0,3,3,0,3,3,2,4759,8740,3.0,0,0,0,3,1,persistence_attack,PERSISTENCE
MULTI_STAGE_ATTACK-0048,WIN-ARGUS-048,4,4,1,1,0,0,0,4.0,0,0,0,0,0,0,0.0,0.0,0.0,0,0,0,0,3,2,2,12447,8546,6.666666666666667,0,0,0,2,1,multi_stage_attack,C2
MULTI_STAGE_ATTACK-0048,WIN-ARGUS-048,5,116,1,1,0,0,0,2.0,0,42,39,0,29,110,1.4,6.770663793103449,2.1248706896551726,100,0,0,0,5,3,2,14795,12054,1.4,0,0,0,3,1,ransomware_like,IMPACT
MULTI_STAGE_ATTACK-0049,WIN-ARGUS-049,0,18,4,4,0,0,0,2.0,4,2,2,0,0,8,0.06666666666666667,2.273888888888889,0.030000000000000002,0,0,0,0,5,3,3,15126,10756,3.2,1,0,1,4,0,benign_normal,BENIGN
MULTI_STAGE_ATTACK-0049,WIN-ARGUS-049,1,9,3,4,0,0,0,2.0,1,1,2,0,0,4,0.03333333333333333,2.171222222222222,0.031222222222222224,0,0,0,0,2,2,2,1815,4629,1.0,0,0,0,3,0,benign_normal,BENIGN
MULTI_STAGE_ATTACK-0049,WIN-ARGUS-049,2,11,3,3,6,1,1,4.0,3,0,0,0,0,3,0.0,1.5575454545454546,0.019090909090909092,0,0,0,0,5,3,3,8588,11505,4.0,0,0,0,3,1,powershell_attack,EXECUTION
MULTI_STAGE_ATTACK-0049,WIN-ARGUS-049,3,6,2,2,2,0,0,2.0,0,0,0,0,0,0,0.0,0.0,0.0,0,1,1,0,3,2,2,11019,9318,3.0,0,0,0,3,1,persistence_attack,PERSISTENCE
MULTI_STAGE_ATTACK-0049,WIN-ARGUS-049,4,4,1,1,0,0,0,4.0,0,0,0,0,0,0,0.0,0.0,0.0,0,0,0,0,3,2,3,4670,8884,6.666666666666667,0,0,0,2,1,multi_stage_attack,C2
MULTI_STAGE_ATTACK-0049,WIN-ARGUS-049,5,90,1,1,0,0,0,2.0,0,18,43,0,26,87,0.6,6.955611111111111,2.2906444444444443,77,0,0,0,2,2,2,4949,7625,3.5,0,0,0,3,1,ransomware_like,IMPACT
MULTI_STAGE_ATTACK-0050,WIN-ARGUS-050,0,14,3,3,0,0,0,2.0,1,2,2,0,0,5,0.06666666666666667,2.021857142857143,0.032785714285714286,0,0,0,0,5,3,3,14906,13750,4.0,1,0,1,4,0,benign_normal,BENIGN
MULTI_STAGE_ATTACK-0050,WIN-ARGUS-050,1,13,4,4,0,0,0,2.0,0,2,4,0,0,6,0.06666666666666667,2.207923076923077,0.029076923076923077,0,0,0,0,3,3,3,6700,8712,3.0,0,0,0,3,0,benign_normal,BENIGN
MULTI_STAGE_ATTACK-0050,WIN-ARGUS-050,2,9,3,3,3,1,1,4.0,4,0,0,0,0,4,0.0,2.1345555555555555,0.030888888888888893,0,0,0,0,2,2,2,5163,3279,2.0,0,0,0,3,1,powershell_attack,EXECUTION
MULTI_STAGE_ATTACK-0050,WIN-ARGUS-050,3,8,2,2,4,0,0,2.0,0,0,0,0,0,0,0.0,0.0,0.0,0,3,3,0,3,2,3,6370,6874,0.3333333333333333,0,0,0,3,1,persistence_attack,PERSISTENCE
MULTI_STAGE_ATTACK-0050,WIN-ARGUS-050,4,4,1,1,0,0,0,4.0,0,0,0,0,0,0,0.0,0.0,0.0,0,0,0,0,3,3,2,5922,8068,6.666666666666667,0,0,0,2,1,multi_stage_attack,C2
MULTI_STAGE_ATTACK-0050,WIN-ARGUS-050,5,96,1,1,0,0,0,2.0,0,23,36,0,33,92,0.7666666666666667,6.595354166666667,1.9991875,75,0,0,0,3,2,3,13463,3388,8.333333333333334,0,0,0,3,1,ransomware_like,IMPACT
MULTI_STAGE_ATTACK-0051,WIN-ARGUS-051,0,14,2,3,0,0,0,2.0,2,5,0,0,0,7,0.16666666666666666,2.414857142857143,0.04064285714285715,0,0,0,0,4,2,3,11439,12995,4.25,1,0,1,4,0,benign_normal,BENIGN
MULTI_STAGE_ATTACK-0051,WIN-ARGUS-051,1,16,4,4,0,0,0,2.0,3,2,2,0,0,7,0.06666666666666667,2.0793749999999998,0.027875,0,0,0,0,5,3,3,12337,10897,3.6,0,0,0,3,0,benign_normal,BENIGN
MULTI_STAGE_ATTACK-0051,WIN-ARGUS-051,2,8,3,3,3,1,1,4.0,3,0,0,0,0,3,0.0,2.050625,0.03875,0,0,0,0,2,2,2,2743,9337,4.5,0,0,0,3,1,powershell_attack,EXECUTION
MULTI_STAGE_ATTACK-0051,WIN-ARGUS-051,3,7,2,2,3,0,0,2.0,0,0,0,0,0,0,0.0,0.0,0.0,0,2,2,0,3,2,2,6221,12839,5.333333333333333,0,0,0,3,1,persistence_attack,PERSISTENCE
MULTI_STAGE_ATTACK-0051,WIN-ARGUS-051,4,4,1,1,0,0,0,4.0,0,0,0,0,0,0,0.0,0.0,0.0,0,0,0,0,3,3,2,4910,8106,6.666666666666667,0,0,0,2,1,multi_stage_attack,C2
MULTI_STAGE_ATTACK-0051,WIN-ARGUS-051,5,109,1,1,0,0,0,2.0,0,33,32,0,38,103,1.1,6.707302752293578,2.1277981651376145,87,0,0,0,5,3,2,13795,10849,5.0,0,0,0,3,1,ransomware_like,IMPACT
MULTI_STAGE_ATTACK-0052,WIN-ARGUS-052,0,13,3,4,0,0,0,2.0,0,1,3,0,0,4,0.03333333333333333,1.5439230769230767,0.03207692307692308,0,0,0,0,5,3,3,7910,13958,4.8,1,0,1,4,0,benign_normal,BENIGN
MULTI_STAGE_ATTACK-0052,WIN-ARGUS-052,1,17,4,4,0,0,0,2.0,2,1,5,0,0,8,0.03333333333333333,2.346882352941176,0.034352941176470586,0,0,0,0,5,2,3,10735,12511,5.4,0,0,0,3,0,benign_normal,BENIGN
MULTI_STAGE_ATTACK-0052,WIN-ARGUS-052,2,7,3,3,3,1,1,4.0,2,0,0,0,0,2,0.0,1.4581428571428572,0.024142857142857143,0,0,0,0,2,2,2,6195,4514,2.0,0,0,0,3,1,powershell_attack,EXECUTION
MULTI_STAGE_ATTACK-0052,WIN-ARGUS-052,3,6,2,2,3,0,0,2.0,0,0,0,0,0,0,0.0,0.0,0.0,0,2,2,0,2,1,2,3108,6373,7.0,0,0,0,3,1,persistence_attack,PERSISTENCE
MULTI_STAGE_ATTACK-0052,WIN-ARGUS-052,4,4,1,1,0,0,0,4.0,0,0,0,0,0,0,0.0,0.0,0.0,0,0,0,0,3,2,2,12976,8815,6.666666666666667,0,0,0,2,1,multi_stage_attack,C2
MULTI_STAGE_ATTACK-0052,WIN-ARGUS-052,5,88,1,1,0,0,0,2.0,0,28,30,0,26,84,0.9333333333333333,6.599011363636364,2.05675,67,0,0,0,3,3,2,7807,7104,4.0,0,0,0,3,1,ransomware_like,IMPACT
MULTI_STAGE_ATTACK-0053,WIN-ARGUS-053,0,14,3,3,0,0,0,2.0,2,2,1,0,0,5,0.06666666666666667,1.8762857142857143,0.03542857142857143,0,0,0,0,5,2,3,11733,10028,5.0,1,0,1,4,0,benign_normal,BENIGN
MULTI_STAGE_ATTACK-0053,WIN-ARGUS-053,1,13,2,2,0,0,0,2.0,0,3,3,0,0,6,0.1,2.034076923076923,0.04138461538461539,0,0,0,0,5,3,3,13553,10298,3.8,0,0,0,3,0,benign_normal,BENIGN
MULTI_STAGE_ATTACK-0053,WIN-ARGUS-053,2,9,3,3,4,1,1,4.0,3,0,0,0,0,3,0.0,1.5672222222222223,0.02788888888888889,0,0,0,0,3,1,2,6997,8814,2.6666666666666665,0,0,0,3,1,powershell_attack,EXECUTION
MULTI_STAGE_ATTACK-0053,WIN-ARGUS-053,3,6,2,2,4,0,0,2.0,0,0,0,0,0,0,0.0,0.0,0.0,0,3,3,0,1,1,1,506,590,0.0,0,0,0,3,1,persistence_attack,PERSISTENCE
MULTI_STAGE_ATTACK-0053,WIN-ARGUS-053,4,4,1,1,0,0,0,4.0,0,0,0,0,0,0,0.0,0.0,0.0,0,0,0,0,3,3,3,11788,9804,6.666666666666667,0,0,0,2,1,multi_stage_attack,C2
MULTI_STAGE_ATTACK-0053,WIN-ARGUS-053,5,97,1,1,0,0,0,2.0,0,34,27,0,31,92,1.1333333333333333,6.944948453608247,2.296061855670103,81,0,0,0,4,2,3,7230,8634,3.0,0,0,0,3,1,ransomware_like,IMPACT
MULTI_STAGE_ATTACK-0054,WIN-ARGUS-054,0,13,4,4,0,0,0,2.0,1,3,0,0,0,4,0.1,1.598076923076923,0.019769230769230768,0,0,0,0,4,2,3,6065,11713,0.75,1,0,1,4,0,benign_normal,BENIGN
MULTI_STAGE_ATTACK-0054,WIN-ARGUS-054,1,13,4,4,0,0,0,2.0,2,1,3,0,0,6,0.03333333333333333,2.4355384615384614,0.03415384615384615,0,0,0,0,3,2,2,9421,7021,4.333333333333333,0,0,0,3,0,benign_normal,BENIGN
MULTI_STAGE_ATTACK-0054,WIN-ARGUS-054,2,10,3,3,6,1,1,4.0,2,0,0,0,0,2,0.0,1.0205,0.0171,0,0,0,0,5,3,2,15628,8574,2.8,0,0,0,3,1,powershell_attack,EXECUTION
MULTI_STAGE_ATTACK-0054,WIN-ARGUS-054,3,6,2,2,4,0,0,2.0,0,0,0,0,0,0,0.0,0.0,0.0,0,3,3,0,1,1,1,1402,1819,0.0,0,0,0,3,1,persistence_attack,PERSISTENCE
MULTI_STAGE_ATTACK-0054,WIN-ARGUS-054,4,4,1,1,0,0,0,4.0,0,0,0,0,0,0,0.0,0.0,0.0,0,0,0,0,3,1,3,6161,13352,6.666666666666667,0,0,0,2,1,multi_stage_attack,C2
MULTI_STAGE_ATTACK-0054,WIN-ARGUS-054,5,76,1,1,0,0,0,2.0,0,24,22,0,26,72,0.8,6.837184210526315,2.1755526315789475,61,0,0,0,3,2,2,7999,7286,7.333333333333333,0,0,0,3,1,ransomware_like,IMPACT
MULTI_STAGE_ATTACK-0055,WIN-ARGUS-055,0,16,2,2,0,0,0,2.0,4,2,2,0,0,8,0.06666666666666667,2.610875,0.035250000000000004,0,0,0,0,5,3,2,11643,9245,4.6,1,0,1,4,0,benign_normal,BENIGN
MULTI_STAGE_ATTACK-0055,WIN-ARGUS-055,1,13,2,2,0,0,0,2.0,1,2,3,0,0,6,0.06666666666666667,2.227153846153846,0.03584615384615385,0,0,0,0,5,3,3,7987,14222,5.0,0,0,0,3,0,benign_normal,BENIGN
MULTI_STAGE_ATTACK-0055,WIN-ARGUS-055,2,11,3,3,4,1,1,4.0,5,0,0,0,0,5,0.0,1.9147272727272728,0.024090909090909093,0,0,0,0,3,1,3,7841,8292,5.333333333333333,0,0,0,3,1,powershell_attack,EXECUTION
MULTI_STAGE_ATTACK-0055,WIN-ARGUS-055,3,7,2,2,4,0,0,2.0,0,0,0,0,0,0,0.0,0.0,0.0,0,3,3,0,2,1,2,6871,5075,6.5,0,0,0,3,1,persistence_attack,PERSISTENCE
MULTI_STAGE_ATTACK-0055,WIN-ARGUS-055,4,4,1,1,0,0,0,4.0,0,0,0,0,0,0,0.0,0.0,0.0,0,0,0,0,3,2,3,13036,10425,6.666666666666667,0,0,0,2,1,multi_stage_attack,C2
MULTI_STAGE_ATTACK-0055,WIN-ARGUS-055,5,82,1,1,0,0,0,2.0,0,21,29,0,26,76,0.7,6.784841463414634,2.2405,69,0,0,0,5,3,3,16927,17041,5.0,0,0,0,3,1,ransomware_like,IMPACT
MULTI_STAGE_ATTACK-0056,WIN-ARGUS-056,0,13,4,4,0,0,0,2.0,1,2,3,0,0,6,0.06666666666666667,2.3016153846153844,0.03553846153846153,0,0,0,0,2,2,1,4238,3267,6.5,1,0,1,4,0,benign_normal,BENIGN
MULTI_STAGE_ATTACK-0056,WIN-ARGUS-056,1,14,2,3,0,0,0,2.0,3,0,4,0,0,7,0.0,2.3785714285714286,0.03485714285714286,0,0,0,0,5,2,3,12184,14170,5.0,0,0,0,3,0,benign_normal,BENIGN
MULTI_STAGE_ATTACK-0056,WIN-ARGUS-056,2,10,3,3,6,1,1,4.0,2,0,0,0,0,2,0.0,0.9689,0.0093,0,0,0,0,5,3,2,12085,16968,3.4,0,0,0,3,1,powershell_attack,EXECUTION
MULTI_STAGE_ATTACK-0056,WIN-ARGUS-056,3,5,2,2,2,0,0,2.0,0,0,0,0,0,0,0.0,0.0,0.0,0,1,1,0,2,2,2,5596,7346,1.5,0,0,0,3,1,persistence_attack,PERSISTENCE
MULTI_STAGE_ATTACK-0056,WIN-ARGUS-056,4,4,1,1,0,0,0,4.0,0,0,0,0,0,0,0.0,0.0,0.0,0,0,0,0,3,2,3,10189,12132,6.666666666666667,0,0,0,2,1,multi_stage_attack,C2
MULTI_STAGE_ATTACK-0056,WIN-ARGUS-056,5,103,1,1,0,0,0,2.0,0,28,35,0,34,97,0.9333333333333333,6.650514563106796,2.031902912621359,82,0,0,0,5,2,2,6617,8931,4.8,0,0,0,3,1,ransomware_like,IMPACT
MULTI_STAGE_ATTACK-0057,WIN-ARGUS-057,0,13,3,3,0,0,0,2.0,0,3,1,0,0,4,0.1,1.576,0.022461538461538463,0,0,0,0,5,2,2,12641,11818,5.2,1,0,1,4,0,benign_normal,BENIGN
MULTI_STAGE_ATTACK-0057,WIN-ARGUS-057,1,15,4,4,0,0,0,2.0,1,4,2,0,0,7,0.13333333333333333,2.192533333333333,0.032266666666666666,0,0,0,0,4,3,2,10766,13214,5.25,0,0,0,3,0,benign_normal,BENIGN
MULTI_STAGE_ATTACK-0057,WIN-ARGUS-057,2,12,3,3,5,1,1,4.0,5,0,0,0,0,5,0.0,2.0963333333333334,0.0395,0,0,0,0,4,2,3,9702,14536,3.75,0,0,0,3,1,powershell_attack,EXECUTION
MULTI_STAGE_ATTACK-0057,WIN-ARGUS-057,3,5,2,2,3,0,0,2.0,0,0,0,0,0,0,0.0,0.0,0.0,0,2,2,0,1,1,1,2565,1717,0.0,0,0,0,3,1,persistence_attack,PERSISTENCE
MULTI_STAGE_ATTACK-0057,WIN-ARGUS-057,4,4,1,1,0,0,0,4.0,0,0,0,0,0,0,0.0,0.0,0.0,0,0,0,0,3,3,2,13126,10484,6.666666666666667,0,0,0,2,1,multi_stage_attack,C2
MULTI_STAGE_ATTACK-0057,WIN-ARGUS-057,5,112,1,1,0,0,0,2.0,0,36,36,0,35,107,1.2,6.907964285714286,2.223669642857143,95,0,0,0,4,3,3,13431,9347,4.5,0,0,0,3,1,ransomware_like,IMPACT
MULTI_STAGE_ATTACK-0058,WIN-ARGUS-058,0,11,2,2,0,0,0,2.0,4,0,2,0,0,6,0.0,2.7007272727272724,0.04627272727272727,0,0,0,0,2,2,2,5402,4194,0.5,1,0,1,4,0,benign_normal,BENIGN
MULTI_STAGE_ATTACK-0058,WIN-ARGUS-058,1,10,2,2,0,0,0,2.0,2,1,1,0,0,4,0.03333333333333333,1.8652000000000002,0.0171,0,0,0,0,4,3,3,7418,5563,3.5,0,0,0,3,0,benign_normal,BENIGN
MULTI_STAGE_ATTACK-0058,WIN-ARGUS-058,2,12,3,3,5,1,1,4.0,5,0,0,0,0,5,0.0,2.101,0.043666666666666666,0,0,0,0,4,2,3,10089,8052,2.75,0,0,0,3,1,powershell_attack,EXECUTION
MULTI_STAGE_ATTACK-0058,WIN-ARGUS-058,3,6,2,2,3,0,0,2.0,0,0,0,0,0,0,0.0,0.0,0.0,0,2,2,0,2,1,2,8455,8841,3.0,0,0,0,3,1,persistence_attack,PERSISTENCE
MULTI_STAGE_ATTACK-0058,WIN-ARGUS-058,4,4,1,1,0,0,0,4.0,0,0,0,0,0,0,0.0,0.0,0.0,0,0,0,0,3,3,2,10301,5303,6.666666666666667,0,0,0,2,1,multi_stage_attack,C2
MULTI_STAGE_ATTACK-0058,WIN-ARGUS-058,5,106,1,1,0,0,0,2.0,0,32,35,0,33,100,1.0666666666666667,6.712707547169812,1.9925471698113209,79,0,0,0,5,3,2,22081,9657,3.4,0,0,0,3,1,ransomware_like,IMPACT
MULTI_STAGE_ATTACK-0059,WIN-ARGUS-059,0,14,3,3,0,0,0,2.0,5,0,0,0,0,5,0.0,1.7418571428571428,0.027714285714285716,0,0,0,0,5,3,2,15004,14134,4.6,1,0,1,4,0,benign_normal,BENIGN
MULTI_STAGE_ATTACK-0059,WIN-ARGUS-059,1,12,2,3,0,0,0,2.0,1,3,4,0,0,8,0.1,3.527333333333333,0.05775,0,0,0,0,2,2,2,6675,4632,11.0,0,0,0,3,0,benign_normal,BENIGN
MULTI_STAGE_ATTACK-0059,WIN-ARGUS-059,2,12,3,3,6,1,1,4.0,4,0,0,0,0,4,0.0,1.6966666666666665,0.02691666666666667,0,0,0,0,5,3,2,14972,12756,3.2,0,0,0,3,1,powershell_attack,EXECUTION
MULTI_STAGE_ATTACK-0059,WIN-ARGUS-059,3,4,2,2,2,0,0,2.0,0,0,0,0,0,0,0.0,0.0,0.0,0,1,1,0,1,1,1,3349,1405,0.0,0,0,0,3,1,persistence_attack,PERSISTENCE
MULTI_STAGE_ATTACK-0059,WIN-ARGUS-059,4,4,1,1,0,0,0,4.0,0,0,0,0,0,0,0.0,0.0,0.0,0,0,0,0,3,2,2,7300,5473,6.666666666666667,0,0,0,2,1,multi_stage_attack,C2
MULTI_STAGE_ATTACK-0059,WIN-ARGUS-059,5,113,1,1,0,0,0,2.0,0,35,33,0,42,110,1.1666666666666667,7.042699115044249,2.2449911504424778,94,0,0,0,2,2,2,4187,3067,3.0,0,0,0,3,1,ransomware_like,IMPACT
MULTI_STAGE_ATTACK-0060,WIN-ARGUS-060,0,13,4,4,0,0,0,2.0,3,2,0,0,0,5,0.06666666666666667,1.9145384615384615,0.032692307692307694,0,0,0,0,3,3,2,6295,10350,5.666666666666667,1,0,1,4,0,benign_normal,BENIGN
MULTI_STAGE_ATTACK-0060,WIN-ARGUS-060,1,14,2,3,0,0,0,2.0,1,5,2,0,0,8,0.16666666666666666,2.566,0.046642857142857146,0,0,0,0,4,3,2,11666,12642,4.0,0,0,0,3,0,benign_normal,BENIGN
MULTI_STAGE_ATTACK-0060,WIN-ARGUS-060,2,10,3,3,4,1,1,4.0,4,0,0,0,0,4,0.0,1.7879,0.0236,0,0,0,0,3,2,2,6593,5531,4.0,0,0,0,3,1,powershell_attack,EXECUTION
MULTI_STAGE_ATTACK-0060,WIN-ARGUS-060,3,7,2,2,3,0,0,2.0,0,0,0,0,0,0,0.0,0.0,0.0,0,2,2,0,3,2,1,7189,7851,2.6666666666666665,0,0,0,3,1,persistence_attack,PERSISTENCE
MULTI_STAGE_ATTACK-0060,WIN-ARGUS-060,4,4,1,1,0,0,0,4.0,0,0,0,0,0,0,0.0,0.0,0.0,0,0,0,0,3,1,3,8021,9095,6.666666666666667,0,0,0,2,1,multi_stage_attack,C2
MULTI_STAGE_ATTACK-0060,WIN-ARGUS-060,5,77,1,1,0,0,0,2.0,0,23,21,0,30,74,0.7666666666666667,6.8479610389610395,2.2072727272727275,65,0,0,0,2,2,2,6377,9161,6.5,0,0,0,3,1,ransomware_like,IMPACT
PERSISTENCE_ATTACK-0001,WIN-ARGUS-001,0,6,2,2,2,0,0,2.0,0,0,0,0,0,0,0.0,0.0,0.0,0,1,1,0,3,2,2,9825,8175,4.0,0,0,0,3,1,persistence_attack,PERSISTENCE
PERSISTENCE_ATTACK-0001,WIN-ARGUS-001,1,7,2,2,3,0,0,2.0,0,0,0,0,0,0,0.0,0.0,0.0,0,2,2,0,3,3,3,6241,10047,4.333333333333333,0,0,0,3,1,persistence_attack,PERSISTENCE
PERSISTENCE_ATTACK-0001,WIN-ARGUS-001,2,6,2,2,2,0,0,2.0,0,0,0,0,0,0,0.0,0.0,0.0,0,1,1,0,3,2,2,7247,10379,3.6666666666666665,0,0,0,3,1,persistence_attack,PERSISTENCE
PERSISTENCE_ATTACK-0001,WIN-ARGUS-001,3,5,2,2,2,0,0,2.0,0,0,0,0,0,0,0.0,0.0,0.0,0,1,1,0,2,1,2,7592,5105,1.0,0,0,0,3,1,persistence_attack,PERSISTENCE
PERSISTENCE_ATTACK-0001,WIN-ARGUS-001,4,5,2,2,3,0,0,2.0,0,0,0,0,0,0,0.0,0.0,0.0,0,2,2,0,1,1,1,1412,1390,0.0,0,0,0,3,1,persistence_attack,PERSISTENCE
PERSISTENCE_ATTACK-0001,WIN-ARGUS-001,5,5,2,2,3,0,0,2.0,0,0,0,0,0,0,0.0,0.0,0.0,0,2,2,0,1,1,1,3849,1765,0.0,0,0,0,3,1,persistence_attack,PERSISTENCE
PERSISTENCE_ATTACK-0002,WIN-ARGUS-002,0,6,2,2,3,0,0,2.0,0,0,0,0,0,0,0.0,0.0,0.0,0,2,2,0,2,2,1,4665,3377,2.5,0,0,0,3,1,persistence_attack,PERSISTENCE
PERSISTENCE_ATTACK-0002,WIN-ARGUS-002,1,5,2,2,2,0,0,2.0,0,0,0,0,0,0,0.0,0.0,0.0,0,1,1,0,2,2,2,5532,5405,0.5,0,0,0,3,1,persistence_attack,PERSISTENCE
PERSISTENCE_ATTACK-0002,WIN-ARGUS-002,2,5,2,2,3,0,0,2.0,0,0,0,0,0,0,0.0,0.0,0.0,0,2,2,0,1,1,1,2536,497,0.0,0,0,0,3,1,persistence_attack,PERSISTENCE
PERSISTENCE_ATTACK-0002,WIN-ARGUS-002,3,5,2,2,3,0,0,2.0,0,0,0,0,0,0,0.0,0.0,0.0,0,2,2,0,1,1,1,3400,1112,0.0,0,0,0,3,1,persistence_attack,PERSISTENCE
PERSISTENCE_ATTACK-0002,WIN-ARGUS-002,4,6,2,2,2,0,0,2.0,0,0,0,0,0,0,0.0,0.0,0.0,0,1,1,0,3,2,2,5568,11893,3.0,0,0,0,3,1,persistence_attack,PERSISTENCE
PERSISTENCE_ATTACK-0002,WIN-ARGUS-002,5,4,2,2,2,0,0,2.0,0,0,0,0,0,0,0.0,0.0,0.0,0,1,1,0,1,1,1,3150,4814,0.0,0,0,0,3,1,persistence_attack,PERSISTENCE
PERSISTENCE_ATTACK-0003,WIN-ARGUS-003,0,7,2,2,3,0,0,2.0,0,0,0,0,0,0,0.0,0.0,0.0,0,2,2,0,3,2,2,12175,8026,4.333333333333333,0,0,0,3,1,persistence_attack,PERSISTENCE
PERSISTENCE_ATTACK-0003,WIN-ARGUS-003,1,7,2,2,4,0,0,2.0,0,0,0,0,0,0,0.0,0.0,0.0,0,3,3,0,2,1,2,5085,7560,0.0,0,0,0,3,1,persistence_attack,PERSISTENCE
PERSISTENCE_ATTACK-0003,WIN-ARGUS-003,2,5,2,2,3,0,0,2.0,0,0,0,0,0,0,0.0,0.0,0.0,0,2,2,0,1,1,1,3424,3806,0.0,0,0,0,3,1,persistence_attack,PERSISTENCE
PERSISTENCE_ATTACK-0003,WIN-ARGUS-003,3,6,2,2,3,0,0,2.0,0,0,0,0,0,0,0.0,0.0,0.0,0,2,2,0,2,2,1,4323,4867,0.0,0,0,0,3,1,persistence_attack,PERSISTENCE
PERSISTENCE_ATTACK-0003,WIN-ARGUS-003,4,7,2,2,3,0,0,2.0,0,0,0,0,0,0,0.0,0.0,0.0,0,2,2,0,3,2,2,5974,8503,2.0,0,0,0,3,1,persistence_attack,PERSISTENCE
PERSISTENCE_ATTACK-0003,WIN-ARGUS-003,5,7,2,2,4,0,0,2.0,0,0,0,0,0,0,0.0,0.0,0.0,0,3,3,0,2,2,2,7567,5285,4.0,0,0,0,3,1,persistence_attack,PERSISTENCE
PERSISTENCE_ATTACK-0004,WIN-ARGUS-004,0,6,2,2,4,0,0,2.0,0,0,0,0,0,0,0.0,0.0,0.0,0,3,3,0,1,1,1,2135,491,0.0,0,0,0,3,1,persistence_attack,PERSISTENCE
PERSISTENCE_ATTACK-0004,WIN-ARGUS-004,1,6,2,2,4,0,0,2.0,0,0,0,0,0,0,0.0,0.0,0.0,0,3,3,0,1,1,1,1556,3419,0.0,0,0,0,3,1,persistence_attack,PERSISTENCE
PERSISTENCE_ATTACK-0004,WIN-ARGUS-004,2,5,2,2,3,0,0,2.0,0,0,0,0,0,0,0.0,0.0,0.0,0,2,2,0,1,1,1,1452,3024,0.0,0,0,0,3,1,persistence_attack,PERSISTENCE
PERSISTENCE_ATTACK-0004,WIN-ARGUS-004,3,7,2,2,3,0,0,2.0,0,0,0,0,0,0,0.0,0.0,0.0,0,2,2,0,3,3,2,6717,11650,1.6666666666666667,0,0,0,3,1,persistence_attack,PERSISTENCE
PERSISTENCE_ATTACK-0004,WIN-ARGUS-004,4,4,2,2,2,0,0,2.0,0,0,0,0,0,0,0.0,0.0,0.0,0,1,1,0,1,1,1,1104,2497,0.0,0,0,0,3,1,persistence_attack,PERSISTENCE
PERSISTENCE_ATTACK-0004,WIN-ARGUS-004,5,7,2,2,3,0,0,2.0,0,0,0,0,0,0,0.0,0.0,0.0,0,2,2,0,3,3,1,7965,9196,1.6666666666666667,0,0,0,3,1,persistence_attack,PERSISTENCE
PERSISTENCE_ATTACK-0005,WIN-ARGUS-005,0,6,2,2,4,0,0,2.0,0,0,0,0,0,0,0.0,0.0,0.0,0,3,3,0,1,1,1,4599,735,0.0,0,0,0,3,1,persistence_attack,PERSISTENCE
PERSISTENCE_ATTACK-0005,WIN-ARGUS-005,1,5,2,2,2,0,0,2.0,0,0,0,0,0,0,0.0,0.0,0.0,0,1,1,0,2,2,2,6588,6338,8.5,0,0,0,3,1,persistence_attack,PERSISTENCE
PERSISTENCE_ATTACK-0005,WIN-ARGUS-005,2,8,2,2,4,0,0,2.0,0,0,0,0,0,0,0.0,0.0,0.0,0,3,3,0,3,2,2,8095,8597,3.6666666666666665,0,0,0,3,1,persistence_attack,PERSISTENCE
PERSISTENCE_ATTACK-0005,WIN-ARGUS-005,3,7,2,2,4,0,0,2.0,0,0,0,0,0,0,0.0,0.0,0.0,0,3,3,0,2,2,2,4809,7754,4.0,0,0,0,3,1,persistence_attack,PERSISTENCE
PERSISTENCE_ATTACK-0005,WIN-ARGUS-005,4,7,2,2,4,0,0,2.0,0,0,0,0,0,0,0.0,0.0,0.0,0,3,3,0,2,2,2,8498,1484,5.5,0,0,0,3,1,persistence_attack,PERSISTENCE
PERSISTENCE_ATTACK-0005,WIN-ARGUS-005,5,6,2,2,2,0,0,2.0,0,0,0,0,0,0,0.0,0.0,0.0,0,1,1,0,3,2,2,9882,4620,4.333333333333333,0,0,0,3,1,persistence_attack,PERSISTENCE
PERSISTENCE_ATTACK-0006,WIN-ARGUS-006,0,5,2,2,2,0,0,2.0,0,0,0,0,0,0,0.0,0.0,0.0,0,1,1,0,2,1,2,3312,5401,1.0,0,0,0,3,1,persistence_attack,PERSISTENCE
PERSISTENCE_ATTACK-0006,WIN-ARGUS-006,1,7,2,2,4,0,0,2.0,0,0,0,0,0,0,0.0,0.0,0.0,0,3,3,0,2,2,1,7814,5669,0.0,0,0,0,3,1,persistence_attack,PERSISTENCE
PERSISTENCE_ATTACK-0006,WIN-ARGUS-006,2,7,2,2,4,0,0,2.0,0,0,0,0,0,0,0.0,0.0,0.0,0,3,3,0,2,1,1,3427,5342,1.5,0,0,0,3,1,persistence_attack,PERSISTENCE
PERSISTENCE_ATTACK-0006,WIN-ARGUS-006,3,7,2,2,3,0,0,2.0,0,0,0,0,0,0,0.0,0.0,0.0,0,2,2,0,3,2,2,13067,11187,1.6666666666666667,0,0,0,3,1,persistence_attack,PERSISTENCE
PERSISTENCE_ATTACK-0006,WIN-ARGUS-006,4,7,2,2,4,0,0,2.0,0,0,0,0,0,0,0.0,0.0,0.0,0,3,3,0,2,2,2,1960,511,7.0,0,0,0,3,1,persistence_attack,PERSISTENCE
PERSISTENCE_ATTACK-0006,WIN-ARGUS-006,5,8,2,2,4,0,0,2.0,0,0,0,0,0,0,0.0,0.0,0.0,0,3,3,0,3,3,2,6918,5966,2.0,0,0,0,3,1,persistence_attack,PERSISTENCE
PERSISTENCE_ATTACK-0007,WIN-ARGUS-007,0,7,2,2,3,0,0,2.0,0,0,0,0,0,0,0.0,0.0,0.0,0,2,2,0,3,3,2,4844,5879,3.0,0,0,0,3,1,persistence_attack,PERSISTENCE
PERSISTENCE_ATTACK-0007,WIN-ARGUS-007,1,6,2,2,3,0,0,2.0,0,0,0,0,0,0,0.0,0.0,0.0,0,2,2,0,2,2,1,7880,1451,3.0,0,0,0,3,1,persistence_attack,PERSISTENCE
PERSISTENCE_ATTACK-0007,WIN-ARGUS-007,2,8,2,2,4,0,0,2.0,0,0,0,0,0,0,0.0,0.0,0.0,0,3,3,0,3,2,2,11175,9337,3.0,0,0,0,3,1,persistence_attack,PERSISTENCE
PERSISTENCE_ATTACK-0007,WIN-ARGUS-007,3,5,2,2,2,0,0,2.0,0,0,0,0,0,0,0.0,0.0,0.0,0,1,1,0,2,2,2,9004,6079,6.0,0,0,0,3,1,persistence_attack,PERSISTENCE
PERSISTENCE_ATTACK-0007,WIN-ARGUS-007,4,4,2,2,2,0,0,2.0,0,0,0,0,0,0,0.0,0.0,0.0,0,1,1,0,1,1,1,2584,4620,0.0,0,0,0,3,1,persistence_attack,PERSISTENCE
PERSISTENCE_ATTACK-0007,WIN-ARGUS-007,5,4,2,2,2,0,0,2.0,0,0,0,0,0,0,0.0,0.0,0.0,0,1,1,0,1,1,1,4694,2733,0.0,0,0,0,3,1,persistence_attack,PERSISTENCE
PERSISTENCE_ATTACK-0008,WIN-ARGUS-008,0,6,2,2,4,0,0,2.0,0,0,0,0,0,0,0.0,0.0,0.0,0,3,3,0,1,1,1,3565,1403,0.0,0,0,0,3,1,persistence_attack,PERSISTENCE
PERSISTENCE_ATTACK-0008,WIN-ARGUS-008,1,5,2,2,2,0,0,2.0,0,0,0,0,0,0,0.0,0.0,0.0,0,1,1,0,2,1,2,8286,3015,1.0,0,0,0,3,1,persistence_attack,PERSISTENCE
PERSISTENCE_ATTACK-0008,WIN-ARGUS-008,2,5,2,2,3,0,0,2.0,0,0,0,0,0,0,0.0,0.0,0.0,0,2,2,0,1,1,1,3116,278,0.0,0,0,0,3,1,persistence_attack,PERSISTENCE
PERSISTENCE_ATTACK-0008,WIN-ARGUS-008,3,8,2,2,4,0,0,2.0,0,0,0,0,0,0,0.0,0.0,0.0,0,3,3,0,3,2,2,11649,7990,1.3333333333333333,0,0,0,3,1,persistence_attack,PERSISTENCE
PERSISTENCE_ATTACK-0008,WIN-ARGUS-008,4,6,2,2,3,0,0,2.0,0,0,0,0,0,0,0.0,0.0,0.0,0,2,2,0,2,2,2,4664,8639,3.0,0,0,0,3,1,persistence_attack,PERSISTENCE
PERSISTENCE_ATTACK-0008,WIN-ARGUS-008,5,7,2,2,3,0,0,2.0,0,0,0,0,0,0,0.0,0.0,0.0,0,2,2,0,3,2,3,3678,7059,4.666666666666667,0,0,0,3,1,persistence_attack,PERSISTENCE
PERSISTENCE_ATTACK-0009,WIN-ARGUS-009,0,6,2,2,3,0,0,2.0,0,0,0,0,0,0,0.0,0.0,0.0,0,2,2,0,2,2,2,3699,6669,3.5,0,0,0,3,1,persistence_attack,PERSISTENCE
PERSISTENCE_ATTACK-0009,WIN-ARGUS-009,1,8,2,2,4,0,0,2.0,0,0,0,0,0,0,0.0,0.0,0.0,0,3,3,0,3,2,2,9437,9818,4.666666666666667,0,0,0,3,1,persistence_attack,PERSISTENCE
PERSISTENCE_ATTACK-0009,WIN-ARGUS-009,2,5,2,2,3,0,0,2.0,0,0,0,0,0,0,0.0,0.0,0.0,0,2,2,0,1,1,1,1565,947,0.0,0,0,0,3,1,persistence_attack,PERSISTENCE
PERSISTENCE_ATTACK-0009,WIN-ARGUS-009,3,4,2,2,2,0,0,2.0,0,0,0,0,0,0,0.0,0.0,0.0,0,1,1,0,1,1,1,4346,267,0.0,0,0,0,3,1,persistence_attack,PERSISTENCE
PERSISTENCE_ATTACK-0009,WIN-ARGUS-009,4,6,2,2,4,0,0,2.0,0,0,0,0,0,0,0.0,0.0,0.0,0,3,3,0,1,1,1,2791,2865,0.0,0,0,0,3,1,persistence_attack,PERSISTENCE
PERSISTENCE_ATTACK-0009,WIN-ARGUS-009,5,7,2,2,3,0,0,2.0,0,0,0,0,0,0,0.0,0.0,0.0,0,2,2,0,3,2,3,5961,8758,2.6666666666666665,0,0,0,3,1,persistence_attack,PERSISTENCE
PERSISTENCE_ATTACK-0010,WIN-ARGUS-010,0,6,2,2,2,0,0,2.0,0,0,0,0,0,0,0.0,0.0,0.0,0,1,1,0,3,1,1,4458,10431,2.6666666666666665,0,0,0,3,1,persistence_attack,PERSISTENCE
PERSISTENCE_ATTACK-0010,WIN-ARGUS-010,1,6,2,2,2,0,0,2.0,0,0,0,0,0,0,0.0,0.0,0.0,0,1,1,0,3,2,2,10203,4990,4.333333333333333,0,0,0,3,1,persistence_attack,PERSISTENCE
PERSISTENCE_ATTACK-0010,WIN-ARGUS-010,2,6,2,2,4,0,0,2.0,0,0,0,0,0,0,0.0,0.0,0.0,0,3,3,0,1,1,1,4211,4899,0.0,0,0,0,3,1,persistence_attack,PERSISTENCE
PERSISTENCE_ATTACK-0010,WIN-ARGUS-010,3,5,2,2,3,0,0,2.0,0,0,0,0,0,0,0.0,0.0,0.0,0,2,2,0,1,1,1,2381,1825,0.0,0,0,0,3,1,persistence_attack,PERSISTENCE
PERSISTENCE_ATTACK-0010,WIN-ARGUS-010,4,5,2,2,3,0,0,2.0,0,0,0,0,0,0,0.0,0.0,0.0,0,2,2,0,1,1,1,4803,4171,0.0,0,0,0,3,1,persistence_attack,PERSISTENCE
PERSISTENCE_ATTACK-0010,WIN-ARGUS-010,5,7,2,2,4,0,0,2.0,0,0,0,0,0,0,0.0,0.0,0.0,0,3,3,0,2,2,2,5859,9219,3.0,0,0,0,3,1,persistence_attack,PERSISTENCE
PERSISTENCE_ATTACK-0011,WIN-ARGUS-011,0,5,2,2,2,0,0,2.0,0,0,0,0,0,0,0.0,0.0,0.0,0,1,1,0,2,2,2,3844,3505,0.0,0,0,0,3,1,persistence_attack,PERSISTENCE
PERSISTENCE_ATTACK-0011,WIN-ARGUS-011,1,8,2,2,4,0,0,2.0,0,0,0,0,0,0,0.0,0.0,0.0,0,3,3,0,3,2,2,5596,12654,3.6666666666666665,0,0,0,3,1,persistence_attack,PERSISTENCE
PERSISTENCE_ATTACK-0011,WIN-ARGUS-011,2,4,2,2,2,0,0,2.0,0,0,0,0,0,0,0.0,0.0,0.0,0,1,1,0,1,1,1,3886,4086,0.0,0,0,0,3,1,persistence_attack,PERSISTENCE
PERSISTENCE_ATTACK-0011,WIN-ARGUS-011,3,7,2,2,3,0,0,2.0,0,0,0,0,0,0,0.0,0.0,0.0,0,2,2,0,3,2,1,8012,3347,2.3333333333333335,0,0,0,3,1,persistence_attack,PERSISTENCE
PERSISTENCE_ATTACK-0011,WIN-ARGUS-011,4,7,2,2,3,0,0,2.0,0,0,0,0,0,0,0.0,0.0,0.0,0,2,2,0,3,2,3,7300,7744,2.0,0,0,0,3,1,persistence_attack,PERSISTENCE
PERSISTENCE_ATTACK-0011,WIN-ARGUS-011,5,4,2,2,2,0,0,2.0,0,0,0,0,0,0,0.0,0.0,0.0,0,1,1,0,1,1,1,2617,3833,0.0,0,0,0,3,1,persistence_attack,PERSISTENCE
PERSISTENCE_ATTACK-0012,WIN-ARGUS-012,0,6,2,2,4,0,0,2.0,0,0,0,0,0,0,0.0,0.0,0.0,0,3,3,0,1,1,1,2608,547,0.0,0,0,0,3,1,persistence_attack,PERSISTENCE
PERSISTENCE_ATTACK-0012,WIN-ARGUS-012,1,5,2,2,2,0,0,2.0,0,0,0,0,0,0,0.0,0.0,0.0,0,1,1,0,2,2,1,4541,6700,1.5,0,0,0,3,1,persistence_attack,PERSISTENCE
PERSISTENCE_ATTACK-0012,WIN-ARGUS-012,2,7,2,2,4,0,0,2.0,0,0,0,0,0,0,0.0,0.0,0.0,0,3,3,0,2,1,2,5788,3381,0.0,0,0,0,3,1,persistence_attack,PERSISTENCE
PERSISTENCE_ATTACK-0012,WIN-ARGUS-012,3,6,2,2,3,0,0,2.0,0,0,0,0,0,0,0.0,0.0,0.0,0,2,2,0,2,2,2,4501,1085,5.0,0,0,0,3,1,persistence_attack,PERSISTENCE
PERSISTENCE_ATTACK-0012,WIN-ARGUS-012,4,7,2,2,4,0,0,2.0,0,0,0,0,0,0,0.0,0.0,0.0,0,3,3,0,2,1,2,2576,5585,7.5,0,0,0,3,1,persistence_attack,PERSISTENCE
PERSISTENCE_ATTACK-0012,WIN-ARGUS-012,5,5,2,2,3,0,0,2.0,0,0,0,0,0,0,0.0,0.0,0.0,0,2,2,0,1,1,1,4683,225,0.0,0,0,0,3,1,persistence_attack,PERSISTENCE
PERSISTENCE_ATTACK-0013,WIN-ARGUS-013,0,6,2,2,4,0,0,2.0,0,0,0,0,0,0,0.0,0.0,0.0,0,3,3,0,1,1,1,4449,680,0.0,0,0,0,3,1,persistence_attack,PERSISTENCE
PERSISTENCE_ATTACK-0013,WIN-ARGUS-013,1,4,2,2,2,0,0,2.0,0,0,0,0,0,0,0.0,0.0,0.0,0,1,1,0,1,1,1,3648,1921,0.0,0,0,0,3,1,persistence_attack,PERSISTENCE
PERSISTENCE_ATTACK-0013,WIN-ARGUS-013,2,8,2,2,4,0,0,2.0,0,0,0,0,0,0,0.0,0.0,0.0,0,3,3,0,3,2,3,9285,6787,4.0,0,0,0,3,1,persistence_attack,PERSISTENCE
PERSISTENCE_ATTACK-0013,WIN-ARGUS-013,3,4,2,2,2,0,0,2.0,0,0,0,0,0,0,0.0,0.0,0.0,0,1,1,0,1,1,1,2763,192,0.0,0,0,0,3,1,persistence_attack,PERSISTENCE
PERSISTENCE_ATTACK-0013,WIN-ARGUS-013,4,7,2,2,4,0,0,2.0,0,0,0,0,0,0,0.0,0.0,0.0,0,3,3,0,2,1,1,6923,4502,2.0,0,0,0,3,1,persistence_attack,PERSISTENCE
PERSISTENCE_ATTACK-0013,WIN-ARGUS-013,5,7,2,2,4,0,0,2.0,0,0,0,0,0,0,0.0,0.0,0.0,0,3,3,0,2,2,2,5215,2148,4.5,0,0,0,3,1,persistence_attack,PERSISTENCE
PERSISTENCE_ATTACK-0014,WIN-ARGUS-014,0,5,2,2,2,0,0,2.0,0,0,0,0,0,0,0.0,0.0,0.0,0,1,1,0,2,2,2,5721,1932,1.0,0,0,0,3,1,persistence_attack,PERSISTENCE
PERSISTENCE_ATTACK-0014,WIN-ARGUS-014,1,8,2,2,4,0,0,2.0,0,0,0,0,0,0,0.0,0.0,0.0,0,3,3,0,3,2,3,8349,10059,5.0,0,0,0,3,1,persistence_attack,PERSISTENCE
PERSISTENCE_ATTACK-0014,WIN-ARGUS-014,2,7,2,2,3,0,0,2.0,0,0,0,0,0,0,0.0,0.0,0.0,0,2,2,0,3,2,2,7406,8324,3.3333333333333335,0,0,0,3,1,persistence_attack,PERSISTENCE
PERSISTENCE_ATTACK-0014,WIN-ARGUS-014,3,5,2,2,3,0,0,2.0,0,0,0,0,0,0,0.0,0.0,0.0,0,2,2,0,1,1,1,1548,813,0.0,0,0,0,3,1,persistence_attack,PERSISTENCE
PERSISTENCE_ATTACK-0014,WIN-ARGUS-014,4,6,2,2,3,0,0,2.0,0,0,0,0,0,0,0.0,0.0,0.0,0,2,2,0,2,1,2,1870,5536,3.0,0,0,0,3,1,persistence_attack,PERSISTENCE
PERSISTENCE_ATTACK-0014,WIN-ARGUS-014,5,6,2,2,2,0,0,2.0,0,0,0,0,0,0,0.0,0.0,0.0,0,1,1,0,3,3,2,6873,7668,2.3333333333333335,0,0,0,3,1,persistence_attack,PERSISTENCE
PERSISTENCE_ATTACK-0015,WIN-ARGUS-015,0,7,2,2,3,0,0,2.0,0,0,0,0,0,0,0.0,0.0,0.0,0,2,2,0,3,2,2,11412,5416,3.6666666666666665,0,0,0,3,1,persistence_attack,PERSISTENCE
PERSISTENCE_ATTACK-0015,WIN-ARGUS-015,1,6,2,2,4,0,0,2.0,0,0,0,0,0,0,0.0,0.0,0.0,0,3,3,0,1,1,1,4362,473,0.0,0,0,0,3,1,persistence_attack,PERSISTENCE
PERSISTENCE_ATTACK-0015,WIN-ARGUS-015,2,5,2,2,3,0,0,2.0,0,0,0,0,0,0,0.0,0.0,0.0,0,2,2,0,1,1,1,4972,3931,0.0,0,0,0,3,1,persistence_attack,PERSISTENCE
PERSISTENCE_ATTACK-0015,WIN-ARGUS-015,3,6,2,2,3,0,0,2.0,0,0,0,0,0,0,0.0,0.0,0.0,0,2,2,0,2,2,2,7223,503,0.5,0,0,0,3,1,persistence_attack,PERSISTENCE
PERSISTENCE_ATTACK-0015,WIN-ARGUS-015,4,7,2,2,4,0,0,2.0,0,0,0,0,0,0,0.0,0.0,0.0,0,3,3,0,2,2,1,7664,4472,1.0,0,0,0,3,1,persistence_attack,PERSISTENCE
PERSISTENCE_ATTACK-0015,WIN-ARGUS-015,5,4,2,2,2,0,0,2.0,0,0,0,0,0,0,0.0,0.0,0.0,0,1,1,0,1,1,1,3754,2561,0.0,0,0,0,3,1,persistence_attack,PERSISTENCE
PERSISTENCE_ATTACK-0016,WIN-ARGUS-016,0,6,2,2,3,0,0,2.0,0,0,0,0,0,0,0.0,0.0,0.0,0,2,2,0,2,2,2,6729,6806,1.5,0,0,0,3,1,persistence_attack,PERSISTENCE
PERSISTENCE_ATTACK-0016,WIN-ARGUS-016,1,8,2,2,4,0,0,2.0,0,0,0,0,0,0,0.0,0.0,0.0,0,3,3,0,3,3,2,8731,7156,2.6666666666666665,0,0,0,3,1,persistence_attack,PERSISTENCE
PERSISTENCE_ATTACK-0016,WIN-ARGUS-016,2,6,2,2,4,0,0,2.0,0,0,0,0,0,0,0.0,0.0,0.0,0,3,3,0,1,1,1,2225,4529,0.0,0,0,0,3,1,persistence_attack,PERSISTENCE
PERSISTENCE_ATTACK-0016,WIN-ARGUS-016,3,6,2,2,3,0,0,2.0,0,0,0,0,0,0,0.0,0.0,0.0,0,2,2,0,2,2,2,5315,4212,7.0,0,0,0,3,1,persistence_attack,PERSISTENCE
PERSISTENCE_ATTACK-0016,WIN-ARGUS-016,4,5,2,2,2,0,0,2.0,0,0,0,0,0,0,0.0,0.0,0.0,0,1,1,0,2,1,2,2263,3600,3.0,0,0,0,3,1,persistence_attack,PERSISTENCE
PERSISTENCE_ATTACK-0016,WIN-ARGUS-016,5,6,2,2,3,0,0,2.0,0,0,0,0,0,0,0.0,0.0,0.0,0,2,2,0,2,1,2,9343,2268,4.0,0,0,0,3,1,persistence_attack,PERSISTENCE
PERSISTENCE_ATTACK-0017,WIN-ARGUS-017,0,7,2,2,4,0,0,2.0,0,0,0,0,0,0,0.0,0.0,0.0,0,3,3,0,2,2,1,4953,6767,1.5,0,0,0,3,1,persistence_attack,PERSISTENCE
PERSISTENCE_ATTACK-0017,WIN-ARGUS-017,1,5,2,2,2,0,0,2.0,0,0,0,0,0,0,0.0,0.0,0.0,0,1,1,0,2,2,2,3424,4818,2.0,0,0,0,3,1,persistence_attack,PERSISTENCE
PERSISTENCE_ATTACK-0017,WIN-ARGUS-017,2,7,2,2,3,0,0,2.0,0,0,0,0,0,0,0.0,0.0,0.0,0,2,2,0,3,2,2,3136,4293,1.6666666666666667,0,0,0,3,1,persistence_attack,PERSISTENCE
PERSISTENCE_ATTACK-0017,WIN-ARGUS-017,3,6,2,2,2,0,0,2.0,0,0,0,0,0,0,0.0,0.0,0.0,0,1,1,0,3,2,2,5883,4408,5.0,0,0,0,3,1,persistence_attack,PERSISTENCE
PERSISTENCE_ATTACK-0017,WIN-ARGUS-017,4,8,2,2,4,0,0,2.0,0,0,0,0,0,0,0.0,0.0,0.0,0,3,3,0,3,2,2,6617,11858,0.3333333333333333,0,0,0,3,1,persistence_attack,PERSISTENCE
PERSISTENCE_ATTACK-0017,WIN-ARGUS-017,5,5,2,2,2,0,0,2.0,0,0,0,0,0,0,0.0,0.0,0.0,0,1,1,0,2,1,2,4805,2951,3.0,0,0,0,3,1,persistence_attack,PERSISTENCE
PERSISTENCE_ATTACK-0018,WIN-ARGUS-018,0,5,2,2,3,0,0,2.0,0,0,0,0,0,0,0.0,0.0,0.0,0,2,2,0,1,1,1,3402,793,0.0,0,0,0,3,1,persistence_attack,PERSISTENCE
PERSISTENCE_ATTACK-0018,WIN-ARGUS-018,1,5,2,2,2,0,0,2.0,0,0,0,0,0,0,0.0,0.0,0.0,0,1,1,0,2,2,2,5527,9045,1.0,0,0,0,3,1,persistence_attack,PERSISTENCE
PERSISTENCE_ATTACK-0018,WIN-ARGUS-018,2,7,2,2,3,0,0,2.0,0,0,0,0,0,0,0.0,0.0,0.0,0,2,2,0,3,3,2,8525,9311,3.3333333333333335,0,0,0,3,1,persistence_attack,PERSISTENCE
PERSISTENCE_ATTACK-0018,WIN-ARGUS-018,3,6,2,2,4,0,0,2.0,0,0,0,0,0,0,0.0,0.0,0.0,0,3,3,0,1,1,1,2420,2444,0.0,0,0,0,3,1,persistence_attack,PERSISTENCE
PERSISTENCE_ATTACK-0018,WIN-ARGUS-018,4,5,2,2,3,0,0,2.0,0,0,0,0,0,0,0.0,0.0,0.0,0,2,2,0,1,1,1,3060,3559,0.0,0,0,0,3,1,persistence_attack,PERSISTENCE
PERSISTENCE_ATTACK-0018,WIN-ARGUS-018,5,5,2,2,2,0,0,2.0,0,0,0,0,0,0,0.0,0.0,0.0,0,1,1,0,2,2,2,7044,3611,1.5,0,0,0,3,1,persistence_attack,PERSISTENCE
PERSISTENCE_ATTACK-0019,WIN-ARGUS-019,0,5,2,2,3,0,0,2.0,0,0,0,0,0,0,0.0,0.0,0.0,0,2,2,0,1,1,1,2782,1792,0.0,0,0,0,3,1,persistence_attack,PERSISTENCE
PERSISTENCE_ATTACK-0019,WIN-ARGUS-019,1,6,2,2,3,0,0,2.0,0,0,0,0,0,0,0.0,0.0,0.0,0,2,2,0,2,1,2,5027,2911,1.5,0,0,0,3,1,persistence_attack,PERSISTENCE
PERSISTENCE_ATTACK-0019,WIN-ARGUS-019,2,7,2,2,4,0,0,2.0,0,0,0,0,0,0,0.0,0.0,0.0,0,3,3,0,2,1,2,4810,6793,2.0,0,0,0,3,1,persistence_attack,PERSISTENCE
PERSISTENCE_ATTACK-0019,WIN-ARGUS-019,3,5,2,2,2,0,0,2.0,0,0,0,0,0,0,0.0,0.0,0.0,0,1,1,0,2,2,2,5136,9116,5.5,0,0,0,3,1,persistence_attack,PERSISTENCE
PERSISTENCE_ATTACK-0019,WIN-ARGUS-019,4,6,2,2,2,0,0,2.0,0,0,0,0,0,0,0.0,0.0,0.0,0,1,1,0,3,3,3,2851,9244,3.6666666666666665,0,0,0,3,1,persistence_attack,PERSISTENCE
PERSISTENCE_ATTACK-0019,WIN-ARGUS-019,5,8,2,2,4,0,0,2.0,0,0,0,0,0,0,0.0,0.0,0.0,0,3,3,0,3,2,2,8736,11633,2.6666666666666665,0,0,0,3,1,persistence_attack,PERSISTENCE
PERSISTENCE_ATTACK-0020,WIN-ARGUS-020,0,4,2,2,2,0,0,2.0,0,0,0,0,0,0,0.0,0.0,0.0,0,1,1,0,1,1,1,1181,234,0.0,0,0,0,3,1,persistence_attack,PERSISTENCE
PERSISTENCE_ATTACK-0020,WIN-ARGUS-020,1,7,2,2,4,0,0,2.0,0,0,0,0,0,0,0.0,0.0,0.0,0,3,3,0,2,2,2,6364,8073,5.0,0,0,0,3,1,persistence_attack,PERSISTENCE
PERSISTENCE_ATTACK-0020,WIN-ARGUS-020,2,7,2,2,3,0,0,2.0,0,0,0,0,0,0,0.0,0.0,0.0,0,2,2,0,3,2,2,10819,11166,1.6666666666666667,0,0,0,3,1,persistence_attack,PERSISTENCE
PERSISTENCE_ATTACK-0020,WIN-ARGUS-020,3,4,2,2,2,0,0,2.0,0,0,0,0,0,0,0.0,0.0,0.0,0,1,1,0,1,1,1,4987,2148,0.0,0,0,0,3,1,persistence_attack,PERSISTENCE
PERSISTENCE_ATTACK-0020,WIN-ARGUS-020,4,6,2,2,4,0,0,2.0,0,0,0,0,0,0,0.0,0.0,0.0,0,3,3,0,1,1,1,1032,3391,0.0,0,0,0,3,1,persistence_attack,PERSISTENCE
PERSISTENCE_ATTACK-0020,WIN-ARGUS-020,5,5,2,2,3,0,0,2.0,0,0,0,0,0,0,0.0,0.0,0.0,0,2,2,0,1,1,1,3086,2931,0.0,0,0,0,3,1,persistence_attack,PERSISTENCE
PERSISTENCE_ATTACK-0021,WIN-ARGUS-021,0,4,2,2,2,0,0,2.0,0,0,0,0,0,0,0.0,0.0,0.0,0,1,1,0,1,1,1,1939,349,0.0,0,0,0,3,1,persistence_attack,PERSISTENCE
PERSISTENCE_ATTACK-0021,WIN-ARGUS-021,1,7,2,2,4,0,0,2.0,0,0,0,0,0,0,0.0,0.0,0.0,0,3,3,0,2,2,2,5502,6205,2.5,0,0,0,3,1,persistence_attack,PERSISTENCE
PERSISTENCE_ATTACK-0021,WIN-ARGUS-021,2,7,2,2,3,0,0,2.0,0,0,0,0,0,0,0.0,0.0,0.0,0,2,2,0,3,3,3,8154,7670,1.0,0,0,0,3,1,persistence_attack,PERSISTENCE
PERSISTENCE_ATTACK-0021,WIN-ARGUS-021,3,6,2,2,4,0,0,2.0,0,0,0,0,0,0,0.0,0.0,0.0,0,3,3,0,1,1,1,554,1791,0.0,0,0,0,3,1,persistence_attack,PERSISTENCE
PERSISTENCE_ATTACK-0021,WIN-ARGUS-021,4,6,2,2,2,0,0,2.0,0,0,0,0,0,0,0.0,0.0,0.0,0,1,1,0,3,2,2,5547,9627,2.0,0,0,0,3,1,persistence_attack,PERSISTENCE
PERSISTENCE_ATTACK-0021,WIN-ARGUS-021,5,5,2,2,3,0,0,2.0,0,0,0,0,0,0,0.0,0.0,0.0,0,2,2,0,1,1,1,2299,1761,0.0,0,0,0,3,1,persistence_attack,PERSISTENCE
PERSISTENCE_ATTACK-0022,WIN-ARGUS-022,0,6,2,2,3,0,0,2.0,0,0,0,0,0,0,0.0,0.0,0.0,0,2,2,0,2,2,1,6186,7594,5.5,0,0,0,3,1,persistence_attack,PERSISTENCE
PERSISTENCE_ATTACK-0022,WIN-ARGUS-022,1,5,2,2,2,0,0,2.0,0,0,0,0,0,0,0.0,0.0,0.0,0,1,1,0,2,2,1,4998,1252,5.0,0,0,0,3,1,persistence_attack,PERSISTENCE
PERSISTENCE_ATTACK-0022,WIN-ARGUS-022,2,6,2,2,3,0,0,2.0,0,0,0,0,0,0,0.0,0.0,0.0,0,2,2,0,2,1,2,8302,6295,7.5,0,0,0,3,1,persistence_attack,PERSISTENCE
PERSISTENCE_ATTACK-0022,WIN-ARGUS-022,3,6,2,2,2,0,0,2.0,0,0,0,0,0,0,0.0,0.0,0.0,0,1,1,0,3,2,3,13788,3642,3.0,0,0,0,3,1,persistence_attack,PERSISTENCE
PERSISTENCE_ATTACK-0022,WIN-ARGUS-022,4,6,2,2,2,0,0,2.0,0,0,0,0,0,0,0.0,0.0,0.0,0,1,1,0,3,2,3,3760,9550,3.3333333333333335,0,0,0,3,1,persistence_attack,PERSISTENCE
PERSISTENCE_ATTACK-0022,WIN-ARGUS-022,5,7,2,2,3,0,0,2.0,0,0,0,0,0,0,0.0,0.0,0.0,0,2,2,0,3,3,3,8001,4751,1.0,0,0,0,3,1,persistence_attack,PERSISTENCE
PERSISTENCE_ATTACK-0023,WIN-ARGUS-023,0,6,2,2,2,0,0,2.0,0,0,0,0,0,0,0.0,0.0,0.0,0,1,1,0,3,2,3,8556,8184,2.6666666666666665,0,0,0,3,1,persistence_attack,PERSISTENCE
PERSISTENCE_ATTACK-0023,WIN-ARGUS-023,1,5,2,2,2,0,0,2.0,0,0,0,0,0,0,0.0,0.0,0.0,0,1,1,0,2,2,2,3372,7296,4.5,0,0,0,3,1,persistence_attack,PERSISTENCE
PERSISTENCE_ATTACK-0023,WIN-ARGUS-023,2,6,2,2,2,0,0,2.0,0,0,0,0,0,0,0.0,0.0,0.0,0,1,1,0,3,2,3,10579,10115,2.6666666666666665,0,0,0,3,1,persistence_attack,PERSISTENCE
PERSISTENCE_ATTACK-0023,WIN-ARGUS-023,3,5,2,2,3,0,0,2.0,0,0,0,0,0,0,0.0,0.0,0.0,0,2,2,0,1,1,1,4580,2954,0.0,0,0,0,3,1,persistence_attack,PERSISTENCE
PERSISTENCE_ATTACK-0023,WIN-ARGUS-023,4,8,2,2,4,0,0,2.0,0,0,0,0,0,0,0.0,0.0,0.0,0,3,3,0,3,2,2,5624,4883,2.6666666666666665,0,0,0,3,1,persistence_attack,PERSISTENCE
PERSISTENCE_ATTACK-0023,WIN-ARGUS-023,5,4,2,2,2,0,0,2.0,0,0,0,0,0,0,0.0,0.0,0.0,0,1,1,0,1,1,1,2182,3127,0.0,0,0,0,3,1,persistence_attack,PERSISTENCE
PERSISTENCE_ATTACK-0024,WIN-ARGUS-024,0,6,2,2,4,0,0,2.0,0,0,0,0,0,0,0.0,0.0,0.0,0,3,3,0,1,1,1,395,2798,0.0,0,0,0,3,1,persistence_attack,PERSISTENCE
PERSISTENCE_ATTACK-0024,WIN-ARGUS-024,1,8,2,2,4,0,0,2.0,0,0,0,0,0,0,0.0,0.0,0.0,0,3,3,0,3,3,2,11986,9441,2.3333333333333335,0,0,0,3,1,persistence_attack,PERSISTENCE
PERSISTENCE_ATTACK-0024,WIN-ARGUS-024,2,7,2,2,4,0,0,2.0,0,0,0,0,0,0,0.0,0.0,0.0,0,3,3,0,2,1,2,6671,4750,3.0,0,0,0,3,1,persistence_attack,PERSISTENCE
PERSISTENCE_ATTACK-0024,WIN-ARGUS-024,3,8,2,2,4,0,0,2.0,0,0,0,0,0,0,0.0,0.0,0.0,0,3,3,0,3,2,2,4878,7248,4.333333333333333,0,0,0,3,1,persistence_attack,PERSISTENCE
PERSISTENCE_ATTACK-0024,WIN-ARGUS-024,4,8,2,2,4,0,0,2.0,0,0,0,0,0,0,0.0,0.0,0.0,0,3,3,0,3,3,2,9273,6825,5.0,0,0,0,3,1,persistence_attack,PERSISTENCE
PERSISTENCE_ATTACK-0024,WIN-ARGUS-024,5,5,2,2,3,0,0,2.0,0,0,0,0,0,0,0.0,0.0,0.0,0,2,2,0,1,1,1,3312,2166,0.0,0,0,0,3,1,persistence_attack,PERSISTENCE
PERSISTENCE_ATTACK-0025,WIN-ARGUS-025,0,4,2,2,2,0,0,2.0,0,0,0,0,0,0,0.0,0.0,0.0,0,1,1,0,1,1,1,4955,687,0.0,0,0,0,3,1,persistence_attack,PERSISTENCE
PERSISTENCE_ATTACK-0025,WIN-ARGUS-025,1,7,2,2,3,0,0,2.0,0,0,0,0,0,0,0.0,0.0,0.0,0,2,2,0,3,3,1,9753,9093,4.0,0,0,0,3,1,persistence_attack,PERSISTENCE
PERSISTENCE_ATTACK-0025,WIN-ARGUS-025,2,6,2,2,4,0,0,2.0,0,0,0,0,0,0,0.0,0.0,0.0,0,3,3,0,1,1,1,3813,3421,0.0,0,0,0,3,1,persistence_attack,PERSISTENCE
PERSISTENCE_ATTACK-0025,WIN-ARGUS-025,3,8,2,2,4,0,0,2.0,0,0,0,0,0,0,0.0,0.0,0.0,0,3,3,0,3,1,3,11771,5809,2.6666666666666665,0,0,0,3,1,persistence_attack,PERSISTENCE
PERSISTENCE_ATTACK-0025,WIN-ARGUS-025,4,7,2,2,4,0,0,2.0,0,0,0,0,0,0,0.0,0.0,0.0,0,3,3,0,2,2,1,3239,4251,4.5,0,0,0,3,1,persistence_attack,PERSISTENCE
PERSISTENCE_ATTACK-0025,WIN-ARGUS-025,5,8,2,2,4,0,0,2.0,0,0,0,0,0,0,0.0,0.0,0.0,0,3,3,0,3,2,2,5409,10676,2.6666666666666665,0,0,0,3,1,persistence_attack,PERSISTENCE
PERSISTENCE_ATTACK-0026,WIN-ARGUS-026,0,5,2,2,3,0,0,2.0,0,0,0,0,0,0,0.0,0.0,0.0,0,2,2,0,1,1,1,4128,4192,0.0,0,0,0,3,1,persistence_attack,PERSISTENCE
PERSISTENCE_ATTACK-0026,WIN-ARGUS-026,1,6,2,2,4,0,0,2.0,0,0,0,0,0,0,0.0,0.0,0.0,0,3,3,0,1,1,1,4158,4519,0.0,0,0,0,3,1,persistence_attack,PERSISTENCE
PERSISTENCE_ATTACK-0026,WIN-ARGUS-026,2,5,2,2,3,0,0,2.0,0,0,0,0,0,0,0.0,0.0,0.0,0,2,2,0,1,1,1,2804,2465,0.0,0,0,0,3,1,persistence_attack,PERSISTENCE
PERSISTENCE_ATTACK-0026,WIN-ARGUS-026,3,5,2,2,3,0,0,2.0,0,0,0,0,0,0,0.0,0.0,0.0,0,2,2,0,1,1,1,3729,1860,0.0,0,0,0,3,1,persistence_attack,PERSISTENCE
PERSISTENCE_ATTACK-0026,WIN-ARGUS-026,4,6,2,2,2,0,0,2.0,0,0,0,0,0,0,0.0,0.0,0.0,0,1,1,0,3,3,1,2679,6752,5.333333333333333,0,0,0,3,1,persistence_attack,PERSISTENCE
PERSISTENCE_ATTACK-0026,WIN-ARGUS-026,5,7,2,2,3,0,0,2.0,0,0,0,0,0,0,0.0,0.0,0.0,0,2,2,0,3,3,2,5776,9908,3.0,0,0,0,3,1,persistence_attack,PERSISTENCE
PERSISTENCE_ATTACK-0027,WIN-ARGUS-027,0,6,2,2,4,0,0,2.0,0,0,0,0,0,0,0.0,0.0,0.0,0,3,3,0,1,1,1,4387,1350,0.0,0,0,0,3,1,persistence_attack,PERSISTENCE
PERSISTENCE_ATTACK-0027,WIN-ARGUS-027,1,6,2,2,2,0,0,2.0,0,0,0,0,0,0,0.0,0.0,0.0,0,1,1,0,3,2,2,9686,7446,1.0,0,0,0,3,1,persistence_attack,PERSISTENCE
PERSISTENCE_ATTACK-0027,WIN-ARGUS-027,2,6,2,2,3,0,0,2.0,0,0,0,0,0,0,0.0,0.0,0.0,0,2,2,0,2,1,2,6500,5088,2.0,0,0,0,3,1,persistence_attack,PERSISTENCE
PERSISTENCE_ATTACK-0027,WIN-ARGUS-027,3,4,2,2,2,0,0,2.0,0,0,0,0,0,0,0.0,0.0,0.0,0,1,1,0,1,1,1,3020,4178,0.0,0,0,0,3,1,persistence_attack,PERSISTENCE
PERSISTENCE_ATTACK-0027,WIN-ARGUS-027,4,6,2,2,4,0,0,2.0,0,0,0,0,0,0,0.0,0.0,0.0,0,3,3,0,1,1,1,1858,818,0.0,0,0,0,3,1,persistence_attack,PERSISTENCE
PERSISTENCE_ATTACK-0027,WIN-ARGUS-027,5,8,2,2,4,0,0,2.0,0,0,0,0,0,0,0.0,0.0,0.0,0,3,3,0,3,1,2,5648,5793,4.666666666666667,0,0,0,3,1,persistence_attack,PERSISTENCE
PERSISTENCE_ATTACK-0028,WIN-ARGUS-028,0,6,2,2,4,0,0,2.0,0,0,0,0,0,0,0.0,0.0,0.0,0,3,3,0,1,1,1,1938,865,0.0,0,0,0,3,1,persistence_attack,PERSISTENCE
PERSISTENCE_ATTACK-0028,WIN-ARGUS-028,1,7,2,2,4,0,0,2.0,0,0,0,0,0,0,0.0,0.0,0.0,0,3,3,0,2,2,2,4249,4741,2.5,0,0,0,3,1,persistence_attack,PERSISTENCE
PERSISTENCE_ATTACK-0028,WIN-ARGUS-028,2,8,2,2,4,0,0,2.0,0,0,0,0,0,0,0.0,0.0,0.0,0,3,3,0,3,2,3,5745,4971,3.0,0,0,0,3,1,persistence_attack,PERSISTENCE
PERSISTENCE_ATTACK-0028,WIN-ARGUS-028,3,7,2,2,4,0,0,2.0,0,0,0,0,0,0,0.0,0.0,0.0,0,3,3,0,2,1,1,6456,4565,2.5,0,0,0,3,1,persistence_attack,PERSISTENCE
PERSISTENCE_ATTACK-0028,WIN-ARGUS-028,4,6,2,2,3,0,0,2.0,0,0,0,0,0,0,0.0,0.0,0.0,0,2,2,0,2,2,1,3913,9253,2.0,0,0,0,3,1,persistence_attack,PERSISTENCE
PERSISTENCE_ATTACK-0028,WIN-ARGUS-028,5,6,2,2,2,0,0,2.0,0,0,0,0,0,0,0.0,0.0,0.0,0,1,1,0,3,2,2,6532,2726,3.0,0,0,0,3,1,persistence_attack,PERSISTENCE
PERSISTENCE_ATTACK-0029,WIN-ARGUS-029,0,8,2,2,4,0,0,2.0,0,0,0,0,0,0,0.0,0.0,0.0,0,3,3,0,3,3,2,10868,5802,3.6666666666666665,0,0,0,3,1,persistence_attack,PERSISTENCE
PERSISTENCE_ATTACK-0029,WIN-ARGUS-029,1,5,2,2,3,0,0,2.0,0,0,0,0,0,0,0.0,0.0,0.0,0,2,2,0,1,1,1,3800,2366,0.0,0,0,0,3,1,persistence_attack,PERSISTENCE
PERSISTENCE_ATTACK-0029,WIN-ARGUS-029,2,6,2,2,2,0,0,2.0,0,0,0,0,0,0,0.0,0.0,0.0,0,1,1,0,3,3,3,5802,10268,1.6666666666666667,0,0,0,3,1,persistence_attack,PERSISTENCE
PERSISTENCE_ATTACK-0029,WIN-ARGUS-029,3,6,2,2,4,0,0,2.0,0,0,0,0,0,0,0.0,0.0,0.0,0,3,3,0,1,1,1,3788,537,0.0,0,0,0,3,1,persistence_attack,PERSISTENCE
PERSISTENCE_ATTACK-0029,WIN-ARGUS-029,4,7,2,2,3,0,0,2.0,0,0,0,0,0,0,0.0,0.0,0.0,0,2,2,0,3,2,2,5286,7368,4.0,0,0,0,3,1,persistence_attack,PERSISTENCE
PERSISTENCE_ATTACK-0029,WIN-ARGUS-029,5,4,2,2,2,0,0,2.0,0,0,0,0,0,0,0.0,0.0,0.0,0,1,1,0,1,1,1,4919,937,0.0,0,0,0,3,1,persistence_attack,PERSISTENCE
PERSISTENCE_ATTACK-0030,WIN-ARGUS-030,0,6,2,2,3,0,0,2.0,0,0,0,0,0,0,0.0,0.0,0.0,0,2,2,0,2,2,2,2394,3456,1.5,0,0,0,3,1,persistence_attack,PERSISTENCE
PERSISTENCE_ATTACK-0030,WIN-ARGUS-030,1,6,2,2,3,0,0,2.0,0,0,0,0,0,0,0.0,0.0,0.0,0,2,2,0,2,2,1,4682,4204,6.0,0,0,0,3,1,persistence_attack,PERSISTENCE
PERSISTENCE_ATTACK-0030,WIN-ARGUS-030,2,8,2,2,4,0,0,2.0,0,0,0,0,0,0,0.0,0.0,0.0,0,3,3,0,3,2,2,12004,7252,4.333333333333333,0,0,0,3,1,persistence_attack,PERSISTENCE
PERSISTENCE_ATTACK-0030,WIN-ARGUS-030,3,6,2,2,4,0,0,2.0,0,0,0,0,0,0,0.0,0.0,0.0,0,3,3,0,1,1,1,2024,960,0.0,0,0,0,3,1,persistence_attack,PERSISTENCE
PERSISTENCE_ATTACK-0030,WIN-ARGUS-030,4,5,2,2,2,0,0,2.0,0,0,0,0,0,0,0.0,0.0,0.0,0,1,1,0,2,2,2,1173,5568,4.0,0,0,0,3,1,persistence_attack,PERSISTENCE
PERSISTENCE_ATTACK-0030,WIN-ARGUS-030,5,8,2,2,4,0,0,2.0,0,0,0,0,0,0,0.0,0.0,0.0,0,3,3,0,3,3,2,6977,3565,1.0,0,0,0,3,1,persistence_attack,PERSISTENCE
PERSISTENCE_ATTACK-0031,WIN-ARGUS-031,0,6,2,2,4,0,0,2.0,0,0,0,0,0,0,0.0,0.0,0.0,0,3,3,0,1,1,1,2870,1985,0.0,0,0,0,3,1,persistence_attack,PERSISTENCE
PERSISTENCE_ATTACK-0031,WIN-ARGUS-031,1,5,2,2,3,0,0,2.0,0,0,0,0,0,0,0.0,0.0,0.0,0,2,2,0,1,1,1,500,4094,0.0,0,0,0,3,1,persistence_attack,PERSISTENCE
PERSISTENCE_ATTACK-0031,WIN-ARGUS-031,2,7,2,2,3,0,0,2.0,0,0,0,0,0,0,0.0,0.0,0.0,0,2,2,0,3,2,2,8040,7597,3.3333333333333335,0,0,0,3,1,persistence_attack,PERSISTENCE
PERSISTENCE_ATTACK-0031,WIN-ARGUS-031,3,5,2,2,3,0,0,2.0,0,0,0,0,0,0,0.0,0.0,0.0,0,2,2,0,1,1,1,1401,2688,0.0,0,0,0,3,1,persistence_attack,PERSISTENCE
PERSISTENCE_ATTACK-0031,WIN-ARGUS-031,4,5,2,2,2,0,0,2.0,0,0,0,0,0,0,0.0,0.0,0.0,0,1,1,0,2,1,2,6533,9854,2.0,0,0,0,3,1,persistence_attack,PERSISTENCE
PERSISTENCE_ATTACK-0031,WIN-ARGUS-031,5,7,2,2,3,0,0,2.0,0,0,0,0,0,0,0.0,0.0,0.0,0,2,2,0,3,3,2,5125,9903,4.0,0,0,0,3,1,persistence_attack,PERSISTENCE
PERSISTENCE_ATTACK-0032,WIN-ARGUS-032,0,6,2,2,3,0,0,2.0,0,0,0,0,0,0,0.0,0.0,0.0,0,2,2,0,2,2,2,3074,4903,1.5,0,0,0,3,1,persistence_attack,PERSISTENCE
PERSISTENCE_ATTACK-0032,WIN-ARGUS-032,1,4,2,2,2,0,0,2.0,0,0,0,0,0,0,0.0,0.0,0.0,0,1,1,0,1,1,1,4720,700,0.0,0,0,0,3,1,persistence_attack,PERSISTENCE
PERSISTENCE_ATTACK-0032,WIN-ARGUS-032,2,6,2,2,4,0,0,2.0,0,0,0,0,0,0,0.0,0.0,0.0,0,3,3,0,1,1,1,4670,4761,0.0,0,0,0,3,1,persistence_attack,PERSISTENCE
PERSISTENCE_ATTACK-0032,WIN-ARGUS-032,3,6,2,2,2,0,0,2.0,0,0,0,0,0,0,0.0,0.0,0.0,0,1,1,0,3,2,1,11314,7402,5.0,0,0,0,3,1,persistence_attack,PERSISTENCE
PERSISTENCE_ATTACK-0032,WIN-ARGUS-032,4,6,2,2,2,0,0,2.0,0,0,0,0,0,0,0.0,0.0,0.0,0,1,1,0,3,1,3,11250,10257,5.333333333333333,0,0,0,3,1,persistence_attack,PERSISTENCE
PERSISTENCE_ATTACK-0032,WIN-ARGUS-032,5,7,2,2,4,0,0,2.0,0,0,0,0,0,0,0.0,0.0,0.0,0,3,3,0,2,1,1,1428,4050,1.0,0,0,0,3,1,persistence_attack,PERSISTENCE
PERSISTENCE_ATTACK-0033,WIN-ARGUS-033,0,6,2,2,4,0,0,2.0,0,0,0,0,0,0,0.0,0.0,0.0,0,3,3,0,1,1,1,3276,3106,0.0,0,0,0,3,1,persistence_attack,PERSISTENCE
PERSISTENCE_ATTACK-0033,WIN-ARGUS-033,1,7,2,2,3,0,0,2.0,0,0,0,0,0,0,0.0,0.0,0.0,0,2,2,0,3,2,1,6836,7912,3.3333333333333335,0,0,0,3,1,persistence_attack,PERSISTENCE
PERSISTENCE_ATTACK-0033,WIN-ARGUS-033,2,6,2,2,3,0,0,2.0,0,0,0,0,0,0,0.0,0.0,0.0,0,2,2,0,2,1,2,7772,2448,7.5,0,0,0,3,1,persistence_attack,PERSISTENCE
PERSISTENCE_ATTACK-0033,WIN-ARGUS-033,3,8,2,2,4,0,0,2.0,0,0,0,0,0,0,0.0,0.0,0.0,0,3,3,0,3,3,2,7822,7053,2.3333333333333335,0,0,0,3,1,persistence_attack,PERSISTENCE
PERSISTENCE_ATTACK-0033,WIN-ARGUS-033,4,8,2,2,4,0,0,2.0,0,0,0,0,0,0,0.0,0.0,0.0,0,3,3,0,3,2,3,7672,13028,2.3333333333333335,0,0,0,3,1,persistence_attack,PERSISTENCE
PERSISTENCE_ATTACK-0033,WIN-ARGUS-033,5,7,2,2,3,0,0,2.0,0,0,0,0,0,0,0.0,0.0,0.0,0,2,2,0,3,2,1,4941,3459,2.0,0,0,0,3,1,persistence_attack,PERSISTENCE
PERSISTENCE_ATTACK-0034,WIN-ARGUS-034,0,7,2,2,4,0,0,2.0,0,0,0,0,0,0,0.0,0.0,0.0,0,3,3,0,2,1,1,3330,1744,2.0,0,0,0,3,1,persistence_attack,PERSISTENCE
PERSISTENCE_ATTACK-0034,WIN-ARGUS-034,1,6,2,2,4,0,0,2.0,0,0,0,0,0,0,0.0,0.0,0.0,0,3,3,0,1,1,1,2926,725,0.0,0,0,0,3,1,persistence_attack,PERSISTENCE
PERSISTENCE_ATTACK-0034,WIN-ARGUS-034,2,5,2,2,3,0,0,2.0,0,0,0,0,0,0,0.0,0.0,0.0,0,2,2,0,1,1,1,4143,2337,0.0,0,0,0,3,1,persistence_attack,PERSISTENCE
PERSISTENCE_ATTACK-0034,WIN-ARGUS-034,3,6,2,2,2,0,0,2.0,0,0,0,0,0,0,0.0,0.0,0.0,0,1,1,0,3,2,2,8728,9921,1.0,0,0,0,3,1,persistence_attack,PERSISTENCE
PERSISTENCE_ATTACK-0034,WIN-ARGUS-034,4,5,2,2,2,0,0,2.0,0,0,0,0,0,0,0.0,0.0,0.0,0,1,1,0,2,2,2,3028,7872,8.5,0,0,0,3,1,persistence_attack,PERSISTENCE
PERSISTENCE_ATTACK-0034,WIN-ARGUS-034,5,7,2,2,4,0,0,2.0,0,0,0,0,0,0,0.0,0.0,0.0,0,3,3,0,2,1,1,5316,7144,0.5,0,0,0,3,1,persistence_attack,PERSISTENCE
PERSISTENCE_ATTACK-0035,WIN-ARGUS-035,0,7,2,2,3,0,0,2.0,0,0,0,0,0,0,0.0,0.0,0.0,0,2,2,0,3,2,2,6209,8029,4.666666666666667,0,0,0,3,1,persistence_attack,PERSISTENCE
PERSISTENCE_ATTACK-0035,WIN-ARGUS-035,1,5,2,2,3,0,0,2.0,0,0,0,0,0,0,0.0,0.0,0.0,0,2,2,0,1,1,1,2990,1114,0.0,0,0,0,3,1,persistence_attack,PERSISTENCE
PERSISTENCE_ATTACK-0035,WIN-ARGUS-035,2,8,2,2,4,0,0,2.0,0,0,0,0,0,0,0.0,0.0,0.0,0,3,3,0,3,2,2,5855,7171,4.0,0,0,0,3,1,persistence_attack,PERSISTENCE
PERSISTENCE_ATTACK-0035,WIN-ARGUS-035,3,5,2,2,3,0,0,2.0,0,0,0,0,0,0,0.0,0.0,0.0,0,2,2,0,1,1,1,1468,4868,0.0,0,0,0,3,1,persistence_attack,PERSISTENCE
PERSISTENCE_ATTACK-0035,WIN-ARGUS-035,4,8,2,2,4,0,0,2.0,0,0,0,0,0,0,0.0,0.0,0.0,0,3,3,0,3,2,2,9090,8788,1.3333333333333333,0,0,0,3,1,persistence_attack,PERSISTENCE
PERSISTENCE_ATTACK-0035,WIN-ARGUS-035,5,8,2,2,4,0,0,2.0,0,0,0,0,0,0,0.0,0.0,0.0,0,3,3,0,3,3,2,8008,7915,4.0,0,0,0,3,1,persistence_attack,PERSISTENCE
PERSISTENCE_ATTACK-0036,WIN-ARGUS-036,0,6,2,2,4,0,0,2.0,0,0,0,0,0,0,0.0,0.0,0.0,0,3,3,0,1,1,1,798,194,0.0,0,0,0,3,1,persistence_attack,PERSISTENCE
PERSISTENCE_ATTACK-0036,WIN-ARGUS-036,1,5,2,2,3,0,0,2.0,0,0,0,0,0,0,0.0,0.0,0.0,0,2,2,0,1,1,1,2677,4228,0.0,0,0,0,3,1,persistence_attack,PERSISTENCE
PERSISTENCE_ATTACK-0036,WIN-ARGUS-036,2,4,2,2,2,0,0,2.0,0,0,0,0,0,0,0.0,0.0,0.0,0,1,1,0,1,1,1,1547,613,0.0,0,0,0,3,1,persistence_attack,PERSISTENCE
PERSISTENCE_ATTACK-0036,WIN-ARGUS-036,3,7,2,2,4,0,0,2.0,0,0,0,0,0,0,0.0,0.0,0.0,0,3,3,0,2,2,2,2170,888,0.0,0,0,0,3,1,persistence_attack,PERSISTENCE
PERSISTENCE_ATTACK-0036,WIN-ARGUS-036,4,7,2,2,4,0,0,2.0,0,0,0,0,0,0,0.0,0.0,0.0,0,3,3,0,2,2,2,3611,4559,0.5,0,0,0,3,1,persistence_attack,PERSISTENCE
PERSISTENCE_ATTACK-0036,WIN-ARGUS-036,5,5,2,2,3,0,0,2.0,0,0,0,0,0,0,0.0,0.0,0.0,0,2,2,0,1,1,1,3797,3285,0.0,0,0,0,3,1,persistence_attack,PERSISTENCE
PERSISTENCE_ATTACK-0037,WIN-ARGUS-037,0,5,2,2,3,0,0,2.0,0,0,0,0,0,0,0.0,0.0,0.0,0,2,2,0,1,1,1,3379,4377,0.0,0,0,0,3,1,persistence_attack,PERSISTENCE
PERSISTENCE_ATTACK-0037,WIN-ARGUS-037,1,6,2,2,4,0,0,2.0,0,0,0,0,0,0,0.0,0.0,0.0,0,3,3,0,1,1,1,3674,2424,0.0,0,0,0,3,1,persistence_attack,PERSISTENCE
PERSISTENCE_ATTACK-0037,WIN-ARGUS-037,2,7,2,2,4,0,0,2.0,0,0,0,0,0,0,0.0,0.0,0.0,0,3,3,0,2,1,2,5110,2092,0.5,0,0,0,3,1,persistence_attack,PERSISTENCE
PERSISTENCE_ATTACK-0037,WIN-ARGUS-037,3,7,2,2,3,0,0,2.0,0,0,0,0,0,0,0.0,0.0,0.0,0,2,2,0,3,3,2,10228,5921,0.6666666666666666,0,0,0,3,1,persistence_attack,PERSISTENCE
PERSISTENCE_ATTACK-0037,WIN-ARGUS-037,4,8,2,2,4,0,0,2.0,0,0,0,0,0,0,0.0,0.0,0.0,0,3,3,0,3,2,1,5768,8049,4.666666666666667,0,0,0,3,1,persistence_attack,PERSISTENCE
PERSISTENCE_ATTACK-0037,WIN-ARGUS-037,5,4,2,2,2,0,0,2.0,0,0,0,0,0,0,0.0,0.0,0.0,0,1,1,0,1,1,1,4626,1047,0.0,0,0,0,3,1,persistence_attack,PERSISTENCE
PERSISTENCE_ATTACK-0038,WIN-ARGUS-038,0,5,2,2,3,0,0,2.0,0,0,0,0,0,0,0.0,0.0,0.0,0,2,2,0,1,1,1,1790,4541,0.0,0,0,0,3,1,persistence_attack,PERSISTENCE
PERSISTENCE_ATTACK-0038,WIN-ARGUS-038,1,7,2,2,3,0,0,2.0,0,0,0,0,0,0,0.0,0.0,0.0,0,2,2,0,3,2,2,9665,3106,1.6666666666666667,0,0,0,3,1,persistence_attack,PERSISTENCE
PERSISTENCE_ATTACK-0038,WIN-ARGUS-038,2,6,2,2,4,0,0,2.0,0,0,0,0,0,0,0.0,0.0,0.0,0,3,3,0,1,1,1,1610,3525,0.0,0,0,0,3,1,persistence_attack,PERSISTENCE
PERSISTENCE_ATTACK-0038,WIN-ARGUS-038,3,6,2,2,4,0,0,2.0,0,0,0,0,0,0,0.0,0.0,0.0,0,3,3,0,1,1,1,2652,826,0.0,0,0,0,3,1,persistence_attack,PERSISTENCE
PERSISTENCE_ATTACK-0038,WIN-ARGUS-038,4,7,2,2,3,0,0,2.0,0,0,0,0,0,0,0.0,0.0,0.0,0,2,2,0,3,2,2,5004,7097,5.333333333333333,0,0,0,3,1,persistence_attack,PERSISTENCE
PERSISTENCE_ATTACK-0038,WIN-ARGUS-038,5,5,2,2,2,0,0,2.0,0,0,0,0,0,0,0.0,0.0,0.0,0,1,1,0,2,1,1,6652,5053,2.0,0,0,0,3,1,persistence_attack,PERSISTENCE
PERSISTENCE_ATTACK-0039,WIN-ARGUS-039,0,6,2,2,4,0,0,2.0,0,0,0,0,0,0,0.0,0.0,0.0,0,3,3,0,1,1,1,3286,754,0.0,0,0,0,3,1,persistence_attack,PERSISTENCE
PERSISTENCE_ATTACK-0039,WIN-ARGUS-039,1,6,2,2,2,0,0,2.0,0,0,0,0,0,0,0.0,0.0,0.0,0,1,1,0,3,2,2,10558,6650,2.0,0,0,0,3,1,persistence_attack,PERSISTENCE
PERSISTENCE_ATTACK-0039,WIN-ARGUS-039,2,7,2,2,3,0,0,2.0,0,0,0,0,0,0,0.0,0.0,0.0,0,2,2,0,3,3,1,1892,5731,0.3333333333333333,0,0,0,3,1,persistence_attack,PERSISTENCE
PERSISTENCE_ATTACK-0039,WIN-ARGUS-039,3,6,2,2,4,0,0,2.0,0,0,0,0,0,0,0.0,0.0,0.0,0,3,3,0,1,1,1,1559,4169,0.0,0,0,0,3,1,persistence_attack,PERSISTENCE
PERSISTENCE_ATTACK-0039,WIN-ARGUS-039,4,7,2,2,4,0,0,2.0,0,0,0,0,0,0,0.0,0.0,0.0,0,3,3,0,2,2,2,5883,6091,1.5,0,0,0,3,1,persistence_attack,PERSISTENCE
PERSISTENCE_ATTACK-0039,WIN-ARGUS-039,5,7,2,2,3,0,0,2.0,0,0,0,0,0,0,0.0,0.0,0.0,0,2,2,0,3,2,2,7337,7906,3.3333333333333335,0,0,0,3,1,persistence_attack,PERSISTENCE
PERSISTENCE_ATTACK-0040,WIN-ARGUS-040,0,6,2,2,2,0,0,2.0,0,0,0,0,0,0,0.0,0.0,0.0,0,1,1,0,3,2,2,7961,6860,5.333333333333333,0,0,0,3,1,persistence_attack,PERSISTENCE
PERSISTENCE_ATTACK-0040,WIN-ARGUS-040,1,8,2,2,4,0,0,2.0,0,0,0,0,0,0,0.0,0.0,0.0,0,3,3,0,3,1,1,8546,10217,0.6666666666666666,0,0,0,3,1,persistence_attack,PERSISTENCE
PERSISTENCE_ATTACK-0040,WIN-ARGUS-040,2,6,2,2,3,0,0,2.0,0,0,0,0,0,0,0.0,0.0,0.0,0,2,2,0,2,2,2,6045,9381,1.5,0,0,0,3,1,persistence_attack,PERSISTENCE
PERSISTENCE_ATTACK-0040,WIN-ARGUS-040,3,5,2,2,3,0,0,2.0,0,0,0,0,0,0,0.0,0.0,0.0,0,2,2,0,1,1,1,3036,847,0.0,0,0,0,3,1,persistence_attack,PERSISTENCE
PERSISTENCE_ATTACK-0040,WIN-ARGUS-040,4,5,2,2,3,0,0,2.0,0,0,0,0,0,0,0.0,0.0,0.0,0,2,2,0,1,1,1,4629,2967,0.0,0,0,0,3,1,persistence_attack,PERSISTENCE
PERSISTENCE_ATTACK-0040,WIN-ARGUS-040,5,5,2,2,2,0,0,2.0,0,0,0,0,0,0,0.0,0.0,0.0,0,1,1,0,2,2,1,4327,6446,0.5,0,0,0,3,1,persistence_attack,PERSISTENCE
PERSISTENCE_ATTACK-0041,WIN-ARGUS-041,0,7,2,2,3,0,0,2.0,0,0,0,0,0,0,0.0,0.0,0.0,0,2,2,0,3,2,2,8156,10079,1.0,0,0,0,3,1,persistence_attack,PERSISTENCE
PERSISTENCE_ATTACK-0041,WIN-ARGUS-041,1,5,2,2,3,0,0,2.0,0,0,0,0,0,0,0.0,0.0,0.0,0,2,2,0,1,1,1,221,3614,0.0,0,0,0,3,1,persistence_attack,PERSISTENCE
PERSISTENCE_ATTACK-0041,WIN-ARGUS-041,2,6,2,2,4,0,0,2.0,0,0,0,0,0,0,0.0,0.0,0.0,0,3,3,0,1,1,1,4034,4576,0.0,0,0,0,3,1,persistence_attack,PERSISTENCE
PERSISTENCE_ATTACK-0041,WIN-ARGUS-041,3,6,2,2,3,0,0,2.0,0,0,0,0,0,0,0.0,0.0,0.0,0,2,2,0,2,1,2,5219,2342,3.5,0,0,0,3,1,persistence_attack,PERSISTENCE
PERSISTENCE_ATTACK-0041,WIN-ARGUS-041,4,5,2,2,2,0,0,2.0,0,0,0,0,0,0,0.0,0.0,0.0,0,1,1,0,2,2,2,6538,6487,0.5,0,0,0,3,1,persistence_attack,PERSISTENCE
PERSISTENCE_ATTACK-0041,WIN-ARGUS-041,5,5,2,2,3,0,0,2.0,0,0,0,0,0,0,0.0,0.0,0.0,0,2,2,0,1,1,1,4290,2144,0.0,0,0,0,3,1,persistence_attack,PERSISTENCE
PERSISTENCE_ATTACK-0042,WIN-ARGUS-042,0,6,2,2,2,0,0,2.0,0,0,0,0,0,0,0.0,0.0,0.0,0,1,1,0,3,3,3,8023,5579,3.0,0,0,0,3,1,persistence_attack,PERSISTENCE
PERSISTENCE_ATTACK-0042,WIN-ARGUS-042,1,4,2,2,2,0,0,2.0,0,0,0,0,0,0,0.0,0.0,0.0,0,1,1,0,1,1,1,376,466,0.0,0,0,0,3,1,persistence_attack,PERSISTENCE
PERSISTENCE_ATTACK-0042,WIN-ARGUS-042,2,6,2,2,4,0,0,2.0,0,0,0,0,0,0,0.0,0.0,0.0,0,3,3,0,1,1,1,1296,1396,0.0,0,0,0,3,1,persistence_attack,PERSISTENCE
PERSISTENCE_ATTACK-0042,WIN-ARGUS-042,3,6,2,2,2,0,0,2.0,0,0,0,0,0,0,0.0,0.0,0.0,0,1,1,0,3,2,2,5928,7946,1.6666666666666667,0,0,0,3,1,persistence_attack,PERSISTENCE
PERSISTENCE_ATTACK-0042,WIN-ARGUS-042,4,8,2,2,4,0,0,2.0,0,0,0,0,0,0,0.0,0.0,0.0,0,3,3,0,3,2,2,6754,7555,0.3333333333333333,0,0,0,3,1,persistence_attack,PERSISTENCE
PERSISTENCE_ATTACK-0042,WIN-ARGUS-042,5,6,2,2,4,0,0,2.0,0,0,0,0,0,0,0.0,0.0,0.0,0,3,3,0,1,1,1,4474,1473,0.0,0,0,0,3,1,persistence_attack,PERSISTENCE
PERSISTENCE_ATTACK-0043,WIN-ARGUS-043,0,6,2,2,4,0,0,2.0,0,0,0,0,0,0,0.0,0.0,0.0,0,3,3,0,1,1,1,2379,1619,0.0,0,0,0,3,1,persistence_attack,PERSISTENCE
PERSISTENCE_ATTACK-0043,WIN-ARGUS-043,1,7,2,2,4,0,0,2.0,0,0,0,0,0,0,0.0,0.0,0.0,0,3,3,0,2,1,1,4961,8211,0.5,0,0,0,3,1,persistence_attack,PERSISTENCE
PERSISTENCE_ATTACK-0043,WIN-ARGUS-043,2,6,2,2,2,0,0,2.0,0,0,0,0,0,0,0.0,0.0,0.0,0,1,1,0,3,2,2,6069,11217,2.3333333333333335,0,0,0,3,1,persistence_attack,PERSISTENCE
PERSISTENCE_ATTACK-0043,WIN-ARGUS-043,3,6,2,2,3,0,0,2.0,0,0,0,0,0,0,0.0,0.0,0.0,0,2,2,0,2,2,2,4302,1906,6.5,0,0,0,3,1,persistence_attack,PERSISTENCE
PERSISTENCE_ATTACK-0043,WIN-ARGUS-043,4,7,2,2,4,0,0,2.0,0,0,0,0,0,0,0.0,0.0,0.0,0,3,3,0,2,1,2,3428,4599,3.0,0,0,0,3,1,persistence_attack,PERSISTENCE
PERSISTENCE_ATTACK-0043,WIN-ARGUS-043,5,4,2,2,2,0,0,2.0,0,0,0,0,0,0,0.0,0.0,0.0,0,1,1,0,1,1,1,4803,2860,0.0,0,0,0,3,1,persistence_attack,PERSISTENCE
PERSISTENCE_ATTACK-0044,WIN-ARGUS-044,0,5,2,2,2,0,0,2.0,0,0,0,0,0,0,0.0,0.0,0.0,0,1,1,0,2,2,2,5587,2842,1.0,0,0,0,3,1,persistence_attack,PERSISTENCE
PERSISTENCE_ATTACK-0044,WIN-ARGUS-044,1,6,2,2,3,0,0,2.0,0,0,0,0,0,0,0.0,0.0,0.0,0,2,2,0,2,2,2,1810,4602,3.0,0,0,0,3,1,persistence_attack,PERSISTENCE
PERSISTENCE_ATTACK-0044,WIN-ARGUS-044,2,7,2,2,3,0,0,2.0,0,0,0,0,0,0,0.0,0.0,0.0,0,2,2,0,3,2,3,7066,9106,1.0,0,0,0,3,1,persistence_attack,PERSISTENCE
PERSISTENCE_ATTACK-0044,WIN-ARGUS-044,3,5,2,2,2,0,0,2.0,0,0,0,0,0,0,0.0,0.0,0.0,0,1,1,0,2,1,1,3381,6851,4.0,0,0,0,3,1,persistence_attack,PERSISTENCE
PERSISTENCE_ATTACK-0044,WIN-ARGUS-044,4,8,2,2,4,0,0,2.0,0,0,0,0,0,0,0.0,0.0,0.0,0,3,3,0,3,2,2,7116,6272,3.0,0,0,0,3,1,persistence_attack,PERSISTENCE
PERSISTENCE_ATTACK-0044,WIN-ARGUS-044,5,4,2,2,2,0,0,2.0,0,0,0,0,0,0,0.0,0.0,0.0,0,1,1,0,1,1,1,1783,2489,0.0,0,0,0,3,1,persistence_attack,PERSISTENCE
PERSISTENCE_ATTACK-0045,WIN-ARGUS-045,0,8,2,2,4,0,0,2.0,0,0,0,0,0,0,0.0,0.0,0.0,0,3,3,0,3,2,3,10742,5724,1.6666666666666667,0,0,0,3,1,persistence_attack,PERSISTENCE
PERSISTENCE_ATTACK-0045,WIN-ARGUS-045,1,6,2,2,2,0,0,2.0,0,0,0,0,0,0,0.0,0.0,0.0,0,1,1,0,3,2,2,4660,3254,1.3333333333333333,0,0,0,3,1,persistence_attack,PERSISTENCE
PERSISTENCE_ATTACK-0045,WIN-ARGUS-045,2,4,2,2,2,0,0,2.0,0,0,0,0,0,0,0.0,0.0,0.0,0,1,1,0,1,1,1,796,3757,0.0,0,0,0,3,1,persistence_attack,PERSISTENCE
PERSISTENCE_ATTACK-0045,WIN-ARGUS-045,3,4,2,2,2,0,0,2.0,0,0,0,0,0,0,0.0,0.0,0.0,0,1,1,0,1,1,1,2574,1272,0.0,0,0,0,3,1,persistence_attack,PERSISTENCE
PERSISTENCE_ATTACK-0045,WIN-ARGUS-045,4,6,2,2,2,0,0,2.0,0,0,0,0,0,0,0.0,0.0,0.0,0,1,1,0,3,2,3,9785,11175,5.333333333333333,0,0,0,3,1,persistence_attack,PERSISTENCE
PERSISTENCE_ATTACK-0045,WIN-ARGUS-045,5,4,2,2,2,0,0,2.0,0,0,0,0,0,0,0.0,0.0,0.0,0,1,1,0,1,1,1,4379,3333,0.0,0,0,0,3,1,persistence_attack,PERSISTENCE
PERSISTENCE_ATTACK-0046,WIN-ARGUS-046,0,5,2,2,2,0,0,2.0,0,0,0,0,0,0,0.0,0.0,0.0,0,1,1,0,2,2,2,4209,1663,5.0,0,0,0,3,1,persistence_attack,PERSISTENCE
PERSISTENCE_ATTACK-0046,WIN-ARGUS-046,1,6,2,2,3,0,0,2.0,0,0,0,0,0,0,0.0,0.0,0.0,0,2,2,0,2,2,2,6076,2164,6.0,0,0,0,3,1,persistence_attack,PERSISTENCE
PERSISTENCE_ATTACK-0046,WIN-ARGUS-046,2,6,2,2,4,0,0,2.0,0,0,0,0,0,0,0.0,0.0,0.0,0,3,3,0,1,1,1,1138,776,0.0,0,0,0,3,1,persistence_attack,PERSISTENCE
PERSISTENCE_ATTACK-0046,WIN-ARGUS-046,3,6,2,2,4,0,0,2.0,0,0,0,0,0,0,0.0,0.0,0.0,0,3,3,0,1,1,1,632,4081,0.0,0,0,0,3,1,persistence_attack,PERSISTENCE
PERSISTENCE_ATTACK-0046,WIN-ARGUS-046,4,5,2,2,2,0,0,2.0,0,0,0,0,0,0,0.0,0.0,0.0,0,1,1,0,2,2,2,4890,7825,2.0,0,0,0,3,1,persistence_attack,PERSISTENCE
PERSISTENCE_ATTACK-0046,WIN-ARGUS-046,5,8,2,2,4,0,0,2.0,0,0,0,0,0,0,0.0,0.0,0.0,0,3,3,0,3,3,3,6891,7417,5.0,0,0,0,3,1,persistence_attack,PERSISTENCE
PERSISTENCE_ATTACK-0047,WIN-ARGUS-047,0,8,2,2,4,0,0,2.0,0,0,0,0,0,0,0.0,0.0,0.0,0,3,3,0,3,3,2,9185,6730,4.666666666666667,0,0,0,3,1,persistence_attack,PERSISTENCE
PERSISTENCE_ATTACK-0047,WIN-ARGUS-047,1,6,2,2,4,0,0,2.0,0,0,0,0,0,0,0.0,0.0,0.0,0,3,3,0,1,1,1,2983,3708,0.0,0,0,0,3,1,persistence_attack,PERSISTENCE
PERSISTENCE_ATTACK-0047,WIN-ARGUS-047,2,6,2,2,4,0,0,2.0,0,0,0,0,0,0,0.0,0.0,0.0,0,3,3,0,1,1,1,1270,151,0.0,0,0,0,3,1,persistence_attack,PERSISTENCE
PERSISTENCE_ATTACK-0047,WIN-ARGUS-047,3,7,2,2,4,0,0,2.0,0,0,0,0,0,0,0.0,0.0,0.0,0,3,3,0,2,2,2,3439,4973,2.0,0,0,0,3,1,persistence_attack,PERSISTENCE
PERSISTENCE_ATTACK-0047,WIN-ARGUS-047,4,5,2,2,2,0,0,2.0,0,0,0,0,0,0,0.0,0.0,0.0,0,1,1,0,2,2,2,3328,3987,7.0,0,0,0,3,1,persistence_attack,PERSISTENCE
PERSISTENCE_ATTACK-0047,WIN-ARGUS-047,5,6,2,2,2,0,0,2.0,0,0,0,0,0,0,0.0,0.0,0.0,0,1,1,0,3,3,2,4884,10135,4.666666666666667,0,0,0,3,1,persistence_attack,PERSISTENCE
PERSISTENCE_ATTACK-0048,WIN-ARGUS-048,0,7,2,2,4,0,0,2.0,0,0,0,0,0,0,0.0,0.0,0.0,0,3,3,0,2,1,1,6715,2716,6.5,0,0,0,3,1,persistence_attack,PERSISTENCE
PERSISTENCE_ATTACK-0048,WIN-ARGUS-048,1,5,2,2,2,0,0,2.0,0,0,0,0,0,0,0.0,0.0,0.0,0,1,1,0,2,2,2,5051,1477,3.0,0,0,0,3,1,persistence_attack,PERSISTENCE
PERSISTENCE_ATTACK-0048,WIN-ARGUS-048,2,6,2,2,3,0,0,2.0,0,0,0,0,0,0,0.0,0.0,0.0,0,2,2,0,2,1,1,5838,6934,4.5,0,0,0,3,1,persistence_attack,PERSISTENCE
PERSISTENCE_ATTACK-0048,WIN-ARGUS-048,3,6,2,2,2,0,0,2.0,0,0,0,0,0,0,0.0,0.0,0.0,0,1,1,0,3,2,2,5934,3872,2.6666666666666665,0,0,0,3,1,persistence_attack,PERSISTENCE
PERSISTENCE_ATTACK-0048,WIN-ARGUS-048,4,8,2,2,4,0,0,2.0,0,0,0,0,0,0,0.0,0.0,0.0,0,3,3,0,3,2,2,6330,10622,2.0,0,0,0,3,1,persistence_attack,PERSISTENCE
PERSISTENCE_ATTACK-0048,WIN-ARGUS-048,5,6,2,2,2,0,0,2.0,0,0,0,0,0,0,0.0,0.0,0.0,0,1,1,0,3,1,2,9205,7321,3.0,0,0,0,3,1,persistence_attack,PERSISTENCE
PERSISTENCE_ATTACK-0049,WIN-ARGUS-049,0,5,2,2,3,0,0,2.0,0,0,0,0,0,0,0.0,0.0,0.0,0,2,2,0,1,1,1,1360,107,0.0,0,0,0,3,1,persistence_attack,PERSISTENCE
PERSISTENCE_ATTACK-0049,WIN-ARGUS-049,1,6,2,2,3,0,0,2.0,0,0,0,0,0,0,0.0,0.0,0.0,0,2,2,0,2,2,1,6387,6937,1.0,0,0,0,3,1,persistence_attack,PERSISTENCE
PERSISTENCE_ATTACK-0049,WIN-ARGUS-049,2,7,2,2,4,0,0,2.0,0,0,0,0,0,0,0.0,0.0,0.0,0,3,3,0,2,2,2,3691,3972,0.0,0,0,0,3,1,persistence_attack,PERSISTENCE
PERSISTENCE_ATTACK-0049,WIN-ARGUS-049,3,6,2,2,4,0,0,2.0,0,0,0,0,0,0,0.0,0.0,0.0,0,3,3,0,1,1,1,3054,1023,0.0,0,0,0,3,1,persistence_attack,PERSISTENCE
PERSISTENCE_ATTACK-0049,WIN-ARGUS-049,4,7,2,2,4,0,0,2.0,0,0,0,0,0,0,0.0,0.0,0.0,0,3,3,0,2,2,1,3361,2722,2.0,0,0,0,3,1,persistence_attack,PERSISTENCE
PERSISTENCE_ATTACK-0049,WIN-ARGUS-049,5,7,2,2,3,0,0,2.0,0,0,0,0,0,0,0.0,0.0,0.0,0,2,2,0,3,2,2,8952,8630,1.3333333333333333,0,0,0,3,1,persistence_attack,PERSISTENCE
PERSISTENCE_ATTACK-0050,WIN-ARGUS-050,0,7,2,2,3,0,0,2.0,0,0,0,0,0,0,0.0,0.0,0.0,0,2,2,0,3,2,3,12584,8173,5.0,0,0,0,3,1,persistence_attack,PERSISTENCE
PERSISTENCE_ATTACK-0050,WIN-ARGUS-050,1,6,2,2,3,0,0,2.0,0,0,0,0,0,0,0.0,0.0,0.0,0,2,2,0,2,1,2,4902,7650,0.5,0,0,0,3,1,persistence_attack,PERSISTENCE
PERSISTENCE_ATTACK-0050,WIN-ARGUS-050,2,5,2,2,2,0,0,2.0,0,0,0,0,0,0,0.0,0.0,0.0,0,1,1,0,2,2,2,5692,2691,1.0,0,0,0,3,1,persistence_attack,PERSISTENCE
PERSISTENCE_ATTACK-0050,WIN-ARGUS-050,3,8,2,2,4,0,0,2.0,0,0,0,0,0,0,0.0,0.0,0.0,0,3,3,0,3,2,3,6334,9751,4.0,0,0,0,3,1,persistence_attack,PERSISTENCE
PERSISTENCE_ATTACK-0050,WIN-ARGUS-050,4,4,2,2,2,0,0,2.0,0,0,0,0,0,0,0.0,0.0,0.0,0,1,1,0,1,1,1,3260,990,0.0,0,0,0,3,1,persistence_attack,PERSISTENCE
PERSISTENCE_ATTACK-0050,WIN-ARGUS-050,5,6,2,2,4,0,0,2.0,0,0,0,0,0,0,0.0,0.0,0.0,0,3,3,0,1,1,1,3100,4495,0.0,0,0,0,3,1,persistence_attack,PERSISTENCE
PERSISTENCE_ATTACK-0051,WIN-ARGUS-051,0,5,2,2,3,0,0,2.0,0,0,0,0,0,0,0.0,0.0,0.0,0,2,2,0,1,1,1,4326,1548,0.0,0,0,0,3,1,persistence_attack,PERSISTENCE
PERSISTENCE_ATTACK-0051,WIN-ARGUS-051,1,4,2,2,2,0,0,2.0,0,0,0,0,0,0,0.0,0.0,0.0,0,1,1,0,1,1,1,2717,854,0.0,0,0,0,3,1,persistence_attack,PERSISTENCE
PERSISTENCE_ATTACK-0051,WIN-ARGUS-051,2,8,2,2,4,0,0,2.0,0,0,0,0,0,0,0.0,0.0,0.0,0,3,3,0,3,1,2,6404,10058,6.0,0,0,0,3,1,persistence_attack,PERSISTENCE
PERSISTENCE_ATTACK-0051,WIN-ARGUS-051,3,6,2,2,4,0,0,2.0,0,0,0,0,0,0,0.0,0.0,0.0,0,3,3,0,1,1,1,3373,4649,0.0,0,0,0,3,1,persistence_attack,PERSISTENCE
PERSISTENCE_ATTACK-0051,WIN-ARGUS-051,4,7,2,2,3,0,0,2.0,0,0,0,0,0,0,0.0,0.0,0.0,0,2,2,0,3,2,2,6861,9802,1.6666666666666667,0,0,0,3,1,persistence_attack,PERSISTENCE
PERSISTENCE_ATTACK-0051,WIN-ARGUS-051,5,7,2,2,4,0,0,2.0,0,0,0,0,0,0,0.0,0.0,0.0,0,3,3,0,2,2,1,6219,1013,1.0,0,0,0,3,1,persistence_attack,PERSISTENCE
PERSISTENCE_ATTACK-0052,WIN-ARGUS-052,0,4,2,2,2,0,0,2.0,0,0,0,0,0,0,0.0,0.0,0.0,0,1,1,0,1,1,1,2922,2901,0.0,0,0,0,3,1,persistence_attack,PERSISTENCE
PERSISTENCE_ATTACK-0052,WIN-ARGUS-052,1,4,2,2,2,0,0,2.0,0,0,0,0,0,0,0.0,0.0,0.0,0,1,1,0,1,1,1,4895,3518,0.0,0,0,0,3,1,persistence_attack,PERSISTENCE
PERSISTENCE_ATTACK-0052,WIN-ARGUS-052,2,6,2,2,3,0,0,2.0,0,0,0,0,0,0,0.0,0.0,0.0,0,2,2,0,2,2,2,5750,5387,5.0,0,0,0,3,1,persistence_attack,PERSISTENCE
PERSISTENCE_ATTACK-0052,WIN-ARGUS-052,3,5,2,2,3,0,0,2.0,0,0,0,0,0,0,0.0,0.0,0.0,0,2,2,0,1,1,1,1418,429,0.0,0,0,0,3,1,persistence_attack,PERSISTENCE
PERSISTENCE_ATTACK-0052,WIN-ARGUS-052,4,6,2,2,4,0,0,2.0,0,0,0,0,0,0,0.0,0.0,0.0,0,3,3,0,1,1,1,872,4139,0.0,0,0,0,3,1,persistence_attack,PERSISTENCE
PERSISTENCE_ATTACK-0052,WIN-ARGUS-052,5,6,2,2,3,0,0,2.0,0,0,0,0,0,0,0.0,0.0,0.0,0,2,2,0,2,2,1,2987,4188,1.0,0,0,0,3,1,persistence_attack,PERSISTENCE
PERSISTENCE_ATTACK-0053,WIN-ARGUS-053,0,6,2,2,2,0,0,2.0,0,0,0,0,0,0,0.0,0.0,0.0,0,1,1,0,3,2,2,6967,8362,2.0,0,0,0,3,1,persistence_attack,PERSISTENCE
PERSISTENCE_ATTACK-0053,WIN-ARGUS-053,1,8,2,2,4,0,0,2.0,0,0,0,0,0,0,0.0,0.0,0.0,0,3,3,0,3,1,2,6866,9893,2.6666666666666665,0,0,0,3,1,persistence_attack,PERSISTENCE
PERSISTENCE_ATTACK-0053,WIN-ARGUS-053,2,8,2,2,4,0,0,2.0,0,0,0,0,0,0,0.0,0.0,0.0,0,3,3,0,3,2,2,9575,11216,5.0,0,0,0,3,1,persistence_attack,PERSISTENCE
PERSISTENCE_ATTACK-0053,WIN-ARGUS-053,3,7,2,2,3,0,0,2.0,0,0,0,0,0,0,0.0,0.0,0.0,0,2,2,0,3,1,2,6847,7795,4.333333333333333,0,0,0,3,1,persistence_attack,PERSISTENCE
PERSISTENCE_ATTACK-0053,WIN-ARGUS-053,4,7,2,2,4,0,0,2.0,0,0,0,0,0,0,0.0,0.0,0.0,0,3,3,0,2,1,2,4521,8251,5.0,0,0,0,3,1,persistence_attack,PERSISTENCE
PERSISTENCE_ATTACK-0053,WIN-ARGUS-053,5,6,2,2,3,0,0,2.0,0,0,0,0,0,0,0.0,0.0,0.0,0,2,2,0,2,2,2,8216,7422,3.0,0,0,0,3,1,persistence_attack,PERSISTENCE
PERSISTENCE_ATTACK-0054,WIN-ARGUS-054,0,6,2,2,4,0,0,2.0,0,0,0,0,0,0,0.0,0.0,0.0,0,3,3,0,1,1,1,3560,4498,0.0,0,0,0,3,1,persistence_attack,PERSISTENCE
PERSISTENCE_ATTACK-0054,WIN-ARGUS-054,1,7,2,2,3,0,0,2.0,0,0,0,0,0,0,0.0,0.0,0.0,0,2,2,0,3,2,2,9061,9062,2.3333333333333335,0,0,0,3,1,persistence_attack,PERSISTENCE
PERSISTENCE_ATTACK-0054,WIN-ARGUS-054,2,5,2,2,2,0,0,2.0,0,0,0,0,0,0,0.0,0.0,0.0,0,1,1,0,2,2,1,8999,2765,1.5,0,0,0,3,1,persistence_attack,PERSISTENCE
PERSISTENCE_ATTACK-0054,WIN-ARGUS-054,3,6,2,2,2,0,0,2.0,0,0,0,0,0,0,0.0,0.0,0.0,0,1,1,0,3,2,3,11364,3904,3.0,0,0,0,3,1,persistence_attack,PERSISTENCE
PERSISTENCE_ATTACK-0054,WIN-ARGUS-054,4,7,2,2,4,0,0,2.0,0,0,0,0,0,0,0.0,0.0,0.0,0,3,3,0,2,1,2,5719,6591,0.0,0,0,0,3,1,persistence_attack,PERSISTENCE
PERSISTENCE_ATTACK-0054,WIN-ARGUS-054,5,4,2,2,2,0,0,2.0,0,0,0,0,0,0,0.0,0.0,0.0,0,1,1,0,1,1,1,2953,3546,0.0,0,0,0,3,1,persistence_attack,PERSISTENCE
PERSISTENCE_ATTACK-0055,WIN-ARGUS-055,0,6,2,2,3,0,0,2.0,0,0,0,0,0,0,0.0,0.0,0.0,0,2,2,0,2,2,1,8735,4789,4.0,0,0,0,3,1,persistence_attack,PERSISTENCE
PERSISTENCE_ATTACK-0055,WIN-ARGUS-055,1,5,2,2,2,0,0,2.0,0,0,0,0,0,0,0.0,0.0,0.0,0,1,1,0,2,1,2,7625,7250,2.5,0,0,0,3,1,persistence_attack,PERSISTENCE
PERSISTENCE_ATTACK-0055,WIN-ARGUS-055,2,6,2,2,2,0,0,2.0,0,0,0,0,0,0,0.0,0.0,0.0,0,1,1,0,3,3,2,5725,6128,3.6666666666666665,0,0,0,3,1,persistence_attack,PERSISTENCE
PERSISTENCE_ATTACK-0055,WIN-ARGUS-055,3,6,2,2,3,0,0,2.0,0,0,0,0,0,0,0.0,0.0,0.0,0,2,2,0,2,2,2,5394,2760,4.5,0,0,0,3,1,persistence_attack,PERSISTENCE
PERSISTENCE_ATTACK-0055,WIN-ARGUS-055,4,5,2,2,2,0,0,2.0,0,0,0,0,0,0,0.0,0.0,0.0,0,1,1,0,2,2,2,4804,5383,3.5,0,0,0,3,1,persistence_attack,PERSISTENCE
PERSISTENCE_ATTACK-0055,WIN-ARGUS-055,5,4,2,2,2,0,0,2.0,0,0,0,0,0,0,0.0,0.0,0.0,0,1,1,0,1,1,1,2762,2265,0.0,0,0,0,3,1,persistence_attack,PERSISTENCE
PERSISTENCE_ATTACK-0056,WIN-ARGUS-056,0,6,2,2,4,0,0,2.0,0,0,0,0,0,0,0.0,0.0,0.0,0,3,3,0,1,1,1,1392,4965,0.0,0,0,0,3,1,persistence_attack,PERSISTENCE
PERSISTENCE_ATTACK-0056,WIN-ARGUS-056,1,7,2,2,4,0,0,2.0,0,0,0,0,0,0,0.0,0.0,0.0,0,3,3,0,2,2,2,8099,1305,2.0,0,0,0,3,1,persistence_attack,PERSISTENCE
PERSISTENCE_ATTACK-0056,WIN-ARGUS-056,2,6,2,2,4,0,0,2.0,0,0,0,0,0,0,0.0,0.0,0.0,0,3,3,0,1,1,1,2417,1194,0.0,0,0,0,3,1,persistence_attack,PERSISTENCE
PERSISTENCE_ATTACK-0056,WIN-ARGUS-056,3,4,2,2,2,0,0,2.0,0,0,0,0,0,0,0.0,0.0,0.0,0,1,1,0,1,1,1,3797,581,0.0,0,0,0,3,1,persistence_attack,PERSISTENCE
PERSISTENCE_ATTACK-0056,WIN-ARGUS-056,4,4,2,2,2,0,0,2.0,0,0,0,0,0,0,0.0,0.0,0.0,0,1,1,0,1,1,1,1973,740,0.0,0,0,0,3,1,persistence_attack,PERSISTENCE
PERSISTENCE_ATTACK-0056,WIN-ARGUS-056,5,4,2,2,2,0,0,2.0,0,0,0,0,0,0,0.0,0.0,0.0,0,1,1,0,1,1,1,1373,4360,0.0,0,0,0,3,1,persistence_attack,PERSISTENCE
PERSISTENCE_ATTACK-0057,WIN-ARGUS-057,0,6,2,2,3,0,0,2.0,0,0,0,0,0,0,0.0,0.0,0.0,0,2,2,0,2,2,2,3630,4252,2.5,0,0,0,3,1,persistence_attack,PERSISTENCE
PERSISTENCE_ATTACK-0057,WIN-ARGUS-057,1,6,2,2,3,0,0,2.0,0,0,0,0,0,0,0.0,0.0,0.0,0,2,2,0,2,1,2,1905,2247,2.0,0,0,0,3,1,persistence_attack,PERSISTENCE
PERSISTENCE_ATTACK-0057,WIN-ARGUS-057,2,7,2,2,3,0,0,2.0,0,0,0,0,0,0,0.0,0.0,0.0,0,2,2,0,3,2,2,3965,5267,5.333333333333333,0,0,0,3,1,persistence_attack,PERSISTENCE
PERSISTENCE_ATTACK-0057,WIN-ARGUS-057,3,8,2,2,4,0,0,2.0,0,0,0,0,0,0,0.0,0.0,0.0,0,3,3,0,3,2,2,6281,5507,2.3333333333333335,0,0,0,3,1,persistence_attack,PERSISTENCE
PERSISTENCE_ATTACK-0057,WIN-ARGUS-057,4,6,2,2,2,0,0,2.0,0,0,0,0,0,0,0.0,0.0,0.0,0,1,1,0,3,2,2,9398,11255,5.0,0,0,0,3,1,persistence_attack,PERSISTENCE
PERSISTENCE_ATTACK-0057,WIN-ARGUS-057,5,6,2,2,4,0,0,2.0,0,0,0,0,0,0,0.0,0.0,0.0,0,3,3,0,1,1,1,1550,4984,0.0,0,0,0,3,1,persistence_attack,PERSISTENCE
PERSISTENCE_ATTACK-0058,WIN-ARGUS-058,0,5,2,2,2,0,0,2.0,0,0,0,0,0,0,0.0,0.0,0.0,0,1,1,0,2,2,2,3080,5745,1.0,0,0,0,3,1,persistence_attack,PERSISTENCE
PERSISTENCE_ATTACK-0058,WIN-ARGUS-058,1,6,2,2,4,0,0,2.0,0,0,0,0,0,0,0.0,0.0,0.0,0,3,3,0,1,1,1,3226,3306,0.0,0,0,0,3,1,persistence_attack,PERSISTENCE
PERSISTENCE_ATTACK-0058,WIN-ARGUS-058,2,7,2,2,4,0,0,2.0,0,0,0,0,0,0,0.0,0.0,0.0,0,3,3,0,2,2,2,7614,4428,4.0,0,0,0,3,1,persistence_attack,PERSISTENCE
PERSISTENCE_ATTACK-0058,WIN-ARGUS-058,3,8,2,2,4,0,0,2.0,0,0,0,0,0,0,0.0,0.0,0.0,0,3,3,0,3,2,2,4198,8320,3.0,0,0,0,3,1,persistence_attack,PERSISTENCE
PERSISTENCE_ATTACK-0058,WIN-ARGUS-058,4,7,2,2,4,0,0,2.0,0,0,0,0,0,0,0.0,0.0,0.0,0,3,3,0,2,2,2,7710,3985,7.5,0,0,0,3,1,persistence_attack,PERSISTENCE
PERSISTENCE_ATTACK-0058,WIN-ARGUS-058,5,6,2,2,2,0,0,2.0,0,0,0,0,0,0,0.0,0.0,0.0,0,1,1,0,3,2,2,5908,13620,3.3333333333333335,0,0,0,3,1,persistence_attack,PERSISTENCE
PERSISTENCE_ATTACK-0059,WIN-ARGUS-059,0,5,2,2,3,0,0,2.0,0,0,0,0,0,0,0.0,0.0,0.0,0,2,2,0,1,1,1,3856,4096,0.0,0,0,0,3,1,persistence_attack,PERSISTENCE
PERSISTENCE_ATTACK-0059,WIN-ARGUS-059,1,7,2,2,4,0,0,2.0,0,0,0,0,0,0,0.0,0.0,0.0,0,3,3,0,2,2,2,2489,9287,0.5,0,0,0,3,1,persistence_attack,PERSISTENCE
PERSISTENCE_ATTACK-0059,WIN-ARGUS-059,2,7,2,2,3,0,0,2.0,0,0,0,0,0,0,0.0,0.0,0.0,0,2,2,0,3,3,3,7949,6572,3.3333333333333335,0,0,0,3,1,persistence_attack,PERSISTENCE
PERSISTENCE_ATTACK-0059,WIN-ARGUS-059,3,4,2,2,2,0,0,2.0,0,0,0,0,0,0,0.0,0.0,0.0,0,1,1,0,1,1,1,4719,1847,0.0,0,0,0,3,1,persistence_attack,PERSISTENCE
PERSISTENCE_ATTACK-0059,WIN-ARGUS-059,4,8,2,2,4,0,0,2.0,0,0,0,0,0,0,0.0,0.0,0.0,0,3,3,0,3,3,2,4123,10800,1.3333333333333333,0,0,0,3,1,persistence_attack,PERSISTENCE
PERSISTENCE_ATTACK-0059,WIN-ARGUS-059,5,7,2,2,3,0,0,2.0,0,0,0,0,0,0,0.0,0.0,0.0,0,2,2,0,3,2,2,3508,5198,3.0,0,0,0,3,1,persistence_attack,PERSISTENCE
PERSISTENCE_ATTACK-0060,WIN-ARGUS-060,0,8,2,2,4,0,0,2.0,0,0,0,0,0,0,0.0,0.0,0.0,0,3,3,0,3,1,2,5863,4491,5.0,0,0,0,3,1,persistence_attack,PERSISTENCE
PERSISTENCE_ATTACK-0060,WIN-ARGUS-060,1,5,2,2,2,0,0,2.0,0,0,0,0,0,0,0.0,0.0,0.0,0,1,1,0,2,2,2,6492,5186,1.5,0,0,0,3,1,persistence_attack,PERSISTENCE
PERSISTENCE_ATTACK-0060,WIN-ARGUS-060,2,6,2,2,3,0,0,2.0,0,0,0,0,0,0,0.0,0.0,0.0,0,2,2,0,2,2,2,4119,5555,0.5,0,0,0,3,1,persistence_attack,PERSISTENCE
PERSISTENCE_ATTACK-0060,WIN-ARGUS-060,3,6,2,2,2,0,0,2.0,0,0,0,0,0,0,0.0,0.0,0.0,0,1,1,0,3,2,2,11415,2935,3.0,0,0,0,3,1,persistence_attack,PERSISTENCE
PERSISTENCE_ATTACK-0060,WIN-ARGUS-060,4,7,2,2,4,0,0,2.0,0,0,0,0,0,0,0.0,0.0,0.0,0,3,3,0,2,2,1,4072,5283,3.0,0,0,0,3,1,persistence_attack,PERSISTENCE
PERSISTENCE_ATTACK-0060,WIN-ARGUS-060,5,8,2,2,4,0,0,2.0,0,0,0,0,0,0,0.0,0.0,0.0,0,3,3,0,3,2,1,7270,6108,5.0,0,0,0,3,1,persistence_attack,PERSISTENCE
POWERSHELL_ATTACK-0001,WIN-ARGUS-001,0,11,3,3,5,1,1,4.0,4,0,0,0,0,4,0.0,1.6729999999999998,0.026545454545454542,0,0,0,0,4,3,3,10414,8229,2.0,0,0,0,3,1,powershell_attack,EXECUTION
POWERSHELL_ATTACK-0001,WIN-ARGUS-001,1,11,3,3,6,1,1,4.0,3,0,0,0,0,3,0.0,1.1568181818181817,0.03581818181818182,0,0,0,0,5,3,3,8337,11568,2.4,0,0,0,3,1,powershell_attack,EXECUTION
POWERSHELL_ATTACK-0001,WIN-ARGUS-001,2,10,3,3,4,1,1,4.0,4,0,0,0,0,4,0.0,1.967,0.034800000000000005,0,0,0,0,3,2,2,5133,4825,2.0,0,0,0,3,1,powershell_attack,EXECUTION
POWERSHELL_ATTACK-0001,WIN-ARGUS-001,3,11,3,3,4,1,1,4.0,5,0,0,0,0,5,0.0,2.352909090909091,0.037909090909090906,0,0,0,0,3,1,2,6880,6975,2.0,0,0,0,3,1,powershell_attack,EXECUTION
POWERSHELL_ATTACK-0001,WIN-ARGUS-001,4,10,3,3,5,1,1,4.0,3,0,0,0,0,3,0.0,1.4064,0.0293,0,0,0,0,4,3,2,7468,13897,0.75,0,0,0,3,1,powershell_attack,EXECUTION
POWERSHELL_ATTACK-0001,WIN-ARGUS-001,5,8,3,3,4,1,1,4.0,2,0,0,0,0,2,0.0,1.146625,0.033,0,0,0,0,3,2,2,5638,12810,1.0,0,0,0,3,1,powershell_attack,EXECUTION
POWERSHELL_ATTACK-0002,WIN-ARGUS-002,0,11,3,3,4,1,1,4.0,5,0,0,0,0,5,0.0,2.334090909090909,0.033,0,0,0,0,3,2,2,9671,11098,4.333333333333333,0,0,0,3,1,powershell_attack,EXECUTION
POWERSHELL_ATTACK-0002,WIN-ARGUS-002,1,13,3,3,6,1,1,4.0,5,0,0,0,0,5,0.0,1.778230769230769,0.030461538461538464,0,0,0,0,5,3,3,14040,12619,2.6,0,0,0,3,1,powershell_attack,EXECUTION
POWERSHELL_ATTACK-0002,WIN-ARGUS-002,2,12,3,3,6,1,1,4.0,4,0,0,0,0,4,0.0,1.7589166666666667,0.0255,0,0,0,0,5,3,3,14116,11834,1.8,0,0,0,3,1,powershell_attack,EXECUTION
POWERSHELL_ATTACK-0002,WIN-ARGUS-002,3,10,3,3,6,1,1,4.0,2,0,0,0,0,2,0.0,1.0564,0.0121,0,0,0,0,5,3,2,9622,10452,2.0,0,0,0,3,1,powershell_attack,EXECUTION
POWERSHELL_ATTACK-0002,WIN-ARGUS-002,4,11,3,3,6,1,1,4.0,3,0,0,0,0,3,0.0,1.5114545454545452,0.021727272727272727,0,0,0,0,5,3,3,16740,12013,4.0,0,0,0,3,1,powershell_attack,EXECUTION
POWERSHELL_ATTACK-0002,WIN-ARGUS-002,5,8,3,3,3,1,1,4.0,3,0,0,0,0,3,0.0,2.0325,0.025625,0,0,0,0,2,2,2,7356,6054,1.5,0,0,0,3,1,powershell_attack,EXECUTION
POWERSHELL_ATTACK-0003,WIN-ARGUS-003,0,11,3,3,6,1,1,4.0,3,0,0,0,0,3,0.0,1.3019999999999998,0.02109090909090909,0,0,0,0,5,3,2,10423,16089,3.0,0,0,0,3,1,powershell_attack,EXECUTION
POWERSHELL_ATTACK-0003,WIN-ARGUS-003,1,10,3,3,5,1,1,4.0,3,0,0,0,0,3,0.0,1.5752,0.036699999999999997,0,0,0,0,4,3,3,14104,11148,3.75,0,0,0,3,1,powershell_attack,EXECUTION
POWERSHELL_ATTACK-0003,WIN-ARGUS-003,2,12,3,3,6,1,1,4.0,4,0,0,0,0,4,0.0,1.7225833333333334,0.018333333333333333,0,0,0,0,5,3,3,18519,15231,3.4,0,0,0,3,1,powershell_attack,EXECUTION
POWERSHELL_ATTACK-0003,WIN-ARGUS-003,3,11,3,3,4,1,1,4.0,5,0,0,0,0,5,0.0,2.1285454545454545,0.029454545454545455,0,0,0,0,3,2,2,8700,11991,2.3333333333333335,0,0,0,3,1,powershell_attack,EXECUTION
POWERSHELL_ATTACK-0003,WIN-ARGUS-003,4,12,3,3,6,1,1,4.0,4,0,0,0,0,4,0.0,1.6119166666666667,0.030333333333333334,0,0,0,0,5,3,3,15775,14430,1.0,0,0,0,3,1,powershell_attack,EXECUTION
POWERSHELL_ATTACK-0003,WIN-ARGUS-003,5,9,3,3,5,1,1,4.0,2,0,0,0,0,2,0.0,1.139888888888889,0.029777777777777778,0,0,0,0,4,3,3,9684,10812,3.75,0,0,0,3,1,powershell_attack,EXECUTION
POWERSHELL_ATTACK-0004,WIN-ARGUS-004,0,7,3,3,3,1,1,4.0,2,0,0,0,0,2,0.0,1.1032857142857142,0.018571428571428572,0,0,0,0,2,1,2,7851,5105,3.0,0,0,0,3,1,powershell_attack,EXECUTION
POWERSHELL_ATTACK-0004,WIN-ARGUS-004,1,11,3,3,4,1,1,4.0,5,0,0,0,0,5,0.0,2.0715454545454546,0.04045454545454546,0,0,0,0,3,3,2,5624,3167,3.0,0,0,0,3,1,powershell_attack,EXECUTION
POWERSHELL_ATTACK-0004,WIN-ARGUS-004,2,12,3,3,6,1,1,4.0,4,0,0,0,0,4,0.0,1.7225000000000001,0.020833333333333332,0,0,0,0,5,3,3,14889,10657,1.6,0,0,0,3,1,powershell_attack,EXECUTION
POWERSHELL_ATTACK-0004,WIN-ARGUS-004,3,9,3,3,4,1,1,4.0,3,0,0,0,0,3,0.0,1.7286666666666666,0.022000000000000002,0,0,0,0,3,3,3,6349,10375,4.666666666666667,0,0,0,3,1,powershell_attack,EXECUTION
POWERSHELL_ATTACK-0004,WIN-ARGUS-004,4,11,3,3,5,1,1,4.0,4,0,0,0,0,4,0.0,1.5491818181818182,0.027454545454545454,0,0,0,0,4,3,3,10713,13422,3.5,0,0,0,3,1,powershell_attack,EXECUTION
POWERSHELL_ATTACK-0004,WIN-ARGUS-004,5,13,3,3,6,1,1,4.0,5,0,0,0,0,5,0.0,2.043923076923077,0.03592307692307692,0,0,0,0,5,2,2,8840,16696,2.6,0,0,0,3,1,powershell_attack,EXECUTION
POWERSHELL_ATTACK-0005,WIN-ARGUS-005,0,11,3,3,5,1,1,4.0,4,0,0,0,0,4,0.0,1.8072727272727271,0.023363636363636364,0,0,0,0,4,2,3,6394,7317,3.0,0,0,0,3,1,powershell_attack,EXECUTION
POWERSHELL_ATTACK-0005,WIN-ARGUS-005,1,8,3,3,4,1,1,4.0,2,0,0,0,0,2,0.0,1.072375,0.020125,0,0,0,0,3,2,2,6293,7105,0.6666666666666666,0,0,0,3,1,powershell_attack,EXECUTION
POWERSHELL_ATTACK-0005,WIN-ARGUS-005,2,10,3,3,3,1,1,4.0,5,0,0,0,0,5,0.0,2.5002000000000004,0.0344,0,0,0,0,2,2,2,8118,6515,7.5,0,0,0,3,1,powershell_attack,EXECUTION
POWERSHELL_ATTACK-0005,WIN-ARGUS-005,3,10,3,3,3,1,1,4.0,5,0,0,0,0,5,0.0,2.7603,0.05500000000000001,0,0,0,0,2,1,1,1857,7850,2.5,0,0,0,3,1,powershell_attack,EXECUTION
POWERSHELL_ATTACK-0005,WIN-ARGUS-005,4,11,3,3,6,1,1,4.0,3,0,0,0,0,3,0.0,1.1258181818181818,0.01790909090909091,0,0,0,0,5,2,3,7124,12707,3.6,0,0,0,3,1,powershell_attack,EXECUTION
POWERSHELL_ATTACK-0005,WIN-ARGUS-005,5,11,3,3,5,1,1,4.0,4,0,0,0,0,4,0.0,1.9453636363636364,0.034727272727272725,0,0,0,0,4,3,2,8196,11016,4.0,0,0,0,3,1,powershell_attack,EXECUTION
POWERSHELL_ATTACK-0006,WIN-ARGUS-006,0,10,3,3,3,1,1,4.0,5,0,0,0,0,5,0.0,2.6733000000000002,0.0393,0,0,0,0,2,2,2,8376,5271,1.5,0,0,0,3,1,powershell_attack,EXECUTION
POWERSHELL_ATTACK-0006,WIN-ARGUS-006,1,8,3,3,3,1,1,4.0,3,0,0,0,0,3,0.0,1.972875,0.03,0,0,0,0,2,2,2,3281,4213,3.0,0,0,0,3,1,powershell_attack,EXECUTION
POWERSHELL_ATTACK-0006,WIN-ARGUS-006,2,10,3,3,5,1,1,4.0,3,0,0,0,0,3,0.0,1.3211,0.0248,0,0,0,0,4,2,2,8882,9568,3.25,0,0,0,3,1,powershell_attack,EXECUTION
POWERSHELL_ATTACK-0006,WIN-ARGUS-006,3,10,3,3,4,1,1,4.0,4,0,0,0,0,4,0.0,2.0995,0.022800000000000004,0,0,0,0,3,2,3,4750,8139,4.333333333333333,0,0,0,3,1,powershell_attack,EXECUTION
POWERSHELL_ATTACK-0006,WIN-ARGUS-006,4,7,3,3,3,1,1,4.0,2,0,0,0,0,2,0.0,1.2535714285714286,0.016714285714285716,0,0,0,0,2,2,2,8168,4521,0.5,0,0,0,3,1,powershell_attack,EXECUTION
POWERSHELL_ATTACK-0006,WIN-ARGUS-006,5,10,3,3,4,1,1,4.0,4,0,0,0,0,4,0.0,2.0366,0.0313,0,0,0,0,3,2,3,6757,5704,3.3333333333333335,0,0,0,3,1,powershell_attack,EXECUTION
POWERSHELL_ATTACK-0007,WIN-ARGUS-007,0,10,3,3,4,1,1,4.0,4,0,0,0,0,4,0.0,2.1608,0.033499999999999995,0,0,0,0,3,3,2,9721,7143,2.6666666666666665,0,0,0,3,1,powershell_attack,EXECUTION
POWERSHELL_ATTACK-0007,WIN-ARGUS-007,1,12,3,3,5,1,1,4.0,5,0,0,0,0,5,0.0,1.9911666666666665,0.03741666666666667,0,0,0,0,4,3,2,6882,12822,3.5,0,0,0,3,1,powershell_attack,EXECUTION
POWERSHELL_ATTACK-0007,WIN-ARGUS-007,2,8,3,3,3,1,1,4.0,3,0,0,0,0,3,0.0,2.134125,0.049,0,0,0,0,2,2,2,5261,4871,4.0,0,0,0,3,1,powershell_attack,EXECUTION
POWERSHELL_ATTACK-0007,WIN-ARGUS-007,3,12,3,3,6,1,1,4.0,4,0,0,0,0,4,0.0,1.7185,0.027583333333333335,0,0,0,0,5,3,2,11665,14845,1.6,0,0,0,3,1,powershell_attack,EXECUTION
POWERSHELL_ATTACK-0007,WIN-ARGUS-007,4,12,3,3,5,1,1,4.0,5,0,0,0,0,5,0.0,1.9014999999999997,0.0265,0,0,0,0,4,3,2,10259,4989,0.75,0,0,0,3,1,powershell_attack,EXECUTION
POWERSHELL_ATTACK-0007,WIN-ARGUS-007,5,8,3,3,3,1,1,4.0,3,0,0,0,0,3,0.0,1.970375,0.035875000000000004,0,0,0,0,2,2,2,9916,4148,1.0,0,0,0,3,1,powershell_attack,EXECUTION
POWERSHELL_ATTACK-0008,WIN-ARGUS-008,0,11,3,3,5,1,1,4.0,4,0,0,0,0,4,0.0,1.5308181818181816,0.024181818181818183,0,0,0,0,4,3,2,9894,9683,4.5,0,0,0,3,1,powershell_attack,EXECUTION
POWERSHELL_ATTACK-0008,WIN-ARGUS-008,1,8,3,3,4,1,1,4.0,2,0,0,0,0,2,0.0,1.271625,0.019875,0,0,0,0,3,3,2,8519,7428,2.0,0,0,0,3,1,powershell_attack,EXECUTION
POWERSHELL_ATTACK-0008,WIN-ARGUS-008,2,10,3,3,3,1,1,4.0,5,0,0,0,0,5,0.0,2.1887999999999996,0.0348,0,0,0,0,2,2,2,2074,7026,0.0,0,0,0,3,1,powershell_attack,EXECUTION
POWERSHELL_ATTACK-0008,WIN-ARGUS-008,3,8,3,3,4,1,1,4.0,2,0,0,0,0,2,0.0,1.204,0.012875,0,0,0,0,3,1,2,9170,5697,1.6666666666666667,0,0,0,3,1,powershell_attack,EXECUTION
POWERSHELL_ATTACK-0008,WIN-ARGUS-008,4,11,3,3,6,1,1,4.0,3,0,0,0,0,3,0.0,1.394,0.022636363636363635,0,0,0,0,5,2,3,10011,11118,2.2,0,0,0,3,1,powershell_attack,EXECUTION
POWERSHELL_ATTACK-0008,WIN-ARGUS-008,5,9,3,3,4,1,1,4.0,3,0,0,0,0,3,0.0,1.7675555555555558,0.014888888888888889,0,0,0,0,3,2,2,4954,11588,3.6666666666666665,0,0,0,3,1,powershell_attack,EXECUTION
POWERSHELL_ATTACK-0009,WIN-ARGUS-009,0,10,3,3,3,1,1,4.0,5,0,0,0,0,5,0.0,2.4008,0.0409,0,0,0,0,2,1,1,4170,2893,1.0,0,0,0,3,1,powershell_attack,EXECUTION
POWERSHELL_ATTACK-0009,WIN-ARGUS-009,1,11,3,3,4,1,1,4.0,5,0,0,0,0,5,0.0,2.205909090909091,0.037454545454545456,0,0,0,0,3,2,2,9774,4476,2.3333333333333335,0,0,0,3,1,powershell_attack,EXECUTION
POWERSHELL_ATTACK-0009,WIN-ARGUS-009,2,10,3,3,6,1,1,4.0,2,0,0,0,0,2,0.0,0.9827999999999999,0.0201,0,0,0,0,5,3,2,10562,16469,2.6,0,0,0,3,1,powershell_attack,EXECUTION
POWERSHELL_ATTACK-0009,WIN-ARGUS-009,3,12,3,3,5,1,1,4.0,5,0,0,0,0,5,0.0,2.267916666666667,0.041166666666666664,0,0,0,0,4,3,2,8930,15869,4.5,0,0,0,3,1,powershell_attack,EXECUTION
POWERSHELL_ATTACK-0009,WIN-ARGUS-009,4,8,3,3,3,1,1,4.0,3,0,0,0,0,3,0.0,1.970875,0.02275,0,0,0,0,2,2,2,6845,6937,3.5,0,0,0,3,1,powershell_attack,EXECUTION
POWERSHELL_ATTACK-0009,WIN-ARGUS-009,5,7,3,3,3,1,1,4.0,2,0,0,0,0,2,0.0,1.320142857142857,0.027571428571428573,0,0,0,0,2,2,1,5787,7134,2.0,0,0,0,3,1,powershell_attack,EXECUTION
POWERSHELL_ATTACK-0010,WIN-ARGUS-010,0,13,3,3,6,1,1,4.0,5,0,0,0,0,5,0.0,1.8563076923076924,0.039461538461538465,0,0,0,0,5,3,2,17270,9859,3.8,0,0,0,3,1,powershell_attack,EXECUTION
POWERSHELL_ATTACK-0010,WIN-ARGUS-010,1,8,3,3,3,1,1,4.0,3,0,0,0,0,3,0.0,1.7966250000000001,0.0315,0,0,0,0,2,1,2,4616,5681,1.0,0,0,0,3,1,powershell_attack,EXECUTION
POWERSHELL_ATTACK-0010,WIN-ARGUS-010,2,10,3,3,5,1,1,4.0,3,0,0,0,0,3,0.0,1.4440000000000002,0.0167,0,0,0,0,4,2,2,11468,12629,3.0,0,0,0,3,1,powershell_attack,EXECUTION
POWERSHELL_ATTACK-0010,WIN-ARGUS-010,3,11,3,3,6,1,1,4.0,3,0,0,0,0,3,0.0,1.4240000000000002,0.011636363636363637,0,0,0,0,5,3,3,11229,12504,1.8,0,0,0,3,1,powershell_attack,EXECUTION
POWERSHELL_ATTACK-0010,WIN-ARGUS-010,4,10,3,3,6,1,1,4.0,2,0,0,0,0,2,0.0,1.0886,0.024,0,0,0,0,5,2,3,10952,17377,3.2,0,0,0,3,1,powershell_attack,EXECUTION
POWERSHELL_ATTACK-0010,WIN-ARGUS-010,5,9,3,3,4,1,1,4.0,3,0,0,0,0,3,0.0,1.67,0.017777777777777778,0,0,0,0,3,3,2,6449,4146,1.6666666666666667,0,0,0,3,1,powershell_attack,EXECUTION
POWERSHELL_ATTACK-0011,WIN-ARGUS-011,0,9,3,3,4,1,1,4.0,3,0,0,0,0,3,0.0,1.5053333333333334,0.014555555555555556,0,0,0,0,3,2,2,11056,2231,4.0,0,0,0,3,1,powershell_attack,EXECUTION
POWERSHELL_ATTACK-0011,WIN-ARGUS-011,1,12,3,3,5,1,1,4.0,5,0,0,0,0,5,0.0,1.91375,0.028833333333333332,0,0,0,0,4,3,3,5215,12364,1.25,0,0,0,3,1,powershell_attack,EXECUTION
POWERSHELL_ATTACK-0011,WIN-ARGUS-011,2,10,3,3,4,1,1,4.0,4,0,0,0,0,4,0.0,1.7993000000000001,0.0204,0,0,0,0,3,2,2,6818,7277,2.3333333333333335,0,0,0,3,1,powershell_attack,EXECUTION
POWERSHELL_ATTACK-0011,WIN-ARGUS-011,3,11,3,3,5,1,1,4.0,4,0,0,0,0,4,0.0,1.8654545454545455,0.016,0,0,0,0,4,3,2,8741,7535,2.75,0,0,0,3,1,powershell_attack,EXECUTION
POWERSHELL_ATTACK-0011,WIN-ARGUS-011,4,10,3,3,5,1,1,4.0,3,0,0,0,0,3,0.0,1.2122,0.019,0,0,0,0,4,2,3,9825,8552,2.25,0,0,0,3,1,powershell_attack,EXECUTION
POWERSHELL_ATTACK-0011,WIN-ARGUS-011,5,10,3,3,3,1,1,4.0,5,0,0,0,0,5,0.0,2.379,0.031,0,0,0,0,2,1,2,7651,5895,5.5,0,0,0,3,1,powershell_attack,EXECUTION
POWERSHELL_ATTACK-0012,WIN-ARGUS-012,0,11,3,3,4,1,1,4.0,5,0,0,0,0,5,0.0,1.915090909090909,0.03409090909090909,0,0,0,0,3,2,2,6299,12602,1.3333333333333333,0,0,0,3,1,powershell_attack,EXECUTION
POWERSHELL_ATTACK-0012,WIN-ARGUS-012,1,10,3,3,4,1,1,4.0,4,0,0,0,0,4,0.0,1.7971,0.0299,0,0,0,0,3,2,2,8333,10389,5.666666666666667,0,0,0,3,1,powershell_attack,EXECUTION
POWERSHELL_ATTACK-0012,WIN-ARGUS-012,2,12,3,3,6,1,1,4.0,4,0,0,0,0,4,0.0,1.8390833333333332,0.017416666666666667,0,0,0,0,5,3,3,12097,12564,3.2,0,0,0,3,1,powershell_attack,EXECUTION
POWERSHELL_ATTACK-0012,WIN-ARGUS-012,3,9,3,3,5,1,1,4.0,2,0,0,0,0,2,0.0,1.0785555555555557,0.014555555555555556,0,0,0,0,4,2,3,9754,7720,3.25,0,0,0,3,1,powershell_attack,EXECUTION
POWERSHELL_ATTACK-0012,WIN-ARGUS-012,4,10,3,3,5,1,1,4.0,3,0,0,0,0,3,0.0,1.6423999999999999,0.0407,0,0,0,0,4,3,2,13515,6781,3.75,0,0,0,3,1,powershell_attack,EXECUTION
POWERSHELL_ATTACK-0012,WIN-ARGUS-012,5,12,3,3,5,1,1,4.0,5,0,0,0,0,5,0.0,1.9155833333333334,0.034083333333333334,0,0,0,0,4,3,1,16719,5543,3.5,0,0,0,3,1,powershell_attack,EXECUTION
POWERSHELL_ATTACK-0013,WIN-ARGUS-013,0,9,3,3,5,1,1,4.0,2,0,0,0,0,2,0.0,1.1568888888888889,0.013444444444444445,0,0,0,0,4,3,3,10404,7521,3.5,0,0,0,3,1,powershell_attack,EXECUTION
POWERSHELL_ATTACK-0013,WIN-ARGUS-013,1,10,3,3,5,1,1,4.0,3,0,0,0,0,3,0.0,1.4532,0.019700000000000002,0,0,0,0,4,3,3,11898,9718,4.5,0,0,0,3,1,powershell_attack,EXECUTION
POWERSHELL_ATTACK-0013,WIN-ARGUS-013,2,11,3,3,5,1,1,4.0,4,0,0,0,0,4,0.0,2.0186363636363636,0.025454545454545455,0,0,0,0,4,3,3,13264,7230,3.25,0,0,0,3,1,powershell_attack,EXECUTION
POWERSHELL_ATTACK-0013,WIN-ARGUS-013,3,10,3,3,4,1,1,4.0,4,0,0,0,0,4,0.0,1.9019,0.028399999999999998,0,0,0,0,3,2,2,7992,6350,3.0,0,0,0,3,1,powershell_attack,EXECUTION
POWERSHELL_ATTACK-0013,WIN-ARGUS-013,4,10,3,3,3,1,1,4.0,5,0,0,0,0,5,0.0,2.4945,0.046700000000000005,0,0,0,0,2,2,2,4813,6012,3.0,0,0,0,3,1,powershell_attack,EXECUTION
POWERSHELL_ATTACK-0013,WIN-ARGUS-013,5,12,3,3,5,1,1,4.0,5,0,0,0,0,5,0.0,1.969833333333333,0.03766666666666667,0,0,0,0,4,1,3,5550,8833,2.75,0,0,0,3,1,powershell_attack,EXECUTION
POWERSHELL_ATTACK-0014,WIN-ARGUS-014,0,9,3,3,3,1,1,4.0,4,0,0,0,0,4,0.0,2.0517777777777777,0.034444444444444444,0,0,0,0,2,1,2,5970,3931,6.0,0,0,0,3,1,powershell_attack,EXECUTION
POWERSHELL_ATTACK-0014,WIN-ARGUS-014,1,9,3,3,4,1,1,4.0,3,0,0,0,0,3,0.0,1.5276666666666665,0.027333333333333334,0,0,0,0,3,3,2,7645,6203,4.333333333333333,0,0,0,3,1,powershell_attack,EXECUTION
POWERSHELL_ATTACK-0014,WIN-ARGUS-014,2,12,3,3,6,1,1,4.0,4,0,0,0,0,4,0.0,1.8461666666666667,0.03416666666666667,0,0,0,0,5,3,3,11139,11781,3.0,0,0,0,3,1,powershell_attack,EXECUTION
POWERSHELL_ATTACK-0014,WIN-ARGUS-014,3,11,3,3,5,1,1,4.0,4,0,0,0,0,4,0.0,1.7339090909090908,0.02372727272727273,0,0,0,0,4,3,3,11273,12320,1.75,0,0,0,3,1,powershell_attack,EXECUTION
POWERSHELL_ATTACK-0014,WIN-ARGUS-014,4,10,3,3,6,1,1,4.0,2,0,0,0,0,2,0.0,1.0632000000000001,0.016300000000000002,0,0,0,0,5,3,3,6928,15010,3.8,0,0,0,3,1,powershell_attack,EXECUTION
POWERSHELL_ATTACK-0014,WIN-ARGUS-014,5,10,3,3,6,1,1,4.0,2,0,0,0,0,2,0.0,0.9698,0.017499999999999998,0,0,0,0,5,2,3,15318,13055,2.8,0,0,0,3,1,powershell_attack,EXECUTION
POWERSHELL_ATTACK-0015,WIN-ARGUS-015,0,8,3,3,3,1,1,4.0,3,0,0,0,0,3,0.0,1.9412500000000001,0.030125,0,0,0,0,2,1,2,6484,6219,2.0,0,0,0,3,1,powershell_attack,EXECUTION
POWERSHELL_ATTACK-0015,WIN-ARGUS-015,1,11,3,3,4,1,1,4.0,5,0,0,0,0,5,0.0,2.2444545454545453,0.021181818181818184,0,0,0,0,3,3,2,8472,4454,1.3333333333333333,0,0,0,3,1,powershell_attack,EXECUTION
POWERSHELL_ATTACK-0015,WIN-ARGUS-015,2,10,3,3,4,1,1,4.0,4,0,0,0,0,4,0.0,2.3316,0.023399999999999997,0,0,0,0,3,2,3,6785,6281,1.0,0,0,0,3,1,powershell_attack,EXECUTION
POWERSHELL_ATTACK-0015,WIN-ARGUS-015,3,11,3,3,6,1,1,4.0,3,0,0,0,0,3,0.0,1.0843636363636364,0.02372727272727273,0,0,0,0,5,3,2,14841,5493,2.4,0,0,0,3,1,powershell_attack,EXECUTION
POWERSHELL_ATTACK-0015,WIN-ARGUS-015,4,7,3,3,3,1,1,4.0,2,0,0,0,0,2,0.0,1.420142857142857,0.03271428571428572,0,0,0,0,2,1,2,5296,6325,1.0,0,0,0,3,1,powershell_attack,EXECUTION
POWERSHELL_ATTACK-0015,WIN-ARGUS-015,5,9,3,3,4,1,1,4.0,3,0,0,0,0,3,0.0,1.6464444444444444,0.04033333333333333,0,0,0,0,3,2,2,6250,9138,2.3333333333333335,0,0,0,3,1,powershell_attack,EXECUTION
POWERSHELL_ATTACK-0016,WIN-ARGUS-016,0,8,3,3,4,1,1,4.0,2,0,0,0,0,2,0.0,1.2767499999999998,0.027875000000000004,0,0,0,0,3,2,2,9274,7312,1.0,0,0,0,3,1,powershell_attack,EXECUTION
POWERSHELL_ATTACK-0016,WIN-ARGUS-016,1,9,3,3,4,1,1,4.0,3,0,0,0,0,3,0.0,1.5903333333333332,0.03277777777777778,0,0,0,0,3,2,2,11418,3558,4.0,0,0,0,3,1,powershell_attack,EXECUTION
POWERSHELL_ATTACK-0016,WIN-ARGUS-016,2,12,3,3,5,1,1,4.0,5,0,0,0,0,5,0.0,2.150916666666667,0.0365,0,0,0,0,4,3,2,11200,9888,2.75,0,0,0,3,1,powershell_attack,EXECUTION
POWERSHELL_ATTACK-0016,WIN-ARGUS-016,3,11,3,3,4,1,1,4.0,5,0,0,0,0,5,0.0,2.2642727272727274,0.033363636363636366,0,0,0,0,3,2,1,10069,9547,3.0,0,0,0,3,1,powershell_attack,EXECUTION
POWERSHELL_ATTACK-0016,WIN-ARGUS-016,4,11,3,3,4,1,1,4.0,5,0,0,0,0,5,0.0,1.904090909090909,0.035,0,0,0,0,3,2,2,10378,11374,1.3333333333333333,0,0,0,3,1,powershell_attack,EXECUTION
POWERSHELL_ATTACK-0016,WIN-ARGUS-016,5,11,3,3,5,1,1,4.0,4,0,0,0,0,4,0.0,1.6895454545454547,0.03609090909090909,0,0,0,0,4,3,2,10191,9201,4.25,0,0,0,3,1,powershell_attack,EXECUTION
POWERSHELL_ATTACK-0017,WIN-ARGUS-017,0,9,3,3,3,1,1,4.0,4,0,0,0,0,4,0.0,2.157222222222222,0.03144444444444445,0,0,0,0,2,2,2,6635,2883,0.0,0,0,0,3,1,powershell_attack,EXECUTION
POWERSHELL_ATTACK-0017,WIN-ARGUS-017,1,12,3,3,6,1,1,4.0,4,0,0,0,0,4,0.0,1.5326666666666666,0.03166666666666667,0,0,0,0,5,3,3,15421,12661,3.0,0,0,0,3,1,powershell_attack,EXECUTION
POWERSHELL_ATTACK-0017,WIN-ARGUS-017,2,9,3,3,5,1,1,4.0,2,0,0,0,0,2,0.0,0.8358888888888889,0.015000000000000001,0,0,0,0,4,2,3,3712,7564,2.75,0,0,0,3,1,powershell_attack,EXECUTION
POWERSHELL_ATTACK-0017,WIN-ARGUS-017,3,8,3,3,3,1,1,4.0,3,0,0,0,0,3,0.0,1.52325,0.031875,0,0,0,0,2,2,2,1238,2509,0.5,0,0,0,3,1,powershell_attack,EXECUTION
POWERSHELL_ATTACK-0017,WIN-ARGUS-017,4,10,3,3,6,1,1,4.0,2,0,0,0,0,2,0.0,0.9573,0.016599999999999997,0,0,0,0,5,2,3,13225,10781,3.6,0,0,0,3,1,powershell_attack,EXECUTION
POWERSHELL_ATTACK-0017,WIN-ARGUS-017,5,12,3,3,6,1,1,4.0,4,0,0,0,0,4,0.0,1.9685833333333334,0.034583333333333334,0,0,0,0,5,3,3,10268,16112,3.4,0,0,0,3,1,powershell_attack,EXECUTION
POWERSHELL_ATTACK-0018,WIN-ARGUS-018,0,11,3,3,6,1,1,4.0,3,0,0,0,0,3,0.0,1.3424545454545453,0.016727272727272726,0,0,0,0,5,2,3,11096,16166,2.2,0,0,0,3,1,powershell_attack,EXECUTION
POWERSHELL_ATTACK-0018,WIN-ARGUS-018,1,12,3,3,6,1,1,4.0,4,0,0,0,0,4,0.0,1.7984166666666666,0.0305,0,0,0,0,5,2,2,14009,10178,3.0,0,0,0,3,1,powershell_attack,EXECUTION
POWERSHELL_ATTACK-0018,WIN-ARGUS-018,2,9,3,3,5,1,1,4.0,2,0,0,0,0,2,0.0,0.8548888888888889,0.020666666666666667,0,0,0,0,4,2,3,9077,13058,3.75,0,0,0,3,1,powershell_attack,EXECUTION
POWERSHELL_ATTACK-0018,WIN-ARGUS-018,3,8,3,3,3,1,1,4.0,3,0,0,0,0,3,0.0,1.992875,0.017625000000000002,0,0,0,0,2,2,1,5480,7070,0.5,0,0,0,3,1,powershell_attack,EXECUTION
POWERSHELL_ATTACK-0018,WIN-ARGUS-018,4,8,3,3,4,1,1,4.0,2,0,0,0,0,2,0.0,1.1099999999999999,0.02125,0,0,0,0,3,2,2,8567,11123,3.3333333333333335,0,0,0,3,1,powershell_attack,EXECUTION
POWERSHELL_ATTACK-0018,WIN-ARGUS-018,5,11,3,3,5,1,1,4.0,4,0,0,0,0,4,0.0,1.6395454545454546,0.032909090909090916,0,0,0,0,4,2,3,12277,13059,3.0,0,0,0,3,1,powershell_attack,EXECUTION
POWERSHELL_ATTACK-0019,WIN-ARGUS-019,0,11,3,3,5,1,1,4.0,4,0,0,0,0,4,0.0,1.850090909090909,0.033363636363636366,0,0,0,0,4,3,2,10928,10133,4.25,0,0,0,3,1,powershell_attack,EXECUTION
POWERSHELL_ATTACK-0019,WIN-ARGUS-019,1,11,3,3,4,1,1,4.0,5,0,0,0,0,5,0.0,2.484545454545455,0.04990909090909091,0,0,0,0,3,1,3,10636,4946,1.3333333333333333,0,0,0,3,1,powershell_attack,EXECUTION
POWERSHELL_ATTACK-0019,WIN-ARGUS-019,2,7,3,3,3,1,1,4.0,2,0,0,0,0,2,0.0,1.3578571428571427,0.037,0,0,0,0,2,1,2,6186,3541,1.0,0,0,0,3,1,powershell_attack,EXECUTION
POWERSHELL_ATTACK-0019,WIN-ARGUS-019,3,12,3,3,5,1,1,4.0,5,0,0,0,0,5,0.0,1.8244999999999998,0.0315,0,0,0,0,4,2,2,11745,12643,4.5,0,0,0,3,1,powershell_attack,EXECUTION
POWERSHELL_ATTACK-0019,WIN-ARGUS-019,4,10,3,3,4,1,1,4.0,4,0,0,0,0,4,0.0,2.183,0.0198,0,0,0,0,3,2,2,7269,5514,0.6666666666666666,0,0,0,3,1,powershell_attack,EXECUTION
POWERSHELL_ATTACK-0019,WIN-ARGUS-019,5,9,3,3,5,1,1,4.0,2,0,0,0,0,2,0.0,1.2024444444444444,0.020555555555555556,0,0,0,0,4,3,3,5300,8243,3.5,0,0,0,3,1,powershell_attack,EXECUTION
POWERSHELL_ATTACK-0020,WIN-ARGUS-020,0,13,3,3,6,1,1,4.0,5,0,0,0,0,5,0.0,1.984846153846154,0.03523076923076923,0,0,0,0,5,3,3,14629,15226,1.6,0,0,0,3,1,powershell_attack,EXECUTION
POWERSHELL_ATTACK-0020,WIN-ARGUS-020,1,12,3,3,6,1,1,4.0,4,0,0,0,0,4,0.0,1.6076666666666668,0.03233333333333334,0,0,0,0,5,2,2,12254,10603,1.6,0,0,0,3,1,powershell_attack,EXECUTION
POWERSHELL_ATTACK-0020,WIN-ARGUS-020,2,7,3,3,3,1,1,4.0,2,0,0,0,0,2,0.0,1.4092857142857143,0.029285714285714286,0,0,0,0,2,2,2,8357,5684,1.0,0,0,0,3,1,powershell_attack,EXECUTION
POWERSHELL_ATTACK-0020,WIN-ARGUS-020,3,12,3,3,5,1,1,4.0,5,0,0,0,0,5,0.0,2.177,0.02575,0,0,0,0,4,3,1,8970,13260,4.0,0,0,0,3,1,powershell_attack,EXECUTION
POWERSHELL_ATTACK-0020,WIN-ARGUS-020,4,10,3,3,6,1,1,4.0,2,0,0,0,0,2,0.0,0.8672000000000001,0.0089,0,0,0,0,5,2,3,11961,15631,3.2,0,0,0,3,1,powershell_attack,EXECUTION
POWERSHELL_ATTACK-0020,WIN-ARGUS-020,5,12,3,3,5,1,1,4.0,5,0,0,0,0,5,0.0,1.969666666666667,0.025916666666666668,0,0,0,0,4,2,2,7622,12112,2.5,0,0,0,3,1,powershell_attack,EXECUTION
POWERSHELL_ATTACK-0021,WIN-ARGUS-021,0,9,3,3,5,1,1,4.0,2,0,0,0,0,2,0.0,1.1152222222222221,0.010555555555555556,0,0,0,0,4,2,2,11768,14205,3.0,0,0,0,3,1,powershell_attack,EXECUTION
POWERSHELL_ATTACK-0021,WIN-ARGUS-021,1,10,3,3,3,1,1,4.0,5,0,0,0,0,5,0.0,2.4213,0.0455,0,0,0,0,2,2,2,4470,4051,1.5,0,0,0,3,1,powershell_attack,EXECUTION
POWERSHELL_ATTACK-0021,WIN-ARGUS-021,2,8,3,3,4,1,1,4.0,2,0,0,0,0,2,0.0,1.353125,0.016,0,0,0,0,3,3,2,12419,12172,5.0,0,0,0,3,1,powershell_attack,EXECUTION
POWERSHELL_ATTACK-0021,WIN-ARGUS-021,3,12,3,3,5,1,1,4.0,5,0,0,0,0,5,0.0,2.3253333333333335,0.029249999999999998,0,0,0,0,4,3,3,12102,6284,4.75,0,0,0,3,1,powershell_attack,EXECUTION
POWERSHELL_ATTACK-0021,WIN-ARGUS-021,4,11,3,3,6,1,1,4.0,3,0,0,0,0,3,0.0,1.2814545454545454,0.01990909090909091,0,0,0,0,5,3,3,12518,11839,1.8,0,0,0,3,1,powershell_attack,EXECUTION
POWERSHELL_ATTACK-0021,WIN-ARGUS-021,5,7,3,3,3,1,1,4.0,2,0,0,0,0,2,0.0,1.3754285714285714,0.04028571428571429,0,0,0,0,2,2,2,4762,6213,1.0,0,0,0,3,1,powershell_attack,EXECUTION
POWERSHELL_ATTACK-0022,WIN-ARGUS-022,0,12,3,3,5,1,1,4.0,5,0,0,0,0,5,0.0,1.9238333333333333,0.03175,0,0,0,0,4,2,3,16483,9865,4.75,0,0,0,3,1,powershell_attack,EXECUTION
POWERSHELL_ATTACK-0022,WIN-ARGUS-022,1,11,3,3,6,1,1,4.0,3,0,0,0,0,3,0.0,1.2982727272727272,0.009181818181818182,0,0,0,0,5,3,3,13887,15348,3.6,0,0,0,3,1,powershell_attack,EXECUTION
POWERSHELL_ATTACK-0022,WIN-ARGUS-022,2,8,3,3,4,1,1,4.0,2,0,0,0,0,2,0.0,1.315625,0.025625000000000002,0,0,0,0,3,2,2,8192,9465,5.333333333333333,0,0,0,3,1,powershell_attack,EXECUTION
POWERSHELL_ATTACK-0022,WIN-ARGUS-022,3,9,3,3,4,1,1,4.0,3,0,0,0,0,3,0.0,1.729111111111111,0.03266666666666667,0,0,0,0,3,3,3,7066,6354,5.0,0,0,0,3,1,powershell_attack,EXECUTION
POWERSHELL_ATTACK-0022,WIN-ARGUS-022,4,11,3,3,5,1,1,4.0,4,0,0,0,0,4,0.0,1.8356363636363637,0.024363636363636365,0,0,0,0,4,3,3,5876,6839,2.75,0,0,0,3,1,powershell_attack,EXECUTION
POWERSHELL_ATTACK-0022,WIN-ARGUS-022,5,8,3,3,4,1,1,4.0,2,0,0,0,0,2,0.0,1.2655,0.0235,0,0,0,0,3,3,2,3150,7835,6.0,0,0,0,3,1,powershell_attack,EXECUTION
POWERSHELL_ATTACK-0023,WIN-ARGUS-023,0,8,3,3,4,1,1,4.0,2,0,0,0,0,2,0.0,1.154875,0.009000000000000001,0,0,0,0,3,2,1,8847,10214,3.6666666666666665,0,0,0,3,1,powershell_attack,EXECUTION
POWERSHELL_ATTACK-0023,WIN-ARGUS-023,1,9,3,3,4,1,1,4.0,3,0,0,0,0,3,0.0,1.7972222222222223,0.030888888888888893,0,0,0,0,3,2,2,7693,11942,3.0,0,0,0,3,1,powershell_attack,EXECUTION
POWERSHELL_ATTACK-0023,WIN-ARGUS-023,2,9,3,3,3,1,1,4.0,4,0,0,0,0,4,0.0,2.4578888888888892,0.04655555555555556,0,0,0,0,2,2,2,2861,5971,2.5,0,0,0,3,1,powershell_attack,EXECUTION
POWERSHELL_ATTACK-0023,WIN-ARGUS-023,3,10,3,3,4,1,1,4.0,4,0,0,0,0,4,0.0,1.739,0.0383,0,0,0,0,3,3,2,5343,9223,6.333333333333333,0,0,0,3,1,powershell_attack,EXECUTION
POWERSHELL_ATTACK-0023,WIN-ARGUS-023,4,11,3,3,5,1,1,4.0,4,0,0,0,0,4,0.0,1.5921818181818181,0.006636363636363637,0,0,0,0,4,2,2,9810,6132,4.0,0,0,0,3,1,powershell_attack,EXECUTION
POWERSHELL_ATTACK-0023,WIN-ARGUS-023,5,12,3,3,6,1,1,4.0,4,0,0,0,0,4,0.0,1.6824166666666667,0.013666666666666667,0,0,0,0,5,2,2,10851,13019,3.4,0,0,0,3,1,powershell_attack,EXECUTION
POWERSHELL_ATTACK-0024,WIN-ARGUS-024,0,8,3,3,3,1,1,4.0,3,0,0,0,0,3,0.0,1.522125,0.032625,0,0,0,0,2,2,2,4716,4439,1.0,0,0,0,3,1,powershell_attack,EXECUTION
POWERSHELL_ATTACK-0024,WIN-ARGUS-024,1,10,3,3,5,1,1,4.0,3,0,0,0,0,3,0.0,1.5840999999999998,0.033800000000000004,0,0,0,0,4,2,2,8999,7866,2.25,0,0,0,3,1,powershell_attack,EXECUTION
POWERSHELL_ATTACK-0024,WIN-ARGUS-024,2,9,3,3,5,1,1,4.0,2,0,0,0,0,2,0.0,1.027111111111111,0.01833333333333333,0,0,0,0,4,2,2,14172,13291,4.75,0,0,0,3,1,powershell_attack,EXECUTION
POWERSHELL_ATTACK-0024,WIN-ARGUS-024,3,12,3,3,6,1,1,4.0,4,0,0,0,0,4,0.0,1.9035,0.0135,0,0,0,0,5,2,3,10144,11433,1.2,0,0,0,3,1,powershell_attack,EXECUTION
POWERSHELL_ATTACK-0024,WIN-ARGUS-024,4,13,3,3,6,1,1,4.0,5,0,0,0,0,5,0.0,1.8545384615384617,0.03230769230769231,0,0,0,0,5,3,3,10902,7866,3.4,0,0,0,3,1,powershell_attack,EXECUTION
POWERSHELL_ATTACK-0024,WIN-ARGUS-024,5,10,3,3,6,1,1,4.0,2,0,0,0,0,2,0.0,1.0971,0.015400000000000002,0,0,0,0,5,2,2,15716,16167,3.8,0,0,0,3,1,powershell_attack,EXECUTION
POWERSHELL_ATTACK-0025,WIN-ARGUS-025,0,9,3,3,5,1,1,4.0,2,0,0,0,0,2,0.0,1.0907777777777778,0.008888888888888889,0,0,0,0,4,3,1,5870,9779,2.5,0,0,0,3,1,powershell_attack,EXECUTION
POWERSHELL_ATTACK-0025,WIN-ARGUS-025,1,11,3,3,6,1,1,4.0,3,0,0,0,0,3,0.0,1.4497272727272728,0.024545454545454547,0,0,0,0,5,2,3,18351,12406,2.2,0,0,0,3,1,powershell_attack,EXECUTION
POWERSHELL_ATTACK-0025,WIN-ARGUS-025,2,9,3,3,5,1,1,4.0,2,0,0,0,0,2,0.0,0.873,0.013333333333333334,0,0,0,0,4,2,3,7217,13008,3.75,0,0,0,3,1,powershell_attack,EXECUTION
POWERSHELL_ATTACK-0025,WIN-ARGUS-025,3,11,3,3,6,1,1,4.0,3,0,0,0,0,3,0.0,1.1655454545454544,0.026000000000000002,0,0,0,0,5,3,2,10635,11615,2.8,0,0,0,3,1,powershell_attack,EXECUTION
POWERSHELL_ATTACK-0025,WIN-ARGUS-025,4,12,3,3,6,1,1,4.0,4,0,0,0,0,4,0.0,1.6750833333333333,0.017083333333333336,0,0,0,0,5,2,3,12281,8807,2.4,0,0,0,3,1,powershell_attack,EXECUTION
POWERSHELL_ATTACK-0025,WIN-ARGUS-025,5,10,3,3,6,1,1,4.0,2,0,0,0,0,2,0.0,0.9959,0.014300000000000002,0,0,0,0,5,3,3,8315,13951,2.4,0,0,0,3,1,powershell_attack,EXECUTION
POWERSHELL_ATTACK-0026,WIN-ARGUS-026,0,11,3,3,4,1,1,4.0,5,0,0,0,0,5,0.0,2.544636363636364,0.040818181818181816,0,0,0,0,3,2,2,8287,10434,5.333333333333333,0,0,0,3,1,powershell_attack,EXECUTION
POWERSHELL_ATTACK-0026,WIN-ARGUS-026,1,10,3,3,4,1,1,4.0,4,0,0,0,0,4,0.0,1.9187,0.0313,0,0,0,0,3,2,2,5641,6628,2.3333333333333335,0,0,0,3,1,powershell_attack,EXECUTION
POWERSHELL_ATTACK-0026,WIN-ARGUS-026,2,8,3,3,3,1,1,4.0,3,0,0,0,0,3,0.0,1.9285,0.021625,0,0,0,0,2,2,1,4579,4264,5.5,0,0,0,3,1,powershell_attack,EXECUTION
POWERSHELL_ATTACK-0026,WIN-ARGUS-026,3,11,3,3,5,1,1,4.0,4,0,0,0,0,4,0.0,1.7635454545454545,0.032818181818181816,0,0,0,0,4,3,3,13510,11882,4.75,0,0,0,3,1,powershell_attack,EXECUTION
POWERSHELL_ATTACK-0026,WIN-ARGUS-026,4,7,3,3,3,1,1,4.0,2,0,0,0,0,2,0.0,1.3014285714285714,0.026285714285714284,0,0,0,0,2,1,1,6502,3196,8.0,0,0,0,3,1,powershell_attack,EXECUTION
POWERSHELL_ATTACK-0026,WIN-ARGUS-026,5,10,3,3,4,1,1,4.0,4,0,0,0,0,4,0.0,1.9178000000000002,0.0503,0,0,0,0,3,2,2,7419,5801,3.0,0,0,0,3,1,powershell_attack,EXECUTION
POWERSHELL_ATTACK-0027,WIN-ARGUS-027,0,11,3,3,5,1,1,4.0,4,0,0,0,0,4,0.0,1.8228181818181817,0.02390909090909091,0,0,0,0,4,3,2,14554,10946,4.25,0,0,0,3,1,powershell_attack,EXECUTION
POWERSHELL_ATTACK-0027,WIN-ARGUS-027,1,11,3,3,6,1,1,4.0,3,0,0,0,0,3,0.0,1.1036363636363637,0.014363636363636363,0,0,0,0,5,3,3,11775,13575,2.2,0,0,0,3,1,powershell_attack,EXECUTION
POWERSHELL_ATTACK-0027,WIN-ARGUS-027,2,8,3,3,3,1,1,4.0,3,0,0,0,0,3,0.0,2.01825,0.017875000000000002,0,0,0,0,2,2,2,3934,3528,8.0,0,0,0,3,1,powershell_attack,EXECUTION
POWERSHELL_ATTACK-0027,WIN-ARGUS-027,3,10,3,3,4,1,1,4.0,4,0,0,0,0,4,0.0,1.5920999999999998,0.0354,0,0,0,0,3,2,3,5691,7313,4.0,0,0,0,3,1,powershell_attack,EXECUTION
POWERSHELL_ATTACK-0027,WIN-ARGUS-027,4,9,3,3,5,1,1,4.0,2,0,0,0,0,2,0.0,1.1614444444444443,0.030111111111111113,0,0,0,0,4,3,2,11342,12291,3.5,0,0,0,3,1,powershell_attack,EXECUTION
POWERSHELL_ATTACK-0027,WIN-ARGUS-027,5,9,3,3,5,1,1,4.0,2,0,0,0,0,2,0.0,1.206888888888889,0.009888888888888888,0,0,0,0,4,3,2,12095,7187,4.75,0,0,0,3,1,powershell_attack,EXECUTION
POWERSHELL_ATTACK-0028,WIN-ARGUS-028,0,8,3,3,3,1,1,4.0,3,0,0,0,0,3,0.0,1.760875,0.0285,0,0,0,0,2,2,2,8006,2205,5.5,0,0,0,3,1,powershell_attack,EXECUTION
POWERSHELL_ATTACK-0028,WIN-ARGUS-028,1,9,3,3,4,1,1,4.0,3,0,0,0,0,3,0.0,1.8276666666666666,0.03366666666666667,0,0,0,0,3,2,3,3351,6984,3.0,0,0,0,3,1,powershell_attack,EXECUTION
POWERSHELL_ATTACK-0028,WIN-ARGUS-028,2,11,3,3,6,1,1,4.0,3,0,0,0,0,3,0.0,1.4125454545454545,0.024909090909090912,0,0,0,0,5,3,3,13984,13875,0.6,0,0,0,3,1,powershell_attack,EXECUTION
POWERSHELL_ATTACK-0028,WIN-ARGUS-028,3,7,3,3,3,1,1,4.0,2,0,0,0,0,2,0.0,1.4928571428571427,0.02357142857142857,0,0,0,0,2,2,1,4683,2619,1.5,0,0,0,3,1,powershell_attack,EXECUTION
POWERSHELL_ATTACK-0028,WIN-ARGUS-028,4,10,3,3,5,1,1,4.0,3,0,0,0,0,3,0.0,1.2651999999999999,0.0269,0,0,0,0,4,2,2,11982,10764,1.75,0,0,0,3,1,powershell_attack,EXECUTION
POWERSHELL_ATTACK-0028,WIN-ARGUS-028,5,7,3,3,3,1,1,4.0,2,0,0,0,0,2,0.0,1.7419999999999998,0.013857142857142858,0,0,0,0,2,2,2,7917,2042,3.5,0,0,0,3,1,powershell_attack,EXECUTION
POWERSHELL_ATTACK-0029,WIN-ARGUS-029,0,9,3,3,5,1,1,4.0,2,0,0,0,0,2,0.0,0.9956666666666667,0.029777777777777778,0,0,0,0,4,3,3,11244,9199,2.25,0,0,0,3,1,powershell_attack,EXECUTION
POWERSHELL_ATTACK-0029,WIN-ARGUS-029,1,10,3,3,4,1,1,4.0,4,0,0,0,0,4,0.0,1.8415,0.0354,0,0,0,0,3,2,1,7060,7811,3.0,0,0,0,3,1,powershell_attack,EXECUTION
POWERSHELL_ATTACK-0029,WIN-ARGUS-029,2,12,3,3,6,1,1,4.0,4,0,0,0,0,4,0.0,1.73275,0.023500000000000004,0,0,0,0,5,3,2,8788,16231,3.0,0,0,0,3,1,powershell_attack,EXECUTION
POWERSHELL_ATTACK-0029,WIN-ARGUS-029,3,10,3,3,5,1,1,4.0,3,0,0,0,0,3,0.0,1.3488000000000002,0.0083,0,0,0,0,4,3,2,13611,13986,2.5,0,0,0,3,1,powershell_attack,EXECUTION
POWERSHELL_ATTACK-0029,WIN-ARGUS-029,4,9,3,3,5,1,1,4.0,2,0,0,0,0,2,0.0,1.0934444444444444,0.027666666666666666,0,0,0,0,4,3,2,12162,13940,3.5,0,0,0,3,1,powershell_attack,EXECUTION
POWERSHELL_ATTACK-0029,WIN-ARGUS-029,5,9,3,3,4,1,1,4.0,3,0,0,0,0,3,0.0,1.5972222222222223,0.029666666666666668,0,0,0,0,3,2,2,4940,7003,3.0,0,0,0,3,1,powershell_attack,EXECUTION
POWERSHELL_ATTACK-0030,WIN-ARGUS-030,0,10,3,3,3,1,1,4.0,5,0,0,0,0,5,0.0,2.29,0.045200000000000004,0,0,0,0,2,2,2,1012,5162,6.0,0,0,0,3,1,powershell_attack,EXECUTION
POWERSHELL_ATTACK-0030,WIN-ARGUS-030,1,8,3,3,4,1,1,4.0,2,0,0,0,0,2,0.0,1.0986250000000002,0.01575,0,0,0,0,3,2,2,6400,5896,6.0,0,0,0,3,1,powershell_attack,EXECUTION
POWERSHELL_ATTACK-0030,WIN-ARGUS-030,2,9,3,3,3,1,1,4.0,4,0,0,0,0,4,0.0,2.290111111111111,0.05877777777777778,0,0,0,0,2,2,2,4422,4537,5.5,0,0,0,3,1,powershell_attack,EXECUTION
POWERSHELL_ATTACK-0030,WIN-ARGUS-030,3,10,3,3,3,1,1,4.0,5,0,0,0,0,5,0.0,2.5174,0.0398,0,0,0,0,2,2,1,6931,6146,9.5,0,0,0,3,1,powershell_attack,EXECUTION
POWERSHELL_ATTACK-0030,WIN-ARGUS-030,4,10,3,3,4,1,1,4.0,4,0,0,0,0,4,0.0,1.8514,0.0261,0,0,0,0,3,3,1,7717,9181,5.666666666666667,0,0,0,3,1,powershell_attack,EXECUTION
POWERSHELL_ATTACK-0030,WIN-ARGUS-030,5,8,3,3,3,1,1,4.0,3,0,0,0,0,3,0.0,1.708125,0.0225,0,0,0,0,2,2,2,6460,2713,8.0,0,0,0,3,1,powershell_attack,EXECUTION
POWERSHELL_ATTACK-0031,WIN-ARGUS-031,0,9,3,3,4,1,1,4.0,3,0,0,0,0,3,0.0,1.4785555555555554,0.018,0,0,0,0,3,2,2,2936,10838,4.666666666666667,0,0,0,3,1,powershell_attack,EXECUTION
POWERSHELL_ATTACK-0031,WIN-ARGUS-031,1,10,3,3,4,1,1,4.0,4,0,0,0,0,4,0.0,2.0656,0.0353,0,0,0,0,3,2,2,6234,4278,4.0,0,0,0,3,1,powershell_attack,EXECUTION
POWERSHELL_ATTACK-0031,WIN-ARGUS-031,2,11,3,3,4,1,1,4.0,5,0,0,0,0,5,0.0,1.8576363636363638,0.030727272727272728,0,0,0,0,3,2,2,7122,6607,3.6666666666666665,0,0,0,3,1,powershell_attack,EXECUTION
POWERSHELL_ATTACK-0031,WIN-ARGUS-031,3,9,3,3,4,1,1,4.0,3,0,0,0,0,3,0.0,1.4486666666666668,0.02666666666666667,0,0,0,0,3,2,2,10369,3728,5.666666666666667,0,0,0,3,1,powershell_attack,EXECUTION
POWERSHELL_ATTACK-0031,WIN-ARGUS-031,4,10,3,3,4,1,1,4.0,4,0,0,0,0,4,0.0,1.7518,0.028800000000000003,0,0,0,0,3,1,2,8084,4222,3.6666666666666665,0,0,0,3,1,powershell_attack,EXECUTION
POWERSHELL_ATTACK-0031,WIN-ARGUS-031,5,10,3,3,6,1,1,4.0,2,0,0,0,0,2,0.0,1.1092,0.0204,0,0,0,0,5,3,3,13536,16382,2.0,0,0,0,3,1,powershell_attack,EXECUTION
POWERSHELL_ATTACK-0032,WIN-ARGUS-032,0,13,3,3,6,1,1,4.0,5,0,0,0,0,5,0.0,2.014923076923077,0.03338461538461539,0,0,0,0,5,3,3,11572,14902,2.6,0,0,0,3,1,powershell_attack,EXECUTION
POWERSHELL_ATTACK-0032,WIN-ARGUS-032,1,12,3,3,6,1,1,4.0,4,0,0,0,0,4,0.0,1.6265,0.030916666666666665,0,0,0,0,5,3,3,13708,11809,2.8,0,0,0,3,1,powershell_attack,EXECUTION
POWERSHELL_ATTACK-0032,WIN-ARGUS-032,2,10,3,3,5,1,1,4.0,3,0,0,0,0,3,0.0,1.522,0.022300000000000004,0,0,0,0,4,2,3,9927,12275,4.0,0,0,0,3,1,powershell_attack,EXECUTION
POWERSHELL_ATTACK-0032,WIN-ARGUS-032,3,9,3,3,5,1,1,4.0,2,0,0,0,0,2,0.0,1.1004444444444443,0.019666666666666666,0,0,0,0,4,3,2,8502,15478,3.0,0,0,0,3,1,powershell_attack,EXECUTION
POWERSHELL_ATTACK-0032,WIN-ARGUS-032,4,9,3,3,3,1,1,4.0,4,0,0,0,0,4,0.0,2.29,0.03222222222222223,0,0,0,0,2,2,2,4781,1226,4.5,0,0,0,3,1,powershell_attack,EXECUTION
POWERSHELL_ATTACK-0032,WIN-ARGUS-032,5,11,3,3,6,1,1,4.0,3,0,0,0,0,3,0.0,1.2746363636363638,0.03145454545454545,0,0,0,0,5,3,3,11744,9739,2.8,0,0,0,3,1,powershell_attack,EXECUTION
POWERSHELL_ATTACK-0033,WIN-ARGUS-033,0,8,3,3,3,1,1,4.0,3,0,0,0,0,3,0.0,1.8566250000000002,0.035500000000000004,0,0,0,0,2,2,2,1393,1291,7.0,0,0,0,3,1,powershell_attack,EXECUTION
POWERSHELL_ATTACK-0033,WIN-ARGUS-033,1,7,3,3,3,1,1,4.0,2,0,0,0,0,2,0.0,1.6878571428571427,0.011571428571428571,0,0,0,0,2,2,1,3948,6320,3.5,0,0,0,3,1,powershell_attack,EXECUTION
POWERSHELL_ATTACK-0033,WIN-ARGUS-033,2,7,3,3,3,1,1,4.0,2,0,0,0,0,2,0.0,1.3842857142857146,0.010571428571428574,0,0,0,0,2,2,2,5085,5231,3.5,0,0,0,3,1,powershell_attack,EXECUTION
POWERSHELL_ATTACK-0033,WIN-ARGUS-033,3,12,3,3,5,1,1,4.0,5,0,0,0,0,5,0.0,1.8316666666666668,0.04158333333333333,0,0,0,0,4,2,3,11747,10371,4.0,0,0,0,3,1,powershell_attack,EXECUTION
POWERSHELL_ATTACK-0033,WIN-ARGUS-033,4,7,3,3,3,1,1,4.0,2,0,0,0,0,2,0.0,1.0858571428571429,0.02342857142857143,0,0,0,0,2,1,2,4922,5638,2.0,0,0,0,3,1,powershell_attack,EXECUTION
POWERSHELL_ATTACK-0033,WIN-ARGUS-033,5,10,3,3,4,1,1,4.0,4,0,0,0,0,4,0.0,1.8785,0.0324,0,0,0,0,3,1,2,6055,11307,5.0,0,0,0,3,1,powershell_attack,EXECUTION
POWERSHELL_ATTACK-0034,WIN-ARGUS-034,0,9,3,3,3,1,1,4.0,4,0,0,0,0,4,0.0,2.135,0.02333333333333333,0,0,0,0,2,2,1,7869,5982,5.0,0,0,0,3,1,powershell_attack,EXECUTION
POWERSHELL_ATTACK-0034,WIN-ARGUS-034,1,9,3,3,4,1,1,4.0,3,0,0,0,0,3,0.0,1.729222222222222,0.019666666666666666,0,0,0,0,3,1,2,10562,11055,6.0,0,0,0,3,1,powershell_attack,EXECUTION
POWERSHELL_ATTACK-0034,WIN-ARGUS-034,2,11,3,3,6,1,1,4.0,3,0,0,0,0,3,0.0,1.3581818181818182,0.01927272727272727,0,0,0,0,5,3,3,18892,13421,3.2,0,0,0,3,1,powershell_attack,EXECUTION
POWERSHELL_ATTACK-0034,WIN-ARGUS-034,3,7,3,3,3,1,1,4.0,2,0,0,0,0,2,0.0,1.2131428571428573,0.010571428571428574,0,0,0,0,2,2,1,4337,7496,2.5,0,0,0,3,1,powershell_attack,EXECUTION
POWERSHELL_ATTACK-0034,WIN-ARGUS-034,4,8,3,3,4,1,1,4.0,2,0,0,0,0,2,0.0,1.231625,0.021875,0,0,0,0,3,2,2,6738,8246,1.3333333333333333,0,0,0,3,1,powershell_attack,EXECUTION
POWERSHELL_ATTACK-0034,WIN-ARGUS-034,5,10,3,3,4,1,1,4.0,4,0,0,0,0,4,0.0,1.8527999999999998,0.0329,0,0,0,0,3,2,2,4877,6389,2.6666666666666665,0,0,0,3,1,powershell_attack,EXECUTION
POWERSHELL_ATTACK-0035,WIN-ARGUS-035,0,8,3,3,3,1,1,4.0,3,0,0,0,0,3,0.0,1.7088750000000001,0.02675,0,0,0,0,2,2,1,4680,5706,1.5,0,0,0,3,1,powershell_attack,EXECUTION
POWERSHELL_ATTACK-0035,WIN-ARGUS-035,1,8,3,3,3,1,1,4.0,3,0,0,0,0,3,0.0,1.8752499999999999,0.035625000000000004,0,0,0,0,2,2,2,3012,6502,2.0,0,0,0,3,1,powershell_attack,EXECUTION
POWERSHELL_ATTACK-0035,WIN-ARGUS-035,2,9,3,3,3,1,1,4.0,4,0,0,0,0,4,0.0,2.0873333333333335,0.025,0,0,0,0,2,1,2,3076,1404,3.5,0,0,0,3,1,powershell_attack,EXECUTION
POWERSHELL_ATTACK-0035,WIN-ARGUS-035,3,11,3,3,6,1,1,4.0,3,0,0,0,0,3,0.0,1.4658181818181817,0.02109090909090909,0,0,0,0,5,3,3,11594,13355,3.4,0,0,0,3,1,powershell_attack,EXECUTION
POWERSHELL_ATTACK-0035,WIN-ARGUS-035,4,7,3,3,3,1,1,4.0,2,0,0,0,0,2,0.0,1.4109999999999998,0.01657142857142857,0,0,0,0,2,1,2,3799,6753,6.5,0,0,0,3,1,powershell_attack,EXECUTION
POWERSHELL_ATTACK-0035,WIN-ARGUS-035,5,13,3,3,6,1,1,4.0,5,0,0,0,0,5,0.0,1.9686153846153844,0.03353846153846154,0,0,0,0,5,3,3,18657,6334,2.8,0,0,0,3,1,powershell_attack,EXECUTION
POWERSHELL_ATTACK-0036,WIN-ARGUS-036,0,9,3,3,5,1,1,4.0,2,0,0,0,0,2,0.0,1.2154444444444445,0.02188888888888889,0,0,0,0,4,2,2,10901,12140,2.75,0,0,0,3,1,powershell_attack,EXECUTION
POWERSHELL_ATTACK-0036,WIN-ARGUS-036,1,10,3,3,3,1,1,4.0,5,0,0,0,0,5,0.0,2.6441,0.038,0,0,0,0,2,2,2,9132,9501,1.0,0,0,0,3,1,powershell_attack,EXECUTION
POWERSHELL_ATTACK-0036,WIN-ARGUS-036,2,9,3,3,4,1,1,4.0,3,0,0,0,0,3,0.0,1.7540000000000002,0.033666666666666664,0,0,0,0,3,3,2,7151,5387,5.0,0,0,0,3,1,powershell_attack,EXECUTION
POWERSHELL_ATTACK-0036,WIN-ARGUS-036,3,9,3,3,3,1,1,4.0,4,0,0,0,0,4,0.0,2.1924444444444444,0.023,0,0,0,0,2,1,1,5579,2677,4.5,0,0,0,3,1,powershell_attack,EXECUTION
POWERSHELL_ATTACK-0036,WIN-ARGUS-036,4,12,3,3,5,1,1,4.0,5,0,0,0,0,5,0.0,1.8715,0.02391666666666667,0,0,0,0,4,3,3,11437,14481,2.25,0,0,0,3,1,powershell_attack,EXECUTION
POWERSHELL_ATTACK-0036,WIN-ARGUS-036,5,9,3,3,5,1,1,4.0,2,0,0,0,0,2,0.0,1.0555555555555556,0.014555555555555556,0,0,0,0,4,3,3,10706,8880,1.25,0,0,0,3,1,powershell_attack,EXECUTION
POWERSHELL_ATTACK-0037,WIN-ARGUS-037,0,9,3,3,3,1,1,4.0,4,0,0,0,0,4,0.0,2.0887777777777776,0.03311111111111112,0,0,0,0,2,2,2,5580,4317,2.5,0,0,0,3,1,powershell_attack,EXECUTION
POWERSHELL_ATTACK-0037,WIN-ARGUS-037,1,11,3,3,6,1,1,4.0,3,0,0,0,0,3,0.0,1.3837272727272727,0.018272727272727274,0,0,0,0,5,3,3,10380,12699,2.6,0,0,0,3,1,powershell_attack,EXECUTION
POWERSHELL_ATTACK-0037,WIN-ARGUS-037,2,10,3,3,4,1,1,4.0,4,0,0,0,0,4,0.0,1.8744,0.037500000000000006,0,0,0,0,3,2,2,4918,6774,5.666666666666667,0,0,0,3,1,powershell_attack,EXECUTION
POWERSHELL_ATTACK-0037,WIN-ARGUS-037,3,11,3,3,6,1,1,4.0,3,0,0,0,0,3,0.0,1.419090909090909,0.01963636363636364,0,0,0,0,5,3,3,11308,17392,2.6,0,0,0,3,1,powershell_attack,EXECUTION
POWERSHELL_ATTACK-0037,WIN-ARGUS-037,4,11,3,3,6,1,1,4.0,3,0,0,0,0,3,0.0,1.1153636363636363,0.010090909090909091,0,0,0,0,5,3,3,14367,14090,2.4,0,0,0,3,1,powershell_attack,EXECUTION
POWERSHELL_ATTACK-0037,WIN-ARGUS-037,5,11,3,3,5,1,1,4.0,4,0,0,0,0,4,0.0,1.535090909090909,0.015909090909090907,0,0,0,0,4,3,2,13099,7639,3.25,0,0,0,3,1,powershell_attack,EXECUTION
POWERSHELL_ATTACK-0038,WIN-ARGUS-038,0,10,3,3,3,1,1,4.0,5,0,0,0,0,5,0.0,2.6467,0.047700000000000006,0,0,0,0,2,2,2,5762,7726,3.5,0,0,0,3,1,powershell_attack,EXECUTION
POWERSHELL_ATTACK-0038,WIN-ARGUS-038,1,12,3,3,6,1,1,4.0,4,0,0,0,0,4,0.0,1.5330833333333331,0.0255,0,0,0,0,5,2,3,11118,15105,3.6,0,0,0,3,1,powershell_attack,EXECUTION
POWERSHELL_ATTACK-0038,WIN-ARGUS-038,2,11,3,3,4,1,1,4.0,5,0,0,0,0,5,0.0,2.1755454545454547,0.04472727272727273,0,0,0,0,3,2,2,7357,11356,4.666666666666667,0,0,0,3,1,powershell_attack,EXECUTION
POWERSHELL_ATTACK-0038,WIN-ARGUS-038,3,10,3,3,4,1,1,4.0,4,0,0,0,0,4,0.0,1.8803999999999998,0.0305,0,0,0,0,3,2,2,5920,5647,2.3333333333333335,0,0,0,3,1,powershell_attack,EXECUTION
POWERSHELL_ATTACK-0038,WIN-ARGUS-038,4,12,3,3,6,1,1,4.0,4,0,0,0,0,4,0.0,1.6307500000000001,0.03341666666666667,0,0,0,0,5,2,3,16056,6951,2.4,0,0,0,3,1,powershell_attack,EXECUTION
POWERSHELL_ATTACK-0038,WIN-ARGUS-038,5,7,3,3,3,1,1,4.0,2,0,0,0,0,2,0.0,1.4045714285714286,0.02557142857142857,0,0,0,0,2,2,2,4778,4644,1.0,0,0,0,3,1,powershell_attack,EXECUTION
POWERSHELL_ATTACK-0039,WIN-ARGUS-039,0,11,3,3,6,1,1,4.0,3,0,0,0,0,3,0.0,1.4564545454545454,0.016272727272727272,0,0,0,0,5,3,3,13953,11702,2.4,0,0,0,3,1,powershell_attack,EXECUTION
POWERSHELL_ATTACK-0039,WIN-ARGUS-039,1,10,3,3,4,1,1,4.0,4,0,0,0,0,4,0.0,2.2213000000000003,0.0274,0,0,0,0,3,2,3,7715,6881,1.3333333333333333,0,0,0,3,1,powershell_attack,EXECUTION
POWERSHELL_ATTACK-0039,WIN-ARGUS-039,2,10,3,3,3,1,1,4.0,5,0,0,0,0,5,0.0,2.5224,0.0371,0,0,0,0,2,2,1,5404,595,0.5,0,0,0,3,1,powershell_attack,EXECUTION
POWERSHELL_ATTACK-0039,WIN-ARGUS-039,3,11,3,3,5,1,1,4.0,4,0,0,0,0,4,0.0,1.862727272727273,0.02663636363636364,0,0,0,0,4,3,3,9274,16256,2.75,0,0,0,3,1,powershell_attack,EXECUTION
POWERSHELL_ATTACK-0039,WIN-ARGUS-039,4,11,3,3,5,1,1,4.0,4,0,0,0,0,4,0.0,1.6806363636363637,0.023,0,0,0,0,4,2,3,9521,13202,4.5,0,0,0,3,1,powershell_attack,EXECUTION
POWERSHELL_ATTACK-0039,WIN-ARGUS-039,5,9,3,3,4,1,1,4.0,3,0,0,0,0,3,0.0,1.7434444444444444,0.017777777777777778,0,0,0,0,3,3,2,6816,3890,6.0,0,0,0,3,1,powershell_attack,EXECUTION
POWERSHELL_ATTACK-0040,WIN-ARGUS-040,0,12,3,3,5,1,1,4.0,5,0,0,0,0,5,0.0,1.9753333333333334,0.03958333333333333,0,0,0,0,4,3,2,3876,11154,4.0,0,0,0,3,1,powershell_attack,EXECUTION
POWERSHELL_ATTACK-0040,WIN-ARGUS-040,1,10,3,3,5,1,1,4.0,3,0,0,0,0,3,0.0,1.238,0.0245,0,0,0,0,4,2,2,11184,11724,2.25,0,0,0,3,1,powershell_attack,EXECUTION
POWERSHELL_ATTACK-0040,WIN-ARGUS-040,2,10,3,3,5,1,1,4.0,3,0,0,0,0,3,0.0,1.5139,0.0234,0,0,0,0,4,2,3,8078,5383,2.25,0,0,0,3,1,powershell_attack,EXECUTION
POWERSHELL_ATTACK-0040,WIN-ARGUS-040,3,13,3,3,6,1,1,4.0,5,0,0,0,0,5,0.0,1.7863846153846152,0.04015384615384616,0,0,0,0,5,3,2,15041,14714,2.6,0,0,0,3,1,powershell_attack,EXECUTION
POWERSHELL_ATTACK-0040,WIN-ARGUS-040,4,10,3,3,5,1,1,4.0,3,0,0,0,0,3,0.0,1.4710999999999999,0.024399999999999998,0,0,0,0,4,3,2,8157,11592,3.5,0,0,0,3,1,powershell_attack,EXECUTION
POWERSHELL_ATTACK-0040,WIN-ARGUS-040,5,8,3,3,3,1,1,4.0,3,0,0,0,0,3,0.0,1.7875,0.03025,0,0,0,0,2,1,2,4558,7382,3.5,0,0,0,3,1,powershell_attack,EXECUTION
POWERSHELL_ATTACK-0041,WIN-ARGUS-041,0,11,3,3,4,1,1,4.0,5,0,0,0,0,5,0.0,2.0448181818181816,0.03563636363636364,0,0,0,0,3,2,2,6138,10001,6.0,0,0,0,3,1,powershell_attack,EXECUTION
POWERSHELL_ATTACK-0041,WIN-ARGUS-041,1,12,3,3,6,1,1,4.0,4,0,0,0,0,4,0.0,1.7590000000000001,0.0195,0,0,0,0,5,2,3,13294,7691,2.4,0,0,0,3,1,powershell_attack,EXECUTION
POWERSHELL_ATTACK-0041,WIN-ARGUS-041,2,11,3,3,6,1,1,4.0,3,0,0,0,0,3,0.0,1.463909090909091,0.00818181818181818,0,0,0,0,5,2,3,14017,10866,2.6,0,0,0,3,1,powershell_attack,EXECUTION
POWERSHELL_ATTACK-0041,WIN-ARGUS-041,3,9,3,3,5,1,1,4.0,2,0,0,0,0,2,0.0,1.063777777777778,0.005777777777777778,0,0,0,0,4,2,3,10453,10588,1.75,0,0,0,3,1,powershell_attack,EXECUTION
POWERSHELL_ATTACK-0041,WIN-ARGUS-041,4,11,3,3,4,1,1,4.0,5,0,0,0,0,5,0.0,1.891909090909091,0.03681818181818182,0,0,0,0,3,2,2,5433,4253,6.0,0,0,0,3,1,powershell_attack,EXECUTION
POWERSHELL_ATTACK-0041,WIN-ARGUS-041,5,10,3,3,3,1,1,4.0,5,0,0,0,0,5,0.0,2.4722,0.0516,0,0,0,0,2,2,1,6398,5011,3.5,0,0,0,3,1,powershell_attack,EXECUTION
POWERSHELL_ATTACK-0042,WIN-ARGUS-042,0,10,3,3,5,1,1,4.0,3,0,0,0,0,3,0.0,1.4774,0.0171,0,0,0,0,4,2,3,7146,9342,3.75,0,0,0,3,1,powershell_attack,EXECUTION
POWERSHELL_ATTACK-0042,WIN-ARGUS-042,1,9,3,3,3,1,1,4.0,4,0,0,0,0,4,0.0,2.2296666666666667,0.026666666666666665,0,0,0,0,2,2,2,2165,4680,1.0,0,0,0,3,1,powershell_attack,EXECUTION
POWERSHELL_ATTACK-0042,WIN-ARGUS-042,2,7,3,3,3,1,1,4.0,2,0,0,0,0,2,0.0,1.2061428571428572,0.026285714285714284,0,0,0,0,2,2,2,6531,5059,1.0,0,0,0,3,1,powershell_attack,EXECUTION
POWERSHELL_ATTACK-0042,WIN-ARGUS-042,3,7,3,3,3,1,1,4.0,2,0,0,0,0,2,0.0,1.2497142857142858,0.02642857142857143,0,0,0,0,2,1,2,7369,4714,1.5,0,0,0,3,1,powershell_attack,EXECUTION
POWERSHELL_ATTACK-0042,WIN-ARGUS-042,4,9,3,3,3,1,1,4.0,4,0,0,0,0,4,0.0,2.234666666666667,0.04722222222222223,0,0,0,0,2,1,1,5537,4835,2.0,0,0,0,3,1,powershell_attack,EXECUTION
POWERSHELL_ATTACK-0042,WIN-ARGUS-042,5,10,3,3,6,1,1,4.0,2,0,0,0,0,2,0.0,0.9971,0.009600000000000001,0,0,0,0,5,3,3,10844,13571,3.4,0,0,0,3,1,powershell_attack,EXECUTION
POWERSHELL_ATTACK-0043,WIN-ARGUS-043,0,9,3,3,3,1,1,4.0,4,0,0,0,0,4,0.0,2.3186666666666667,0.033,0,0,0,0,2,1,2,5400,5301,1.5,0,0,0,3,1,powershell_attack,EXECUTION
POWERSHELL_ATTACK-0043,WIN-ARGUS-043,1,12,3,3,6,1,1,4.0,4,0,0,0,0,4,0.0,1.64025,0.018083333333333333,0,0,0,0,5,3,2,15050,16600,1.6,0,0,0,3,1,powershell_attack,EXECUTION
POWERSHELL_ATTACK-0043,WIN-ARGUS-043,2,7,3,3,3,1,1,4.0,2,0,0,0,0,2,0.0,1.3158571428571428,0.013714285714285715,0,0,0,0,2,2,2,7739,5865,2.5,0,0,0,3,1,powershell_attack,EXECUTION
POWERSHELL_ATTACK-0043,WIN-ARGUS-043,3,10,3,3,3,1,1,4.0,5,0,0,0,0,5,0.0,2.5609,0.045200000000000004,0,0,0,0,2,2,1,5963,4354,0.0,0,0,0,3,1,powershell_attack,EXECUTION
POWERSHELL_ATTACK-0043,WIN-ARGUS-043,4,9,3,3,3,1,1,4.0,4,0,0,0,0,4,0.0,2.357222222222222,0.034777777777777776,0,0,0,0,2,1,2,4133,3762,2.0,0,0,0,3,1,powershell_attack,EXECUTION
POWERSHELL_ATTACK-0043,WIN-ARGUS-043,5,10,3,3,4,1,1,4.0,4,0,0,0,0,4,0.0,1.8347000000000002,0.0325,0,0,0,0,3,3,2,3225,6605,4.333333333333333,0,0,0,3,1,powershell_attack,EXECUTION
POWERSHELL_ATTACK-0044,WIN-ARGUS-044,0,10,3,3,4,1,1,4.0,4,0,0,0,0,4,0.0,1.8587,0.0387,0,0,0,0,3,3,1,5348,8174,2.6666666666666665,0,0,0,3,1,powershell_attack,EXECUTION
POWERSHELL_ATTACK-0044,WIN-ARGUS-044,1,10,3,3,6,1,1,4.0,2,0,0,0,0,2,0.0,0.7218,0.0094,0,0,0,0,5,3,3,10706,7641,1.6,0,0,0,3,1,powershell_attack,EXECUTION
POWERSHELL_ATTACK-0044,WIN-ARGUS-044,2,11,3,3,4,1,1,4.0,5,0,0,0,0,5,0.0,2.133909090909091,0.028454545454545455,0,0,0,0,3,2,3,5886,9258,3.6666666666666665,0,0,0,3,1,powershell_attack,EXECUTION
POWERSHELL_ATTACK-0044,WIN-ARGUS-044,3,9,3,3,4,1,1,4.0,3,0,0,0,0,3,0.0,1.7936666666666667,0.035111111111111114,0,0,0,0,3,3,3,6774,7897,4.0,0,0,0,3,1,powershell_attack,EXECUTION
POWERSHELL_ATTACK-0044,WIN-ARGUS-044,4,10,3,3,3,1,1,4.0,5,0,0,0,0,5,0.0,2.3920000000000003,0.0417,0,0,0,0,2,2,1,1631,2747,2.0,0,0,0,3,1,powershell_attack,EXECUTION
POWERSHELL_ATTACK-0044,WIN-ARGUS-044,5,8,3,3,3,1,1,4.0,3,0,0,0,0,3,0.0,1.554,0.024,0,0,0,0,2,2,1,3880,3578,7.5,0,0,0,3,1,powershell_attack,EXECUTION
POWERSHELL_ATTACK-0045,WIN-ARGUS-045,0,12,3,3,6,1,1,4.0,4,0,0,0,0,4,0.0,1.7643333333333333,0.023750000000000004,0,0,0,0,5,2,2,12067,10866,2.6,0,0,0,3,1,powershell_attack,EXECUTION
POWERSHELL_ATTACK-0045,WIN-ARGUS-045,1,10,3,3,4,1,1,4.0,4,0,0,0,0,4,0.0,1.7109999999999999,0.0248,0,0,0,0,3,3,2,8546,8580,5.333333333333333,0,0,0,3,1,powershell_attack,EXECUTION
POWERSHELL_ATTACK-0045,WIN-ARGUS-045,2,11,3,3,5,1,1,4.0,4,0,0,0,0,4,0.0,1.9679090909090908,0.027636363636363636,0,0,0,0,4,3,3,14525,10121,3.75,0,0,0,3,1,powershell_attack,EXECUTION
POWERSHELL_ATTACK-0045,WIN-ARGUS-045,3,8,3,3,4,1,1,4.0,2,0,0,0,0,2,0.0,1.1110000000000002,0.026875000000000003,0,0,0,0,3,1,2,5127,9509,3.0,0,0,0,3,1,powershell_attack,EXECUTION
POWERSHELL_ATTACK-0045,WIN-ARGUS-045,4,11,3,3,6,1,1,4.0,3,0,0,0,0,3,0.0,1.3874545454545455,0.019181818181818185,0,0,0,0,5,2,3,15211,12582,2.2,0,0,0,3,1,powershell_attack,EXECUTION
POWERSHELL_ATTACK-0045,WIN-ARGUS-045,5,12,3,3,5,1,1,4.0,5,0,0,0,0,5,0.0,1.9989999999999999,0.031083333333333334,0,0,0,0,4,2,2,11722,11272,3.75,0,0,0,3,1,powershell_attack,EXECUTION
POWERSHELL_ATTACK-0046,WIN-ARGUS-046,0,9,3,3,3,1,1,4.0,4,0,0,0,0,4,0.0,2.2552222222222222,0.038111111111111116,0,0,0,0,2,2,1,2342,5830,1.5,0,0,0,3,1,powershell_attack,EXECUTION
POWERSHELL_ATTACK-0046,WIN-ARGUS-046,1,12,3,3,6,1,1,4.0,4,0,0,0,0,4,0.0,1.5739166666666666,0.03783333333333334,0,0,0,0,5,3,3,15809,13463,3.4,0,0,0,3,1,powershell_attack,EXECUTION
POWERSHELL_ATTACK-0046,WIN-ARGUS-046,2,10,3,3,4,1,1,4.0,4,0,0,0,0,4,0.0,2.0174,0.0339,0,0,0,0,3,3,3,11473,7357,4.0,0,0,0,3,1,powershell_attack,EXECUTION
POWERSHELL_ATTACK-0046,WIN-ARGUS-046,3,8,3,3,4,1,1,4.0,2,0,0,0,0,2,0.0,0.964375,0.01775,0,0,0,0,3,3,2,8749,7471,3.3333333333333335,0,0,0,3,1,powershell_attack,EXECUTION
POWERSHELL_ATTACK-0046,WIN-ARGUS-046,4,7,3,3,3,1,1,4.0,2,0,0,0,0,2,0.0,1.530857142857143,0.033,0,0,0,0,2,2,1,1737,4445,8.5,0,0,0,3,1,powershell_attack,EXECUTION
POWERSHELL_ATTACK-0046,WIN-ARGUS-046,5,8,3,3,4,1,1,4.0,2,0,0,0,0,2,0.0,1.364125,0.009875,0,0,0,0,3,2,2,8425,7445,4.0,0,0,0,3,1,powershell_attack,EXECUTION
POWERSHELL_ATTACK-0047,WIN-ARGUS-047,0,9,3,3,3,1,1,4.0,4,0,0,0,0,4,0.0,2.398,0.04544444444444445,0,0,0,0,2,2,2,3946,5468,1.0,0,0,0,3,1,powershell_attack,EXECUTION
POWERSHELL_ATTACK-0047,WIN-ARGUS-047,1,10,3,3,4,1,1,4.0,4,0,0,0,0,4,0.0,1.8591000000000002,0.035699999999999996,0,0,0,0,3,3,3,9135,4797,2.3333333333333335,0,0,0,3,1,powershell_attack,EXECUTION
POWERSHELL_ATTACK-0047,WIN-ARGUS-047,2,11,3,3,5,1,1,4.0,4,0,0,0,0,4,0.0,1.8367272727272728,0.03509090909090909,0,0,0,0,4,2,3,8871,10236,3.5,0,0,0,3,1,powershell_attack,EXECUTION
POWERSHELL_ATTACK-0047,WIN-ARGUS-047,3,10,3,3,3,1,1,4.0,5,0,0,0,0,5,0.0,2.2531,0.0405,0,0,0,0,2,2,2,1821,3198,3.0,0,0,0,3,1,powershell_attack,EXECUTION
POWERSHELL_ATTACK-0047,WIN-ARGUS-047,4,11,3,3,5,1,1,4.0,4,0,0,0,0,4,0.0,1.7057272727272725,0.030000000000000002,0,0,0,0,4,3,2,15382,8886,2.5,0,0,0,3,1,powershell_attack,EXECUTION
POWERSHELL_ATTACK-0047,WIN-ARGUS-047,5,9,3,3,5,1,1,4.0,2,0,0,0,0,2,0.0,0.9825555555555555,0.012777777777777779,0,0,0,0,4,3,3,7035,8486,3.5,0,0,0,3,1,powershell_attack,EXECUTION
POWERSHELL_ATTACK-0048,WIN-ARGUS-048,0,13,3,3,6,1,1,4.0,5,0,0,0,0,5,0.0,1.7691538461538463,0.03215384615384616,0,0,0,0,5,2,3,11122,9994,2.2,0,0,0,3,1,powershell_attack,EXECUTION
POWERSHELL_ATTACK-0048,WIN-ARGUS-048,1,9,3,3,5,1,1,4.0,2,0,0,0,0,2,0.0,0.9426666666666667,0.02033333333333333,0,0,0,0,4,3,3,9839,13428,3.75,0,0,0,3,1,powershell_attack,EXECUTION
POWERSHELL_ATTACK-0048,WIN-ARGUS-048,2,12,3,3,5,1,1,4.0,5,0,0,0,0,5,0.0,2.1117500000000002,0.018333333333333333,0,0,0,0,4,3,3,13600,11197,2.75,0,0,0,3,1,powershell_attack,EXECUTION
POWERSHELL_ATTACK-0048,WIN-ARGUS-048,3,10,3,3,5,1,1,4.0,3,0,0,0,0,3,0.0,1.4323000000000001,0.0161,0,0,0,0,4,2,2,8573,11386,1.5,0,0,0,3,1,powershell_attack,EXECUTION
POWERSHELL_ATTACK-0048,WIN-ARGUS-048,4,7,3,3,3,1,1,4.0,2,0,0,0,0,2,0.0,1.2054285714285713,0.026714285714285715,0,0,0,0,2,2,1,4939,4326,4.5,0,0,0,3,1,powershell_attack,EXECUTION
POWERSHELL_ATTACK-0048,WIN-ARGUS-048,5,10,3,3,3,1,1,4.0,5,0,0,0,0,5,0.0,2.5134,0.0504,0,0,0,0,2,2,2,3770,2866,3.0,0,0,0,3,1,powershell_attack,EXECUTION
POWERSHELL_ATTACK-0049,WIN-ARGUS-049,0,9,3,3,5,1,1,4.0,2,0,0,0,0,2,0.0,0.9633333333333334,0.02666666666666667,0,0,0,0,4,2,2,8704,12808,2.5,0,0,0,3,1,powershell_attack,EXECUTION
POWERSHELL_ATTACK-0049,WIN-ARGUS-049,1,9,3,3,4,1,1,4.0,3,0,0,0,0,3,0.0,1.7196666666666667,0.022000000000000002,0,0,0,0,3,2,1,9139,5849,3.3333333333333335,0,0,0,3,1,powershell_attack,EXECUTION
POWERSHELL_ATTACK-0049,WIN-ARGUS-049,2,8,3,3,3,1,1,4.0,3,0,0,0,0,3,0.0,1.718375,0.021875000000000002,0,0,0,0,2,2,2,3161,2261,6.5,0,0,0,3,1,powershell_attack,EXECUTION
POWERSHELL_ATTACK-0049,WIN-ARGUS-049,3,12,3,3,5,1,1,4.0,5,0,0,0,0,5,0.0,2.0504166666666666,0.03966666666666666,0,0,0,0,4,1,2,11555,4442,1.75,0,0,0,3,1,powershell_attack,EXECUTION
POWERSHELL_ATTACK-0049,WIN-ARGUS-049,4,12,3,3,6,1,1,4.0,4,0,0,0,0,4,0.0,1.4703333333333333,0.03308333333333333,0,0,0,0,5,3,2,13494,15842,2.6,0,0,0,3,1,powershell_attack,EXECUTION
POWERSHELL_ATTACK-0049,WIN-ARGUS-049,5,10,3,3,6,1,1,4.0,2,0,0,0,0,2,0.0,1.0466000000000002,0.0219,0,0,0,0,5,2,3,19845,10351,3.8,0,0,0,3,1,powershell_attack,EXECUTION
POWERSHELL_ATTACK-0050,WIN-ARGUS-050,0,11,3,3,5,1,1,4.0,4,0,0,0,0,4,0.0,1.6829999999999998,0.035,0,0,0,0,4,2,2,10471,6663,3.5,0,0,0,3,1,powershell_attack,EXECUTION
POWERSHELL_ATTACK-0050,WIN-ARGUS-050,1,11,3,3,4,1,1,4.0,5,0,0,0,0,5,0.0,2.0605454545454545,0.03327272727272727,0,0,0,0,3,1,2,3927,10506,3.6666666666666665,0,0,0,3,1,powershell_attack,EXECUTION
POWERSHELL_ATTACK-0050,WIN-ARGUS-050,2,13,3,3,6,1,1,4.0,5,0,0,0,0,5,0.0,1.8942307692307692,0.036000000000000004,0,0,0,0,5,2,2,16556,10969,3.8,0,0,0,3,1,powershell_attack,EXECUTION
POWERSHELL_ATTACK-0050,WIN-ARGUS-050,3,12,3,3,5,1,1,4.0,5,0,0,0,0,5,0.0,2.16075,0.03141666666666667,0,0,0,0,4,2,3,16009,9512,1.75,0,0,0,3,1,powershell_attack,EXECUTION
POWERSHELL_ATTACK-0050,WIN-ARGUS-050,4,10,3,3,5,1,1,4.0,3,0,0,0,0,3,0.0,1.1789,0.0247,0,0,0,0,4,3,2,6717,13000,3.75,0,0,0,3,1,powershell_attack,EXECUTION
POWERSHELL_ATTACK-0050,WIN-ARGUS-050,5,9,3,3,5,1,1,4.0,2,0,0,0,0,2,0.0,0.8283333333333334,0.016666666666666666,0,0,0,0,4,2,3,7874,6535,4.0,0,0,0,3,1,powershell_attack,EXECUTION
POWERSHELL_ATTACK-0051,WIN-ARGUS-051,0,12,3,3,5,1,1,4.0,5,0,0,0,0,5,0.0,2.1710833333333333,0.03216666666666667,0,0,0,0,4,3,2,13128,15049,2.25,0,0,0,3,1,powershell_attack,EXECUTION
POWERSHELL_ATTACK-0051,WIN-ARGUS-051,1,11,3,3,4,1,1,4.0,5,0,0,0,0,5,0.0,1.8054545454545454,0.04,0,0,0,0,3,2,3,12044,9435,1.6666666666666667,0,0,0,3,1,powershell_attack,EXECUTION
POWERSHELL_ATTACK-0051,WIN-ARGUS-051,2,11,3,3,6,1,1,4.0,3,0,0,0,0,3,0.0,1.3251818181818182,0.02218181818181818,0,0,0,0,5,3,3,12546,10379,3.8,0,0,0,3,1,powershell_attack,EXECUTION
POWERSHELL_ATTACK-0051,WIN-ARGUS-051,3,7,3,3,3,1,1,4.0,2,0,0,0,0,2,0.0,1.5504285714285715,0.019857142857142858,0,0,0,0,2,2,2,6294,1768,6.5,0,0,0,3,1,powershell_attack,EXECUTION
POWERSHELL_ATTACK-0051,WIN-ARGUS-051,4,12,3,3,6,1,1,4.0,4,0,0,0,0,4,0.0,1.6290833333333332,0.030916666666666665,0,0,0,0,5,3,3,17279,12464,1.6,0,0,0,3,1,powershell_attack,EXECUTION
POWERSHELL_ATTACK-0051,WIN-ARGUS-051,5,11,3,3,5,1,1,4.0,4,0,0,0,0,4,0.0,1.5194545454545454,0.03318181818181818,0,0,0,0,4,2,3,12875,8415,4.0,0,0,0,3,1,powershell_attack,EXECUTION
POWERSHELL_ATTACK-0052,WIN-ARGUS-052,0,10,3,3,3,1,1,4.0,5,0,0,0,0,5,0.0,2.2936,0.0369,0,0,0,0,2,1,2,2626,6122,6.5,0,0,0,3,1,powershell_attack,EXECUTION
POWERSHELL_ATTACK-0052,WIN-ARGUS-052,1,12,3,3,6,1,1,4.0,4,0,0,0,0,4,0.0,1.8829166666666666,0.01916666666666667,0,0,0,0,5,2,2,14746,11661,2.2,0,0,0,3,1,powershell_attack,EXECUTION
POWERSHELL_ATTACK-0052,WIN-ARGUS-052,2,10,3,3,6,1,1,4.0,2,0,0,0,0,2,0.0,1.0416,0.0175,0,0,0,0,5,3,3,8598,7430,3.4,0,0,0,3,1,powershell_attack,EXECUTION
POWERSHELL_ATTACK-0052,WIN-ARGUS-052,3,9,3,3,5,1,1,4.0,2,0,0,0,0,2,0.0,1.1292222222222223,0.02622222222222222,0,0,0,0,4,2,2,10502,14474,3.0,0,0,0,3,1,powershell_attack,EXECUTION
POWERSHELL_ATTACK-0052,WIN-ARGUS-052,4,9,3,3,4,1,1,4.0,3,0,0,0,0,3,0.0,1.479222222222222,0.015000000000000001,0,0,0,0,3,2,2,7879,3236,2.3333333333333335,0,0,0,3,1,powershell_attack,EXECUTION
POWERSHELL_ATTACK-0052,WIN-ARGUS-052,5,10,3,3,5,1,1,4.0,3,0,0,0,0,3,0.0,1.3326,0.0193,0,0,0,0,4,2,3,15668,13839,3.75,0,0,0,3,1,powershell_attack,EXECUTION
POWERSHELL_ATTACK-0053,WIN-ARGUS-053,0,10,3,3,6,1,1,4.0,2,0,0,0,0,2,0.0,1.0953,0.0195,0,0,0,0,5,3,3,13594,19643,3.2,0,0,0,3,1,powershell_attack,EXECUTION
POWERSHELL_ATTACK-0053,WIN-ARGUS-053,1,9,3,3,3,1,1,4.0,4,0,0,0,0,4,0.0,1.8980000000000001,0.03888888888888889,0,0,0,0,2,1,2,2776,5488,4.0,0,0,0,3,1,powershell_attack,EXECUTION
POWERSHELL_ATTACK-0053,WIN-ARGUS-053,2,8,3,3,3,1,1,4.0,3,0,0,0,0,3,0.0,2.074,0.025750000000000002,0,0,0,0,2,1,1,8842,4561,1.0,0,0,0,3,1,powershell_attack,EXECUTION
POWERSHELL_ATTACK-0053,WIN-ARGUS-053,3,13,3,3,6,1,1,4.0,5,0,0,0,0,5,0.0,2.0233076923076925,0.022307692307692306,0,0,0,0,5,3,2,19884,10474,2.0,0,0,0,3,1,powershell_attack,EXECUTION
POWERSHELL_ATTACK-0053,WIN-ARGUS-053,4,8,3,3,3,1,1,4.0,3,0,0,0,0,3,0.0,1.748,0.026500000000000003,0,0,0,0,2,1,2,3166,7412,5.5,0,0,0,3,1,powershell_attack,EXECUTION
POWERSHELL_ATTACK-0053,WIN-ARGUS-053,5,11,3,3,5,1,1,4.0,4,0,0,0,0,4,0.0,1.7933636363636365,0.03318181818181818,0,0,0,0,4,2,3,10776,12216,2.5,0,0,0,3,1,powershell_attack,EXECUTION
POWERSHELL_ATTACK-0054,WIN-ARGUS-054,0,12,3,3,6,1,1,4.0,4,0,0,0,0,4,0.0,1.7798333333333334,0.037,0,0,0,0,5,3,2,9768,17564,3.4,0,0,0,3,1,powershell_attack,EXECUTION
POWERSHELL_ATTACK-0054,WIN-ARGUS-054,1,10,3,3,3,1,1,4.0,5,0,0,0,0,5,0.0,2.803,0.03560000000000001,0,0,0,0,2,2,2,1806,7342,0.0,0,0,0,3,1,powershell_attack,EXECUTION
POWERSHELL_ATTACK-0054,WIN-ARGUS-054,2,13,3,3,6,1,1,4.0,5,0,0,0,0,5,0.0,1.7782307692307693,0.038307692307692306,0,0,0,0,5,3,3,12658,15200,3.8,0,0,0,3,1,powershell_attack,EXECUTION
POWERSHELL_ATTACK-0054,WIN-ARGUS-054,3,9,3,3,5,1,1,4.0,2,0,0,0,0,2,0.0,1.3353333333333335,0.02188888888888889,0,0,0,0,4,2,2,11245,8132,3.75,0,0,0,3,1,powershell_attack,EXECUTION
POWERSHELL_ATTACK-0054,WIN-ARGUS-054,4,8,3,3,3,1,1,4.0,3,0,0,0,0,3,0.0,1.900125,0.046625,0,0,0,0,2,1,2,2485,2606,2.0,0,0,0,3,1,powershell_attack,EXECUTION
POWERSHELL_ATTACK-0054,WIN-ARGUS-054,5,10,3,3,3,1,1,4.0,5,0,0,0,0,5,0.0,2.2911,0.0382,0,0,0,0,2,1,2,6881,6261,2.5,0,0,0,3,1,powershell_attack,EXECUTION
POWERSHELL_ATTACK-0055,WIN-ARGUS-055,0,10,3,3,3,1,1,4.0,5,0,0,0,0,5,0.0,2.4341999999999997,0.032600000000000004,0,0,0,0,2,2,2,2268,6794,2.5,0,0,0,3,1,powershell_attack,EXECUTION
POWERSHELL_ATTACK-0055,WIN-ARGUS-055,1,7,3,3,3,1,1,4.0,2,0,0,0,0,2,0.0,1.6151428571428572,0.03542857142857143,0,0,0,0,2,2,1,5749,527,3.5,0,0,0,3,1,powershell_attack,EXECUTION
POWERSHELL_ATTACK-0055,WIN-ARGUS-055,2,8,3,3,4,1,1,4.0,2,0,0,0,0,2,0.0,1.1256249999999999,0.018375000000000002,0,0,0,0,3,2,1,8336,5077,5.666666666666667,0,0,0,3,1,powershell_attack,EXECUTION
POWERSHELL_ATTACK-0055,WIN-ARGUS-055,3,13,3,3,6,1,1,4.0,5,0,0,0,0,5,0.0,1.8203846153846153,0.03192307692307693,0,0,0,0,5,3,2,11857,10680,0.6,0,0,0,3,1,powershell_attack,EXECUTION
POWERSHELL_ATTACK-0055,WIN-ARGUS-055,4,12,3,3,5,1,1,4.0,5,0,0,0,0,5,0.0,2.0109999999999997,0.039,0,0,0,0,4,3,2,7134,11720,4.5,0,0,0,3,1,powershell_attack,EXECUTION
POWERSHELL_ATTACK-0055,WIN-ARGUS-055,5,8,3,3,3,1,1,4.0,3,0,0,0,0,3,0.0,1.71675,0.026000000000000002,0,0,0,0,2,1,1,8308,7235,5.5,0,0,0,3,1,powershell_attack,EXECUTION
POWERSHELL_ATTACK-0056,WIN-ARGUS-056,0,12,3,3,5,1,1,4.0,5,0,0,0,0,5,0.0,1.8260833333333333,0.050249999999999996,0,0,0,0,4,3,1,13242,10425,4.0,0,0,0,3,1,powershell_attack,EXECUTION
POWERSHELL_ATTACK-0056,WIN-ARGUS-056,1,9,3,3,4,1,1,4.0,3,0,0,0,0,3,0.0,2.0396666666666667,0.028333333333333335,0,0,0,0,3,2,3,6996,11041,3.3333333333333335,0,0,0,3,1,powershell_attack,EXECUTION
POWERSHELL_ATTACK-0056,WIN-ARGUS-056,2,12,3,3,6,1,1,4.0,4,0,0,0,0,4,0.0,1.4234166666666666,0.0425,0,0,0,0,5,2,2,10409,15936,3.6,0,0,0,3,1,powershell_attack,EXECUTION
POWERSHELL_ATTACK-0056,WIN-ARGUS-056,3,10,3,3,6,1,1,4.0,2,0,0,0,0,2,0.0,0.9658999999999999,0.0167,0,0,0,0,5,3,2,18364,12847,2.8,0,0,0,3,1,powershell_attack,EXECUTION
POWERSHELL_ATTACK-0056,WIN-ARGUS-056,4,8,3,3,3,1,1,4.0,3,0,0,0,0,3,0.0,1.509125,0.033375,0,0,0,0,2,2,1,5259,2401,6.0,0,0,0,3,1,powershell_attack,EXECUTION
POWERSHELL_ATTACK-0056,WIN-ARGUS-056,5,10,3,3,5,1,1,4.0,3,0,0,0,0,3,0.0,1.5333999999999999,0.0183,0,0,0,0,4,2,2,4244,10322,4.0,0,0,0,3,1,powershell_attack,EXECUTION
POWERSHELL_ATTACK-0057,WIN-ARGUS-057,0,12,3,3,5,1,1,4.0,5,0,0,0,0,5,0.0,2.1573333333333333,0.035,0,0,0,0,4,2,3,13256,9991,3.75,0,0,0,3,1,powershell_attack,EXECUTION
POWERSHELL_ATTACK-0057,WIN-ARGUS-057,1,11,3,3,5,1,1,4.0,4,0,0,0,0,4,0.0,1.713818181818182,0.02990909090909091,0,0,0,0,4,2,3,8994,12960,2.75,0,0,0,3,1,powershell_attack,EXECUTION
POWERSHELL_ATTACK-0057,WIN-ARGUS-057,2,10,3,3,5,1,1,4.0,3,0,0,0,0,3,0.0,1.6078,0.0259,0,0,0,0,4,2,2,6679,8227,3.5,0,0,0,3,1,powershell_attack,EXECUTION
POWERSHELL_ATTACK-0057,WIN-ARGUS-057,3,12,3,3,6,1,1,4.0,4,0,0,0,0,4,0.0,1.5803333333333331,0.012583333333333334,0,0,0,0,5,2,3,7097,10457,2.2,0,0,0,3,1,powershell_attack,EXECUTION
POWERSHELL_ATTACK-0057,WIN-ARGUS-057,4,13,3,3,6,1,1,4.0,5,0,0,0,0,5,0.0,1.9299230769230769,0.033923076923076924,0,0,0,0,5,2,3,8928,15915,3.6,0,0,0,3,1,powershell_attack,EXECUTION
POWERSHELL_ATTACK-0057,WIN-ARGUS-057,5,8,3,3,4,1,1,4.0,2,0,0,0,0,2,0.0,1.06525,0.00425,0,0,0,0,3,2,2,12075,8511,3.0,0,0,0,3,1,powershell_attack,EXECUTION
POWERSHELL_ATTACK-0058,WIN-ARGUS-058,0,11,3,3,5,1,1,4.0,4,0,0,0,0,4,0.0,2.0321818181818183,0.026909090909090914,0,0,0,0,4,2,2,11861,15660,3.5,0,0,0,3,1,powershell_attack,EXECUTION
POWERSHELL_ATTACK-0058,WIN-ARGUS-058,1,11,3,3,4,1,1,4.0,5,0,0,0,0,5,0.0,2.291,0.02372727272727273,0,0,0,0,3,3,3,8016,8541,2.0,0,0,0,3,1,powershell_attack,EXECUTION
POWERSHELL_ATTACK-0058,WIN-ARGUS-058,2,8,3,3,4,1,1,4.0,2,0,0,0,0,2,0.0,1.217125,0.016375,0,0,0,0,3,3,2,13237,7151,3.6666666666666665,0,0,0,3,1,powershell_attack,EXECUTION
POWERSHELL_ATTACK-0058,WIN-ARGUS-058,3,9,3,3,5,1,1,4.0,2,0,0,0,0,2,0.0,1.1740000000000002,0.014444444444444446,0,0,0,0,4,3,2,12351,5945,2.5,0,0,0,3,1,powershell_attack,EXECUTION
POWERSHELL_ATTACK-0058,WIN-ARGUS-058,4,8,3,3,4,1,1,4.0,2,0,0,0,0,2,0.0,0.940125,0.025625000000000002,0,0,0,0,3,1,2,6314,13132,3.3333333333333335,0,0,0,3,1,powershell_attack,EXECUTION
POWERSHELL_ATTACK-0058,WIN-ARGUS-058,5,9,3,3,5,1,1,4.0,2,0,0,0,0,2,0.0,0.9608888888888889,0.013222222222222222,0,0,0,0,4,2,2,14751,11619,4.0,0,0,0,3,1,powershell_attack,EXECUTION
POWERSHELL_ATTACK-0059,WIN-ARGUS-059,0,8,3,3,3,1,1,4.0,3,0,0,0,0,3,0.0,1.636125,0.0265,0,0,0,0,2,1,1,5857,6041,1.0,0,0,0,3,1,powershell_attack,EXECUTION
POWERSHELL_ATTACK-0059,WIN-ARGUS-059,1,7,3,3,3,1,1,4.0,2,0,0,0,0,2,0.0,1.417857142857143,0.014571428571428572,0,0,0,0,2,2,2,8857,4655,8.0,0,0,0,3,1,powershell_attack,EXECUTION
POWERSHELL_ATTACK-0059,WIN-ARGUS-059,2,7,3,3,3,1,1,4.0,2,0,0,0,0,2,0.0,1.3771428571428572,0.013428571428571429,0,0,0,0,2,1,2,6032,6650,6.5,0,0,0,3,1,powershell_attack,EXECUTION
POWERSHELL_ATTACK-0059,WIN-ARGUS-059,3,9,3,3,5,1,1,4.0,2,0,0,0,0,2,0.0,1.1423333333333332,0.027444444444444445,0,0,0,0,4,3,2,9128,5557,1.25,0,0,0,3,1,powershell_attack,EXECUTION
POWERSHELL_ATTACK-0059,WIN-ARGUS-059,4,9,3,3,5,1,1,4.0,2,0,0,0,0,2,0.0,1.0714444444444444,0.025111111111111112,0,0,0,0,4,2,3,9996,5524,2.0,0,0,0,3,1,powershell_attack,EXECUTION
POWERSHELL_ATTACK-0059,WIN-ARGUS-059,5,9,3,3,5,1,1,4.0,2,0,0,0,0,2,0.0,1.1902222222222223,0.008777777777777778,0,0,0,0,4,3,2,15041,13202,2.5,0,0,0,3,1,powershell_attack,EXECUTION
POWERSHELL_ATTACK-0060,WIN-ARGUS-060,0,12,3,3,6,1,1,4.0,4,0,0,0,0,4,0.0,1.7295,0.020083333333333335,0,0,0,0,5,3,2,18603,15916,2.4,0,0,0,3,1,powershell_attack,EXECUTION
POWERSHELL_ATTACK-0060,WIN-ARGUS-060,1,9,3,3,3,1,1,4.0,4,0,0,0,0,4,0.0,2.1446666666666667,0.033777777777777775,0,0,0,0,2,2,2,6311,5534,2.5,0,0,0,3,1,powershell_attack,EXECUTION
POWERSHELL_ATTACK-0060,WIN-ARGUS-060,2,11,3,3,6,1,1,4.0,3,0,0,0,0,3,0.0,1.3644545454545456,0.027363636363636368,0,0,0,0,5,3,3,7979,17275,2.0,0,0,0,3,1,powershell_attack,EXECUTION
POWERSHELL_ATTACK-0060,WIN-ARGUS-060,3,9,3,3,3,1,1,4.0,4,0,0,0,0,4,0.0,2.313555555555556,0.04544444444444445,0,0,0,0,2,1,1,5185,4018,8.5,0,0,0,3,1,powershell_attack,EXECUTION
POWERSHELL_ATTACK-0060,WIN-ARGUS-060,4,11,3,3,6,1,1,4.0,3,0,0,0,0,3,0.0,1.5950000000000002,0.023181818181818182,0,0,0,0,5,3,3,13264,10887,2.6,0,0,0,3,1,powershell_attack,EXECUTION
POWERSHELL_ATTACK-0060,WIN-ARGUS-060,5,8,3,3,4,1,1,4.0,2,0,0,0,0,2,0.0,1.4886249999999999,0.019625,0,0,0,0,3,2,3,6645,7680,3.6666666666666665,0,0,0,3,1,powershell_attack,EXECUTION
RANSOMWARE_LIKE-0001,WIN-ARGUS-001,0,89,1,1,0,0,0,2.0,0,29,30,0,24,83,0.9666666666666667,6.502078651685393,2.008550561797753,71,0,0,0,5,3,3,8057,6555,3.6,0,0,0,3,1,ransomware_like,IMPACT
RANSOMWARE_LIKE-0001,WIN-ARGUS-001,1,102,1,1,0,0,0,2.0,0,23,38,0,36,97,0.7666666666666667,6.880480392156862,2.244843137254902,85,0,0,0,4,3,2,9749,15061,3.75,0,0,0,3,1,ransomware_like,IMPACT
RANSOMWARE_LIKE-0001,WIN-ARGUS-001,2,94,1,1,0,0,0,2.0,0,27,28,0,33,88,0.9,6.728510638297872,2.1286489361702126,75,0,0,0,5,2,3,9675,12957,4.0,0,0,0,3,1,ransomware_like,IMPACT
RANSOMWARE_LIKE-0001,WIN-ARGUS-001,3,104,1,1,0,0,0,2.0,0,42,25,0,33,100,1.4,6.760625,2.152375,82,0,0,0,3,3,2,9377,4454,7.333333333333333,0,0,0,3,1,ransomware_like,IMPACT
RANSOMWARE_LIKE-0001,WIN-ARGUS-001,4,102,1,1,0,0,0,2.0,0,27,41,0,30,98,0.9,6.692941176470589,2.115529411764706,83,0,0,0,3,2,2,7489,9491,4.666666666666667,0,0,0,3,1,ransomware_like,IMPACT
RANSOMWARE_LIKE-0001,WIN-ARGUS-001,5,95,1,1,0,0,0,2.0,0,23,36,0,30,89,0.7666666666666667,6.712757894736842,2.042905263157895,76,0,0,0,5,3,3,8915,17358,2.6,0,0,0,3,1,ransomware_like,IMPACT
RANSOMWARE_LIKE-0002,WIN-ARGUS-002,0,85,1,1,0,0,0,2.0,0,32,23,0,25,80,1.0666666666666667,6.567470588235294,2.1067411764705883,68,0,0,0,4,2,2,9658,13779,5.25,0,0,0,3,1,ransomware_like,IMPACT
RANSOMWARE_LIKE-0002,WIN-ARGUS-002,1,94,1,1,0,0,0,2.0,0,31,32,0,28,91,1.0333333333333334,7.032978723404256,2.381723404255319,81,0,0,0,2,1,2,6078,4699,2.0,0,0,0,3,1,ransomware_like,IMPACT
RANSOMWARE_LIKE-0002,WIN-ARGUS-002,2,97,1,1,0,0,0,2.0,0,29,28,0,34,91,0.9666666666666667,6.489958762886597,1.934319587628866,78,0,0,0,5,3,2,11807,9668,4.8,0,0,0,3,1,ransomware_like,IMPACT
RANSOMWARE_LIKE-0002,WIN-ARGUS-002,3,76,1,1,0,0,0,2.0,0,27,26,0,18,71,0.9,6.756736842105262,2.063486842105263,58,0,0,0,4,3,3,6440,9418,5.0,0,0,0,3,1,ransomware_like,IMPACT
RANSOMWARE_LIKE-0002,WIN-ARGUS-002,4,93,1,1,0,0,0,2.0,0,35,30,0,22,87,1.1666666666666667,6.521354838709677,2.0231720430107525,72,0,0,0,5,3,3,10348,8022,2.6,0,0,0,3,1,ransomware_like,IMPACT
RANSOMWARE_LIKE-0002,WIN-ARGUS-002,5,90,1,1,0,0,0,2.0,0,27,34,0,26,87,0.9,6.7589444444444435,2.1508666666666665,75,0,0,0,2,1,2,5639,5498,0.5,0,0,0,3,1,ransomware_like,IMPACT
RANSOMWARE_LIKE-0003,WIN-ARGUS-003,0,89,1,1,0,0,0,2.0,0,28,23,0,33,84,0.9333333333333333,6.652910112359551,2.1740786516853934,73,0,0,0,4,2,3,10244,9157,4.5,0,0,0,3,1,ransomware_like,IMPACT
RANSOMWARE_LIKE-0003,WIN-ARGUS-003,1,96,1,1,0,0,0,2.0,0,27,34,0,31,92,0.9,6.642145833333333,2.0450625,76,0,0,0,3,2,2,10271,9587,6.666666666666667,0,0,0,3,1,ransomware_like,IMPACT
RANSOMWARE_LIKE-0003,WIN-ARGUS-003,2,104,1,1,0,0,0,2.0,0,32,34,0,32,98,1.0666666666666667,6.831134615384615,2.2051153846153846,86,0,0,0,5,3,2,13431,15286,4.0,0,0,0,3,1,ransomware_like,IMPACT
RANSOMWARE_LIKE-0003,WIN-ARGUS-003,3,90,1,1,0,0,0,2.0,0,30,28,0,26,84,1.0,6.5709333333333335,2.1099888888888887,71,0,0,0,5,3,3,13015,13982,2.6,0,0,0,3,1,ransomware_like,IMPACT
RANSOMWARE_LIKE-0003,WIN-ARGUS-003,4,98,1,1,0,0,0,2.0,0,25,35,0,34,94,0.8333333333333334,6.728295918367348,2.0397142857142856,77,0,0,0,3,2,2,3616,7520,6.333333333333333,0,0,0,3,1,ransomware_like,IMPACT
RANSOMWARE_LIKE-0003,WIN-ARGUS-003,5,76,1,1,0,0,0,2.0,0,21,25,0,25,71,0.7,6.649157894736843,2.144776315789474,65,0,0,0,4,3,3,11737,5997,5.5,0,0,0,3,1,ransomware_like,IMPACT
RANSOMWARE_LIKE-0004,WIN-ARGUS-004,0,112,1,1,0,0,0,2.0,0,26,43,0,40,109,0.8666666666666667,7.0406160714285715,2.196401785714286,97,0,0,0,2,1,2,5436,5557,4.5,0,0,0,3,1,ransomware_like,IMPACT
RANSOMWARE_LIKE-0004,WIN-ARGUS-004,1,93,1,1,0,0,0,2.0,0,34,23,0,32,89,1.1333333333333333,6.913043010752689,2.2093548387096775,74,0,0,0,3,2,2,5135,9986,5.333333333333333,0,0,0,3,1,ransomware_like,IMPACT
RANSOMWARE_LIKE-0004,WIN-ARGUS-004,2,115,1,1,0,0,0,2.0,0,31,41,0,38,110,1.0333333333333334,6.62451304347826,2.1311826086956525,91,0,0,0,4,2,2,11076,9847,3.25,0,0,0,3,1,ransomware_like,IMPACT
RANSOMWARE_LIKE-0004,WIN-ARGUS-004,3,90,1,1,0,0,0,2.0,0,25,28,0,32,85,0.8333333333333334,6.550355555555556,1.9150777777777779,66,0,0,0,4,3,3,12566,11366,4.5,0,0,0,3,1,ransomware_like,IMPACT
RANSOMWARE_LIKE-0004,WIN-ARGUS-004,4,92,1,1,0,0,0,2.0,0,35,26,0,25,86,1.1666666666666667,6.6796304347826085,2.225380434782609,73,0,0,0,5,2,3,18030,14370,3.8,0,0,0,3,1,ransomware_like,IMPACT
RANSOMWARE_LIKE-0004,WIN-ARGUS-004,5,99,1,1,0,0,0,2.0,0,40,33,0,22,95,1.3333333333333333,6.824222222222222,2.245979797979798,84,0,0,0,3,2,2,12206,4832,7.666666666666667,0,0,0,3,1,ransomware_like,IMPACT
RANSOMWARE_LIKE-0005,WIN-ARGUS-005,0,112,1,1,0,0,0,2.0,0,30,42,0,37,109,1.0,6.774607142857143,2.0706339285714286,91,0,0,0,2,1,2,6543,5452,5.5,0,0,0,3,1,ransomware_like,IMPACT
RANSOMWARE_LIKE-0005,WIN-ARGUS-005,1,107,1,1,0,0,0,2.0,0,34,31,0,36,101,1.1333333333333333,6.975196261682243,2.3093457943925233,92,0,0,0,5,2,3,13902,13182,5.0,0,0,0,3,1,ransomware_like,IMPACT
RANSOMWARE_LIKE-0005,WIN-ARGUS-005,2,109,1,1,0,0,0,2.0,0,36,34,0,34,104,1.2,7.019431192660551,2.254440366972477,96,0,0,0,4,2,2,13758,13096,5.25,0,0,0,3,1,ransomware_like,IMPACT
RANSOMWARE_LIKE-0005,WIN-ARGUS-005,3,104,1,1,0,0,0,2.0,0,30,33,0,35,98,1.0,6.83948076923077,2.217701923076923,85,0,0,0,5,2,3,10181,11810,2.4,0,0,0,3,1,ransomware_like,IMPACT
RANSOMWARE_LIKE-0005,WIN-ARGUS-005,4,81,1,1,0,0,0,2.0,0,31,23,0,24,78,1.0333333333333334,6.938654320987654,2.1471234567901236,67,0,0,0,2,1,1,4398,8284,5.5,0,0,0,3,1,ransomware_like,IMPACT
RANSOMWARE_LIKE-0005,WIN-ARGUS-005,5,91,1,1,0,0,0,2.0,0,26,25,0,36,87,0.8666666666666667,6.830681318681319,2.247274725274725,75,0,0,0,3,2,2,9617,7296,7.666666666666667,0,0,0,3,1,ransomware_like,IMPACT
RANSOMWARE_LIKE-0006,WIN-ARGUS-006,0,94,1,1,0,0,0,2.0,0,22,30,0,39,91,0.7333333333333333,6.706904255319149,2.033563829787234,74,0,0,0,2,1,2,1541,2574,4.5,0,0,0,3,1,ransomware_like,IMPACT
RANSOMWARE_LIKE-0006,WIN-ARGUS-006,1,103,1,1,0,0,0,2.0,0,30,32,0,38,100,1.0,6.9269708737864075,2.151980582524272,83,0,0,0,2,2,1,3734,4225,11.5,0,0,0,3,1,ransomware_like,IMPACT
RANSOMWARE_LIKE-0006,WIN-ARGUS-006,2,113,1,1,0,0,0,2.0,0,33,28,0,46,107,1.1,6.694300884955752,2.1133716814159293,96,0,0,0,5,3,3,15984,14070,3.8,0,0,0,3,1,ransomware_like,IMPACT
RANSOMWARE_LIKE-0006,WIN-ARGUS-006,3,82,1,1,0,0,0,2.0,0,18,32,0,26,76,0.6,6.171719512195122,1.8704268292682926,67,0,0,0,5,3,2,20016,16334,2.0,0,0,0,3,1,ransomware_like,IMPACT
RANSOMWARE_LIKE-0006,WIN-ARGUS-006,4,108,1,1,0,0,0,2.0,0,29,28,0,46,103,0.9666666666666667,6.7641481481481485,2.143972222222222,91,0,0,0,4,3,3,11043,9008,5.75,0,0,0,3,1,ransomware_like,IMPACT
RANSOMWARE_LIKE-0006,WIN-ARGUS-006,5,88,1,1,0,0,0,2.0,0,27,27,0,31,85,0.9,6.722988636363637,2.1719545454545455,74,0,0,0,2,2,2,5375,2922,7.0,0,0,0,3,1,ransomware_like,IMPACT
RANSOMWARE_LIKE-0007,WIN-ARGUS-007,0,83,1,1,0,0,0,2.0,0,30,19,0,29,78,1.0,6.460289156626505,1.955277108433735,64,0,0,0,4,3,2,11991,12829,3.75,0,0,0,3,1,ransomware_like,IMPACT
RANSOMWARE_LIKE-0007,WIN-ARGUS-007,1,83,1,1,0,0,0,2.0,0,19,25,0,36,80,0.6333333333333333,6.813626506024096,2.1511807228915663,68,0,0,0,2,2,1,5472,5463,2.0,0,0,0,3,1,ransomware_like,IMPACT
RANSOMWARE_LIKE-0007,WIN-ARGUS-007,2,76,1,1,0,0,0,2.0,0,20,22,0,28,70,0.6666666666666666,6.602697368421053,2.1802105263157894,65,0,0,0,5,2,3,13490,14823,3.6,0,0,0,3,1,ransomware_like,IMPACT
RANSOMWARE_LIKE-0007,WIN-ARGUS-007,3,114,1,1,0,0,0,2.0,0,38,38,0,33,109,1.2666666666666666,6.9189649122807015,2.261780701754386,94,0,0,0,4,3,2,8385,7852,6.25,0,0,0,3,1,ransomware_like,IMPACT
RANSOMWARE_LIKE-0007,WIN-ARGUS-007,4,100,1,1,0,0,0,2.0,0,35,28,0,31,94,1.1666666666666667,6.508920000000001,1.9600499999999998,80,0,0,0,5,2,3,15261,14246,3.0,0,0,0,3,1,ransomware_like,IMPACT
RANSOMWARE_LIKE-0007,WIN-ARGUS-007,5,110,1,1,0,0,0,2.0,0,28,34,0,43,105,0.9333333333333333,6.731136363636363,2.1019545454545456,90,0,0,0,4,2,3,9735,7952,1.0,0,0,0,3,1,ransomware_like,IMPACT
RANSOMWARE_LIKE-0008,WIN-ARGUS-008,0,109,1,1,0,0,0,2.0,0,36,44,0,25,105,1.2,6.772899082568808,2.1420366972477063,91,0,0,0,3,2,2,9799,10080,6.0,0,0,0,3,1,ransomware_like,IMPACT
RANSOMWARE_LIKE-0008,WIN-ARGUS-008,1,111,1,1,0,0,0,2.0,0,42,26,0,38,106,1.4,6.787864864864865,2.2025225225225222,89,0,0,0,4,3,1,14530,12347,6.0,0,0,0,3,1,ransomware_like,IMPACT
RANSOMWARE_LIKE-0008,WIN-ARGUS-008,2,74,1,1,0,0,0,2.0,0,19,25,0,27,71,0.6333333333333333,6.6302702702702705,2.0825810810810808,58,0,0,0,2,2,2,7831,3248,10.5,0,0,0,3,1,ransomware_like,IMPACT
RANSOMWARE_LIKE-0008,WIN-ARGUS-008,3,106,1,1,0,0,0,2.0,0,35,31,0,34,100,1.1666666666666667,6.6502169811320755,2.0605849056603773,79,0,0,0,5,2,3,13345,9573,3.2,0,0,0,3,1,ransomware_like,IMPACT
RANSOMWARE_LIKE-0008,WIN-ARGUS-008,4,107,1,1,0,0,0,2.0,0,28,36,0,39,103,0.9333333333333333,6.68281308411215,1.9690467289719624,85,0,0,0,3,2,2,12203,6050,2.3333333333333335,0,0,0,3,1,ransomware_like,IMPACT
RANSOMWARE_LIKE-0008,WIN-ARGUS-008,5,104,1,1,0,0,0,2.0,0,26,42,0,33,101,0.8666666666666667,7.001038461538461,2.2624711538461537,83,0,0,0,2,1,2,5566,3058,0.5,0,0,0,3,1,ransomware_like,IMPACT
RANSOMWARE_LIKE-0009,WIN-ARGUS-009,0,116,1,1,0,0,0,2.0,0,36,32,0,42,110,1.2,6.728870689655173,2.2529396551724137,90,0,0,0,5,2,2,11224,9598,2.4,0,0,0,3,1,ransomware_like,IMPACT
RANSOMWARE_LIKE-0009,WIN-ARGUS-009,1,105,1,1,0,0,0,2.0,0,39,36,0,27,102,1.3,6.6624,2.177619047619048,89,0,0,0,2,2,2,4985,6106,5.0,0,0,0,3,1,ransomware_like,IMPACT
RANSOMWARE_LIKE-0009,WIN-ARGUS-009,2,93,1,1,0,0,0,2.0,0,26,26,0,36,88,0.8666666666666667,6.735602150537634,2.0588602150537634,72,0,0,0,4,2,3,12605,11216,5.25,0,0,0,3,1,ransomware_like,IMPACT
RANSOMWARE_LIKE-0009,WIN-ARGUS-009,3,91,1,1,0,0,0,2.0,0,27,25,0,33,85,0.9,6.419703296703297,1.9014505494505496,67,0,0,0,5,2,2,17649,12992,2.4,0,0,0,3,1,ransomware_like,IMPACT
RANSOMWARE_LIKE-0009,WIN-ARGUS-009,4,91,1,1,0,0,0,2.0,0,27,28,0,31,86,0.9,6.534252747252747,1.9394835164835165,71,0,0,0,4,3,2,9876,9680,3.5,0,0,0,3,1,ransomware_like,IMPACT
RANSOMWARE_LIKE-0009,WIN-ARGUS-009,5,101,1,1,0,0,0,2.0,0,34,36,0,28,98,1.1333333333333333,7.011534653465346,2.2614158415841583,84,0,0,0,2,2,1,2852,7107,2.0,0,0,0,3,1,ransomware_like,IMPACT
RANSOMWARE_LIKE-0010,WIN-ARGUS-010,0,112,1,1,0,0,0,2.0,0,40,43,0,25,108,1.3333333333333333,6.791696428571428,2.165857142857143,94,0,0,0,3,2,3,8649,7569,6.0,0,0,0,3,1,ransomware_like,IMPACT
RANSOMWARE_LIKE-0010,WIN-ARGUS-010,1,91,1,1,0,0,0,2.0,0,22,33,0,30,85,0.7333333333333333,6.683,2.195065934065934,72,0,0,0,5,2,2,18637,21883,2.0,0,0,0,3,1,ransomware_like,IMPACT
RANSOMWARE_LIKE-0010,WIN-ARGUS-010,2,76,1,1,0,0,0,2.0,0,15,29,0,26,70,0.5,6.619368421052632,2.1205,60,0,0,0,5,3,3,12790,20740,4.2,0,0,0,3,1,ransomware_like,IMPACT
RANSOMWARE_LIKE-0010,WIN-ARGUS-010,3,87,1,1,0,0,0,2.0,0,22,37,0,23,82,0.7333333333333333,6.668413793103449,2.1915172413793105,77,0,0,0,4,3,2,7511,13372,6.0,0,0,0,3,1,ransomware_like,IMPACT
RANSOMWARE_LIKE-0010,WIN-ARGUS-010,4,98,1,1,0,0,0,2.0,0,29,35,0,31,95,0.9666666666666667,6.628010204081632,2.002112244897959,81,0,0,0,2,2,2,8049,823,3.5,0,0,0,3,1,ransomware_like,IMPACT
RANSOMWARE_LIKE-0010,WIN-ARGUS-010,5,101,1,1,0,0,0,2.0,0,32,41,0,23,96,1.0666666666666667,6.6291683168316835,2.1547029702970297,78,0,0,0,4,2,3,9183,10543,2.0,0,0,0,3,1,ransomware_like,IMPACT
RANSOMWARE_LIKE-0011,WIN-ARGUS-011,0,89,1,1,0,0,0,2.0,0,30,27,0,27,84,1.0,6.467325842696629,1.9217303370786516,67,0,0,0,4,2,3,6075,15396,5.25,0,0,0,3,1,ransomware_like,IMPACT
RANSOMWARE_LIKE-0011,WIN-ARGUS-011,1,87,1,1,0,0,0,2.0,0,38,23,0,22,83,1.2666666666666666,6.89667816091954,2.2817011494252877,72,0,0,0,3,2,2,7488,7552,8.0,0,0,0,3,1,ransomware_like,IMPACT
RANSOMWARE_LIKE-0011,WIN-ARGUS-011,2,101,1,1,0,0,0,2.0,0,28,36,0,31,95,0.9333333333333333,6.549188118811881,1.960079207920792,78,0,0,0,5,2,3,17195,6917,3.2,0,0,0,3,1,ransomware_like,IMPACT
RANSOMWARE_LIKE-0011,WIN-ARGUS-011,3,95,1,1,0,0,0,2.0,0,37,32,0,21,90,1.2333333333333334,6.793557894736843,2.1553473684210527,74,0,0,0,4,3,3,14433,9392,4.75,0,0,0,3,1,ransomware_like,IMPACT
RANSOMWARE_LIKE-0011,WIN-ARGUS-011,4,87,1,1,0,0,0,2.0,0,29,28,0,24,81,0.9666666666666667,6.659919540229885,2.0612988505747127,66,0,0,0,5,3,3,10785,14367,3.2,0,0,0,3,1,ransomware_like,IMPACT
RANSOMWARE_LIKE-0011,WIN-ARGUS-011,5,76,1,1,0,0,0,2.0,0,29,20,0,23,72,0.9666666666666667,6.45578947368421,1.9217763157894738,57,0,0,0,3,1,3,7681,9114,5.0,0,0,0,3,1,ransomware_like,IMPACT
RANSOMWARE_LIKE-0012,WIN-ARGUS-012,0,85,1,1,0,0,0,2.0,0,25,24,0,31,80,0.8333333333333334,6.535247058823529,2.0374588235294118,71,0,0,0,4,2,2,9502,11107,5.25,0,0,0,3,1,ransomware_like,IMPACT
RANSOMWARE_LIKE-0012,WIN-ARGUS-012,1,96,1,1,0,0,0,2.0,0,29,26,0,36,91,0.9666666666666667,6.788479166666666,2.1876354166666667,81,0,0,0,4,2,3,9794,9800,6.0,0,0,0,3,1,ransomware_like,IMPACT
RANSOMWARE_LIKE-0012,WIN-ARGUS-012,2,87,1,1,0,0,0,2.0,0,28,24,0,29,81,0.9333333333333333,6.541333333333333,2.1109770114942528,70,0,0,0,5,2,2,12058,12192,3.6,0,0,0,3,1,ransomware_like,IMPACT
RANSOMWARE_LIKE-0012,WIN-ARGUS-012,3,87,1,1,0,0,0,2.0,0,30,26,0,25,81,1.0,6.4848505747126435,1.9116666666666666,64,0,0,0,5,3,1,13307,14542,4.8,0,0,0,3,1,ransomware_like,IMPACT
RANSOMWARE_LIKE-0012,WIN-ARGUS-012,4,80,1,1,0,0,0,2.0,0,23,28,0,24,75,0.7666666666666667,6.4358125,1.9689125,62,0,0,0,4,3,2,8735,13007,5.0,0,0,0,3,1,ransomware_like,IMPACT
RANSOMWARE_LIKE-0012,WIN-ARGUS-012,5,82,1,1,0,0,0,2.0,0,30,24,0,22,76,1.0,6.493121951219512,2.073390243902439,67,0,0,0,5,2,3,9293,8123,4.4,0,0,0,3,1,ransomware_like,IMPACT
RANSOMWARE_LIKE-0013,WIN-ARGUS-013,0,88,1,1,0,0,0,2.0,0,30,33,0,21,84,1.0,6.66053409090909,2.077897727272727,69,0,0,0,3,2,2,6952,11726,5.0,0,0,0,3,1,ransomware_like,IMPACT
RANSOMWARE_LIKE-0013,WIN-ARGUS-013,1,80,1,1,0,0,0,2.0,0,21,17,0,36,74,0.7,6.644387500000001,2.2577125,64,0,0,0,5,3,3,12616,8821,3.8,0,0,0,3,1,ransomware_like,IMPACT
RANSOMWARE_LIKE-0013,WIN-ARGUS-013,2,105,1,1,0,0,0,2.0,0,39,35,0,26,100,1.3,6.8463714285714286,2.292447619047619,89,0,0,0,4,2,2,10867,11762,3.5,0,0,0,3,1,ransomware_like,IMPACT
RANSOMWARE_LIKE-0013,WIN-ARGUS-013,3,109,1,1,0,0,0,2.0,0,35,35,0,36,106,1.1666666666666667,6.736137614678899,2.0359449541284405,88,0,0,0,2,1,2,4280,5887,3.0,0,0,0,3,1,ransomware_like,IMPACT
RANSOMWARE_LIKE-0013,WIN-ARGUS-013,4,108,1,1,0,0,0,2.0,0,36,34,0,32,102,1.2,6.636111111111112,2.0954259259259262,82,0,0,0,5,3,3,12255,11977,4.6,0,0,0,3,1,ransomware_like,IMPACT
RANSOMWARE_LIKE-0013,WIN-ARGUS-013,5,110,1,1,0,0,0,2.0,0,30,38,0,39,107,1.0,6.738418181818182,2.156727272727273,87,0,0,0,2,2,2,6038,5329,7.5,0,0,0,3,1,ransomware_like,IMPACT
RANSOMWARE_LIKE-0014,WIN-ARGUS-014,0,113,1,1,0,0,0,2.0,0,40,36,0,34,110,1.3333333333333333,6.941654867256638,2.2191061946902657,96,0,0,0,2,2,2,5125,7721,2.0,0,0,0,3,1,ransomware_like,IMPACT
RANSOMWARE_LIKE-0014,WIN-ARGUS-014,1,73,1,1,0,0,0,2.0,0,29,17,0,24,70,0.9666666666666667,6.717630136986301,2.0713698630136985,56,0,0,0,2,2,2,1177,4758,1.5,0,0,0,3,1,ransomware_like,IMPACT
RANSOMWARE_LIKE-0014,WIN-ARGUS-014,2,75,1,1,0,0,0,2.0,0,29,23,0,19,71,0.9666666666666667,6.791493333333333,2.191253333333333,60,0,0,0,3,2,2,10396,10028,0.3333333333333333,0,0,0,3,1,ransomware_like,IMPACT
RANSOMWARE_LIKE-0014,WIN-ARGUS-014,3,98,1,1,0,0,0,2.0,0,36,29,0,28,93,1.2,6.6171836734693885,2.1102448979591837,85,0,0,0,4,2,2,9635,7410,2.75,0,0,0,3,1,ransomware_like,IMPACT
RANSOMWARE_LIKE-0014,WIN-ARGUS-014,4,78,1,1,0,0,0,2.0,0,29,19,0,27,75,0.9666666666666667,6.859641025641026,2.1753589743589745,66,0,0,0,2,2,2,4245,1594,6.0,0,0,0,3,1,ransomware_like,IMPACT
RANSOMWARE_LIKE-0014,WIN-ARGUS-014,5,78,1,1,0,0,0,2.0,0,29,23,0,23,75,0.9666666666666667,6.786076923076923,2.1188589743589747,64,0,0,0,2,2,2,4495,5905,5.5,0,0,0,3,1,ransomware_like,IMPACT
RANSOMWARE_LIKE-0015,WIN-ARGUS-015,0,77,1,1,0,0,0,2.0,0,30,21,0,23,74,1.0,6.744142857142857,2.2513766233766233,63,0,0,0,2,2,2,8764,4493,3.0,0,0,0,3,1,ransomware_like,IMPACT
RANSOMWARE_LIKE-0015,WIN-ARGUS-015,1,95,1,1,0,0,0,2.0,0,26,31,0,32,89,0.8666666666666667,6.792642105263158,2.2759894736842106,77,0,0,0,5,2,3,10045,18572,1.0,0,0,0,3,1,ransomware_like,IMPACT
RANSOMWARE_LIKE-0015,WIN-ARGUS-015,2,97,1,1,0,0,0,2.0,0,39,32,0,23,94,1.3,6.823154639175257,2.0219278350515464,82,0,0,0,2,1,2,3476,1492,1.5,0,0,0,3,1,ransomware_like,IMPACT
RANSOMWARE_LIKE-0015,WIN-ARGUS-015,3,107,1,1,0,0,0,2.0,0,38,28,0,37,103,1.2666666666666666,6.974205607476636,2.3834392523364487,91,0,0,0,3,2,2,5038,3495,5.0,0,0,0,3,1,ransomware_like,IMPACT
RANSOMWARE_LIKE-0015,WIN-ARGUS-015,4,88,1,1,0,0,0,2.0,0,27,29,0,27,83,0.9,6.608761363636364,2.1203295454545454,73,0,0,0,4,2,2,10680,10908,5.75,0,0,0,3,1,ransomware_like,IMPACT
RANSOMWARE_LIKE-0015,WIN-ARGUS-015,5,97,1,1,0,0,0,2.0,0,20,38,0,36,94,0.6666666666666666,7.102051546391753,2.282556701030928,85,0,0,0,2,2,2,3562,6878,8.0,0,0,0,3,1,ransomware_like,IMPACT
RANSOMWARE_LIKE-0016,WIN-ARGUS-016,0,88,1,1,0,0,0,2.0,0,31,23,0,31,85,1.0333333333333334,6.709636363636363,2.155727272727273,72,0,0,0,2,1,2,7433,4005,10.5,0,0,0,3,1,ransomware_like,IMPACT
RANSOMWARE_LIKE-0016,WIN-ARGUS-016,1,75,1,1,0,0,0,2.0,0,29,21,0,21,71,0.9666666666666667,6.539186666666667,2.16812,62,0,0,0,3,2,2,8203,7255,3.6666666666666665,0,0,0,3,1,ransomware_like,IMPACT
RANSOMWARE_LIKE-0016,WIN-ARGUS-016,2,92,1,1,0,0,0,2.0,0,32,31,0,26,89,1.0666666666666667,7.050554347826086,2.2668478260869565,79,0,0,0,2,1,2,6782,1148,0.5,0,0,0,3,1,ransomware_like,IMPACT
RANSOMWARE_LIKE-0016,WIN-ARGUS-016,3,91,1,1,0,0,0,2.0,0,36,25,0,26,87,1.2,6.841109890109891,2.1814065934065936,76,0,0,0,3,1,3,8574,9277,6.333333333333333,0,0,0,3,1,ransomware_like,IMPACT
RANSOMWARE_LIKE-0016,WIN-ARGUS-016,4,98,1,1,0,0,0,2.0,0,28,33,0,34,95,0.9333333333333333,6.714969387755102,2.0374591836734695,81,0,0,0,2,1,1,4281,7336,1.0,0,0,0,3,1,ransomware_like,IMPACT
RANSOMWARE_LIKE-0016,WIN-ARGUS-016,5,107,1,1,0,0,0,2.0,0,31,38,0,32,101,1.0333333333333334,6.74514953271028,2.1685887850467287,92,0,0,0,5,3,3,14689,4632,4.8,0,0,0,3,1,ransomware_like,IMPACT
RANSOMWARE_LIKE-0017,WIN-ARGUS-017,0,100,1,1,0,0,0,2.0,0,25,34,0,38,97,0.8333333333333334,7.160019999999999,2.33542,81,0,0,0,2,1,2,7177,3165,3.0,0,0,0,3,1,ransomware_like,IMPACT
RANSOMWARE_LIKE-0017,WIN-ARGUS-017,1,76,1,1,0,0,0,2.0,0,27,25,0,21,73,0.9,6.9692763157894735,2.3026973684210525,61,0,0,0,2,1,1,5147,7077,9.0,0,0,0,3,1,ransomware_like,IMPACT
RANSOMWARE_LIKE-0017,WIN-ARGUS-017,2,78,1,1,0,0,0,2.0,0,30,26,0,18,74,1.0,6.842346153846154,2.215346153846154,67,0,0,0,3,2,3,6233,9602,3.6666666666666665,0,0,0,3,1,ransomware_like,IMPACT
RANSOMWARE_LIKE-0017,WIN-ARGUS-017,3,98,1,1,0,0,0,2.0,0,23,34,0,35,92,0.7666666666666667,6.40484693877551,1.9935102040816326,76,0,0,0,5,3,3,10196,12713,4.4,0,0,0,3,1,ransomware_like,IMPACT
RANSOMWARE_LIKE-0017,WIN-ARGUS-017,4,95,1,1,0,0,0,2.0,0,36,23,0,33,92,1.2,6.807863157894737,2.080642105263158,80,0,0,0,2,2,2,3761,7433,7.0,0,0,0,3,1,ransomware_like,IMPACT
RANSOMWARE_LIKE-0017,WIN-ARGUS-017,5,80,1,1,0,0,0,2.0,0,24,27,0,26,77,0.8,6.9704,2.24155,64,0,0,0,2,1,2,5921,4681,1.0,0,0,0,3,1,ransomware_like,IMPACT
RANSOMWARE_LIKE-0018,WIN-ARGUS-018,0,111,1,1,0,0,0,2.0,0,34,36,0,37,107,1.1333333333333333,6.919342342342342,2.355855855855856,92,0,0,0,3,2,2,6511,5719,5.0,0,0,0,3,1,ransomware_like,IMPACT
RANSOMWARE_LIKE-0018,WIN-ARGUS-018,1,99,1,1,0,0,0,2.0,0,21,36,0,36,93,0.7,6.927111111111111,2.2180909090909093,80,0,0,0,5,2,3,9761,11978,2.6,0,0,0,3,1,ransomware_like,IMPACT
RANSOMWARE_LIKE-0018,WIN-ARGUS-018,2,113,1,1,0,0,0,2.0,0,37,31,0,42,110,1.2333333333333334,6.761858407079647,2.072132743362832,88,0,0,0,2,2,2,2360,5984,12.5,0,0,0,3,1,ransomware_like,IMPACT
RANSOMWARE_LIKE-0018,WIN-ARGUS-018,3,83,1,1,0,0,0,2.0,0,26,26,0,26,78,0.8666666666666667,6.914301204819278,2.2904939759036145,69,0,0,0,4,3,2,4866,13688,5.75,0,0,0,3,1,ransomware_like,IMPACT
RANSOMWARE_LIKE-0018,WIN-ARGUS-018,4,90,1,1,0,0,0,2.0,0,29,22,0,33,84,0.9666666666666667,6.617866666666666,2.089611111111111,70,0,0,0,5,3,2,12894,18872,5.0,0,0,0,3,1,ransomware_like,IMPACT
RANSOMWARE_LIKE-0018,WIN-ARGUS-018,5,91,1,1,0,0,0,2.0,0,30,26,0,29,85,1.0,6.551747252747252,2.1446923076923077,73,0,0,0,5,3,3,12416,9198,3.6,0,0,0,3,1,ransomware_like,IMPACT
RANSOMWARE_LIKE-0019,WIN-ARGUS-019,0,107,1,1,0,0,0,2.0,0,26,40,0,36,102,0.8666666666666667,6.853785046728972,2.2471682242990654,88,0,0,0,4,3,2,14152,8481,5.25,0,0,0,3,1,ransomware_like,IMPACT
RANSOMWARE_LIKE-0019,WIN-ARGUS-019,1,104,1,1,0,0,0,2.0,0,30,37,0,34,101,1.0,7.078490384615384,2.3432403846153846,90,0,0,0,2,1,1,5619,2535,5.5,0,0,0,3,1,ransomware_like,IMPACT
RANSOMWARE_LIKE-0019,WIN-ARGUS-019,2,88,1,1,0,0,0,2.0,0,22,29,0,33,84,0.7333333333333333,6.835636363636365,2.229727272727273,75,0,0,0,3,2,1,12265,6823,5.666666666666667,0,0,0,3,1,ransomware_like,IMPACT
RANSOMWARE_LIKE-0019,WIN-ARGUS-019,3,87,1,1,0,0,0,2.0,0,32,28,0,24,84,1.0666666666666667,6.985712643678162,2.345287356321839,76,0,0,0,2,1,1,6272,7309,2.0,0,0,0,3,1,ransomware_like,IMPACT
RANSOMWARE_LIKE-0019,WIN-ARGUS-019,4,73,1,1,0,0,0,2.0,0,26,25,0,19,70,0.8666666666666667,7.195027397260273,2.398438356164384,65,0,0,0,2,1,2,6553,4229,2.0,0,0,0,3,1,ransomware_like,IMPACT
RANSOMWARE_LIKE-0019,WIN-ARGUS-019,5,114,1,1,0,0,0,2.0,0,33,33,0,42,108,1.1,6.656271929824562,2.089701754385965,93,0,0,0,5,3,2,9666,6545,2.6,0,0,0,3,1,ransomware_like,IMPACT
RANSOMWARE_LIKE-0020,WIN-ARGUS-020,0,79,1,1,0,0,0,2.0,0,31,22,0,23,76,1.0333333333333334,6.642164556962025,2.057405063291139,65,0,0,0,2,1,2,4668,4978,1.0,0,0,0,3,1,ransomware_like,IMPACT
RANSOMWARE_LIKE-0020,WIN-ARGUS-020,1,99,1,1,0,0,0,2.0,0,29,39,0,25,93,0.9666666666666667,6.797737373737374,2.2785656565656565,83,0,0,0,5,3,2,12932,11674,3.0,0,0,0,3,1,ransomware_like,IMPACT
RANSOMWARE_LIKE-0020,WIN-ARGUS-020,2,98,1,1,0,0,0,2.0,0,35,29,0,30,94,1.1666666666666667,6.8262755102040815,2.0888673469387755,80,0,0,0,3,3,3,5338,9261,7.0,0,0,0,3,1,ransomware_like,IMPACT
RANSOMWARE_LIKE-0020,WIN-ARGUS-020,3,92,1,1,0,0,0,2.0,0,31,28,0,28,87,1.0333333333333334,6.845380434782609,2.283521739130435,78,0,0,0,4,2,2,12934,9946,3.5,0,0,0,3,1,ransomware_like,IMPACT
RANSOMWARE_LIKE-0020,WIN-ARGUS-020,4,98,1,1,0,0,0,2.0,0,28,29,0,35,92,0.9333333333333333,6.586408163265306,2.0363367346938777,83,0,0,0,5,3,2,10819,8838,2.6,0,0,0,3,1,ransomware_like,IMPACT
RANSOMWARE_LIKE-0020,WIN-ARGUS-020,5,103,1,1,0,0,0,2.0,0,25,37,0,35,97,0.8333333333333334,6.762834951456311,2.1873398058252427,84,0,0,0,5,3,2,9821,12358,3.8,0,0,0,3,1,ransomware_like,IMPACT
RANSOMWARE_LIKE-0021,WIN-ARGUS-021,0,115,1,1,0,0,0,2.0,0,31,41,0,37,109,1.0333333333333334,6.747417391304348,2.1855652173913045,90,0,0,0,5,3,2,16096,11096,2.4,0,0,0,3,1,ransomware_like,IMPACT
RANSOMWARE_LIKE-0021,WIN-ARGUS-021,1,101,1,1,0,0,0,2.0,0,43,26,0,27,96,1.4333333333333333,6.8734059405940595,2.1481188118811883,82,0,0,0,4,2,2,10081,9210,2.0,0,0,0,3,1,ransomware_like,IMPACT
RANSOMWARE_LIKE-0021,WIN-ARGUS-021,2,103,1,1,0,0,0,2.0,0,26,40,0,33,99,0.8666666666666667,6.8199223300970875,2.131592233009709,84,0,0,0,3,2,3,7838,7284,5.666666666666667,0,0,0,3,1,ransomware_like,IMPACT
RANSOMWARE_LIKE-0021,WIN-ARGUS-021,3,79,1,1,0,0,0,2.0,0,30,20,0,23,73,1.0,6.449518987341772,2.0096835443037975,63,0,0,0,5,2,3,7468,12493,4.2,0,0,0,3,1,ransomware_like,IMPACT
RANSOMWARE_LIKE-0021,WIN-ARGUS-021,4,76,1,1,0,0,0,2.0,0,20,30,0,23,73,0.6666666666666666,6.914999999999999,2.25025,66,0,0,0,2,2,1,4760,6033,8.5,0,0,0,3,1,ransomware_like,IMPACT
RANSOMWARE_LIKE-0021,WIN-ARGUS-021,5,86,1,1,0,0,0,2.0,0,30,22,0,30,82,1.0,6.891023255813954,2.1907674418604652,74,0,0,0,3,1,3,8337,8705,1.3333333333333333,0,0,0,3,1,ransomware_like,IMPACT
RANSOMWARE_LIKE-0022,WIN-ARGUS-022,0,91,1,1,0,0,0,2.0,0,21,33,0,34,88,0.7,6.871549450549451,2.1803406593406596,73,0,0,0,2,2,2,7064,3900,1.0,0,0,0,3,1,ransomware_like,IMPACT
RANSOMWARE_LIKE-0022,WIN-ARGUS-022,1,78,1,1,0,0,0,2.0,0,32,19,0,22,73,1.0666666666666667,6.593076923076923,2.0916410256410254,62,0,0,0,4,2,2,8193,14061,4.0,0,0,0,3,1,ransomware_like,IMPACT
RANSOMWARE_LIKE-0022,WIN-ARGUS-022,2,76,1,1,0,0,0,2.0,0,27,21,0,25,73,0.9,7.076144736842106,2.353473684210526,69,0,0,0,2,1,1,2140,1556,1.5,0,0,0,3,1,ransomware_like,IMPACT
RANSOMWARE_LIKE-0022,WIN-ARGUS-022,3,77,1,1,0,0,0,2.0,0,25,24,0,24,73,0.8333333333333334,6.554064935064935,2.1645454545454546,60,0,0,0,3,2,2,8253,6925,3.6666666666666665,0,0,0,3,1,ransomware_like,IMPACT
RANSOMWARE_LIKE-0022,WIN-ARGUS-022,4,80,1,1,0,0,0,2.0,0,26,26,0,24,76,0.8666666666666667,6.4794875,1.9286375,66,0,0,0,3,1,2,6591,14227,7.0,0,0,0,3,1,ransomware_like,IMPACT
RANSOMWARE_LIKE-0022,WIN-ARGUS-022,5,73,1,1,0,0,0,2.0,0,17,27,0,26,70,0.5666666666666667,6.839547945205479,2.221698630136986,61,0,0,0,2,2,1,7196,5621,3.0,0,0,0,3,1,ransomware_like,IMPACT
RANSOMWARE_LIKE-0023,WIN-ARGUS-023,0,106,1,1,0,0,0,2.0,0,36,31,0,36,103,1.2,6.913443396226415,2.2081603773584906,88,0,0,0,2,2,2,2576,9389,1.0,0,0,0,3,1,ransomware_like,IMPACT
RANSOMWARE_LIKE-0023,WIN-ARGUS-023,1,110,1,1,0,0,0,2.0,0,30,33,0,41,104,1.0,6.484181818181818,1.988009090909091,85,0,0,0,5,2,3,11145,8955,2.4,0,0,0,3,1,ransomware_like,IMPACT
RANSOMWARE_LIKE-0023,WIN-ARGUS-023,2,89,1,1,0,0,0,2.0,0,26,27,0,31,84,0.8666666666666667,6.884426966292136,2.3316629213483147,78,0,0,0,4,2,2,5886,9979,4.5,0,0,0,3,1,ransomware_like,IMPACT
RANSOMWARE_LIKE-0023,WIN-ARGUS-023,3,104,1,1,0,0,0,2.0,0,46,25,0,30,101,1.5333333333333334,6.798134615384615,2.2760865384615383,89,0,0,0,2,2,1,4521,8854,0.5,0,0,0,3,1,ransomware_like,IMPACT
RANSOMWARE_LIKE-0023,WIN-ARGUS-023,4,91,1,1,0,0,0,2.0,0,32,24,0,31,87,1.0666666666666667,7.067879120879121,2.270076923076923,74,0,0,0,3,2,2,8081,11086,6.0,0,0,0,3,1,ransomware_like,IMPACT
RANSOMWARE_LIKE-0023,WIN-ARGUS-023,5,86,1,1,0,0,0,2.0,0,27,31,0,22,80,0.9,6.5328372093023255,2.1203372093023254,69,0,0,0,5,2,3,16663,13235,4.6,0,0,0,3,1,ransomware_like,IMPACT
RANSOMWARE_LIKE-0024,WIN-ARGUS-024,0,93,1,1,0,0,0,2.0,0,28,27,0,33,88,0.9333333333333333,6.6659247311827965,2.107150537634409,74,0,0,0,4,3,2,11284,7728,4.0,0,0,0,3,1,ransomware_like,IMPACT
RANSOMWARE_LIKE-0024,WIN-ARGUS-024,1,114,1,1,0,0,0,2.0,0,40,28,0,41,109,1.3333333333333333,7.01690350877193,2.3074824561403506,99,0,0,0,4,2,3,12049,10780,5.25,0,0,0,3,1,ransomware_like,IMPACT
RANSOMWARE_LIKE-0024,WIN-ARGUS-024,2,114,1,1,0,0,0,2.0,0,31,37,0,42,110,1.0333333333333334,6.666710526315789,2.001342105263158,90,0,0,0,3,2,2,6782,1336,2.6666666666666665,0,0,0,3,1,ransomware_like,IMPACT
RANSOMWARE_LIKE-0024,WIN-ARGUS-024,3,113,1,1,0,0,0,2.0,0,38,32,0,38,108,1.2666666666666666,6.994230088495575,2.2171504424778763,95,0,0,0,4,3,2,6460,7853,3.75,0,0,0,3,1,ransomware_like,IMPACT
RANSOMWARE_LIKE-0024,WIN-ARGUS-024,4,97,1,1,0,0,0,2.0,0,36,33,0,25,94,1.2,6.738515463917525,2.095907216494845,79,0,0,0,2,2,2,5574,5344,5.5,0,0,0,3,1,ransomware_like,IMPACT
RANSOMWARE_LIKE-0024,WIN-ARGUS-024,5,109,1,1,0,0,0,2.0,0,37,30,0,38,105,1.2333333333333334,6.779321100917431,2.0754311926605506,84,0,0,0,3,2,2,8317,11761,8.333333333333334,0,0,0,3,1,ransomware_like,IMPACT
RANSOMWARE_LIKE-0025,WIN-ARGUS-025,0,82,1,1,0,0,0,2.0,0,25,24,0,27,76,0.8333333333333334,6.49580487804878,2.095280487804878,69,0,0,0,5,2,3,13300,11718,4.4,0,0,0,3,1,ransomware_like,IMPACT
RANSOMWARE_LIKE-0025,WIN-ARGUS-025,1,82,1,1,0,0,0,2.0,0,25,28,0,23,76,0.8333333333333334,6.487756097560975,1.9660731707317072,68,0,0,0,5,2,2,9702,18015,3.2,0,0,0,3,1,ransomware_like,IMPACT
RANSOMWARE_LIKE-0025,WIN-ARGUS-025,2,102,1,1,0,0,0,2.0,0,31,34,0,31,96,1.0333333333333334,6.76771568627451,2.1060392156862746,81,0,0,0,5,1,3,14721,15399,3.2,0,0,0,3,1,ransomware_like,IMPACT
RANSOMWARE_LIKE-0025,WIN-ARGUS-025,3,110,1,1,0,0,0,2.0,0,44,28,0,34,106,1.4666666666666666,6.644818181818182,2.0335,91,0,0,0,3,2,2,6743,7179,7.333333333333333,0,0,0,3,1,ransomware_like,IMPACT
RANSOMWARE_LIKE-0025,WIN-ARGUS-025,4,84,1,1,0,0,0,2.0,0,29,24,0,27,80,0.9666666666666667,7.011988095238094,2.3767738095238093,74,0,0,0,3,3,2,4866,7356,7.333333333333333,0,0,0,3,1,ransomware_like,IMPACT
RANSOMWARE_LIKE-0025,WIN-ARGUS-025,5,78,1,1,0,0,0,2.0,0,27,19,0,28,74,0.9,6.746871794871795,2.1843461538461537,63,0,0,0,3,2,1,14292,7099,5.666666666666667,0,0,0,3,1,ransomware_like,IMPACT
RANSOMWARE_LIKE-0026,WIN-ARGUS-026,0,88,1,1,0,0,0,2.0,0,28,27,0,27,82,0.9333333333333333,6.755318181818182,2.1664659090909093,68,0,0,0,5,3,2,15545,13324,5.2,0,0,0,3,1,ransomware_like,IMPACT
RANSOMWARE_LIKE-0026,WIN-ARGUS-026,1,79,1,1,0,0,0,2.0,0,29,16,0,30,75,0.9666666666666667,6.729936708860759,2.1020379746835443,58,0,0,0,3,1,2,6558,9020,2.6666666666666665,0,0,0,3,1,ransomware_like,IMPACT
RANSOMWARE_LIKE-0026,WIN-ARGUS-026,2,77,1,1,0,0,0,2.0,0,25,25,0,23,73,0.8333333333333334,6.977727272727273,2.2588701298701297,66,0,0,0,3,3,2,10752,4584,3.6666666666666665,0,0,0,3,1,ransomware_like,IMPACT
RANSOMWARE_LIKE-0026,WIN-ARGUS-026,3,77,1,1,0,0,0,2.0,0,18,25,0,28,71,0.6,6.833909090909091,2.2054675324675324,64,0,0,0,5,3,2,13670,11025,3.8,0,0,0,3,1,ransomware_like,IMPACT
RANSOMWARE_LIKE-0026,WIN-ARGUS-026,4,109,1,1,0,0,0,2.0,0,30,33,0,40,103,1.0,6.718862385321101,2.0305504587155965,89,0,0,0,5,2,2,13187,13759,2.6,0,0,0,3,1,ransomware_like,IMPACT
RANSOMWARE_LIKE-0026,WIN-ARGUS-026,5,109,1,1,0,0,0,2.0,0,26,41,0,39,106,0.8666666666666667,7.010100917431193,2.3115871559633026,94,0,0,0,2,1,2,3408,5085,2.0,0,0,0,3,1,ransomware_like,IMPACT
RANSOMWARE_LIKE-0027,WIN-ARGUS-027,0,105,1,1,0,0,0,2.0,0,28,39,0,33,100,0.9333333333333333,6.804942857142858,2.2069333333333336,83,0,0,0,4,3,2,10354,8062,4.75,0,0,0,3,1,ransomware_like,IMPACT
RANSOMWARE_LIKE-0027,WIN-ARGUS-027,1,108,1,1,0,0,0,2.0,0,33,40,0,32,105,1.1,6.906768518518519,2.1913055555555556,90,0,0,0,2,1,2,8905,4695,2.0,0,0,0,3,1,ransomware_like,IMPACT
RANSOMWARE_LIKE-0027,WIN-ARGUS-027,2,78,1,1,0,0,0,2.0,0,19,21,0,34,74,0.6333333333333333,6.751166666666667,2.0307179487179488,59,0,0,0,3,2,2,4052,7382,4.333333333333333,0,0,0,3,1,ransomware_like,IMPACT
RANSOMWARE_LIKE-0027,WIN-ARGUS-027,3,89,1,1,0,0,0,2.0,0,26,31,0,27,84,0.8666666666666667,6.600831460674158,2.0226966292134834,70,0,0,0,4,3,3,12223,11225,5.25,0,0,0,3,1,ransomware_like,IMPACT
RANSOMWARE_LIKE-0027,WIN-ARGUS-027,4,109,1,1,0,0,0,2.0,0,33,39,0,33,105,1.1,6.76645871559633,2.1524036697247704,91,0,0,0,3,2,3,6175,7439,6.0,0,0,0,3,1,ransomware_like,IMPACT
RANSOMWARE_LIKE-0027,WIN-ARGUS-027,5,100,1,1,0,0,0,2.0,0,30,27,0,37,94,1.0,6.68872,2.2596000000000003,83,0,0,0,5,3,2,17051,14929,4.0,0,0,0,3,1,ransomware_like,IMPACT
RANSOMWARE_LIKE-0028,WIN-ARGUS-028,0,105,1,1,0,0,0,2.0,0,23,40,0,37,100,0.7666666666666667,6.597723809523809,2.096819047619048,85,0,0,0,4,2,2,12535,12606,3.75,0,0,0,3,1,ransomware_like,IMPACT
RANSOMWARE_LIKE-0028,WIN-ARGUS-028,1,78,1,1,0,0,0,2.0,0,19,30,0,24,73,0.6333333333333333,6.693794871794871,2.1197435897435897,63,0,0,0,4,2,2,14222,10596,5.5,0,0,0,3,1,ransomware_like,IMPACT
RANSOMWARE_LIKE-0028,WIN-ARGUS-028,2,109,1,1,0,0,0,2.0,0,37,28,0,41,106,1.2333333333333334,6.8958623853211005,2.155091743119266,91,0,0,0,2,2,2,2662,2467,4.0,0,0,0,3,1,ransomware_like,IMPACT
RANSOMWARE_LIKE-0028,WIN-ARGUS-028,3,98,1,1,0,0,0,2.0,0,31,38,0,25,94,1.0333333333333334,7.142193877551021,2.3763877551020407,87,0,0,0,3,2,2,9282,7946,3.3333333333333335,0,0,0,3,1,ransomware_like,IMPACT
RANSOMWARE_LIKE-0028,WIN-ARGUS-028,4,80,1,1,0,0,0,2.0,0,24,21,0,29,74,0.8,6.467037500000001,2.0858625,63,0,0,0,5,2,2,18687,10281,2.4,0,0,0,3,1,ransomware_like,IMPACT
RANSOMWARE_LIKE-0028,WIN-ARGUS-028,5,77,1,1,0,0,0,2.0,0,33,21,0,20,74,1.1,6.970909090909091,2.236116883116883,65,0,0,0,2,1,1,2807,5806,4.0,0,0,0,3,1,ransomware_like,IMPACT
RANSOMWARE_LIKE-0029,WIN-ARGUS-029,0,102,1,1,0,0,0,2.0,0,47,26,0,26,99,1.5666666666666667,6.999186274509804,2.2214901960784315,84,0,0,0,2,2,2,7206,6918,1.0,0,0,0,3,1,ransomware_like,IMPACT
RANSOMWARE_LIKE-0029,WIN-ARGUS-029,1,92,1,1,0,0,0,2.0,0,33,28,0,28,89,1.1,6.848836956521739,2.1383152173913045,79,0,0,0,2,2,2,3721,4238,10.0,0,0,0,3,1,ransomware_like,IMPACT
RANSOMWARE_LIKE-0029,WIN-ARGUS-029,2,109,1,1,0,0,0,2.0,0,39,36,0,30,105,1.3,6.894302752293578,2.2358899082568806,89,0,0,0,3,1,3,5288,10544,3.0,0,0,0,3,1,ransomware_like,IMPACT
RANSOMWARE_LIKE-0029,WIN-ARGUS-029,3,95,1,1,0,0,0,2.0,0,30,41,0,21,92,1.0,6.987031578947369,2.2682210526315787,83,0,0,0,2,2,2,2548,2181,4.0,0,0,0,3,1,ransomware_like,IMPACT
RANSOMWARE_LIKE-0029,WIN-ARGUS-029,4,113,1,1,0,0,0,2.0,0,41,27,0,39,107,1.3666666666666667,6.5554778761061945,2.0140973451327433,90,0,0,0,5,3,2,9032,15088,4.6,0,0,0,3,1,ransomware_like,IMPACT
RANSOMWARE_LIKE-0029,WIN-ARGUS-029,5,113,1,1,0,0,0,2.0,0,35,33,0,40,108,1.1666666666666667,6.751840707964601,2.158920353982301,93,0,0,0,4,2,3,6127,8349,5.75,0,0,0,3,1,ransomware_like,IMPACT
RANSOMWARE_LIKE-0030,WIN-ARGUS-030,0,111,1,1,0,0,0,2.0,0,38,29,0,38,105,1.2666666666666666,6.732774774774774,2.219036036036036,92,0,0,0,5,1,3,10759,9196,4.8,0,0,0,3,1,ransomware_like,IMPACT
RANSOMWARE_LIKE-0030,WIN-ARGUS-030,1,92,1,1,0,0,0,2.0,0,22,31,0,35,88,0.7333333333333333,6.797413043478261,2.2275,79,0,0,0,3,2,2,7915,8007,4.0,0,0,0,3,1,ransomware_like,IMPACT
RANSOMWARE_LIKE-0030,WIN-ARGUS-030,2,114,1,1,0,0,0,2.0,0,36,34,0,40,109,1.2,6.786070175438597,2.077964912280702,91,0,0,0,3,1,2,9982,7931,1.0,0,0,0,3,1,ransomware_like,IMPACT
RANSOMWARE_LIKE-0030,WIN-ARGUS-030,3,96,1,1,0,0,0,2.0,0,33,30,0,29,92,1.1,6.571739583333333,2.07665625,75,0,0,0,3,2,2,2642,6105,2.0,0,0,0,3,1,ransomware_like,IMPACT
RANSOMWARE_LIKE-0030,WIN-ARGUS-030,4,90,1,1,0,0,0,2.0,0,32,20,0,32,84,1.0666666666666667,6.743788888888889,2.152022222222222,73,0,0,0,5,3,3,12721,11157,3.6,0,0,0,3,1,ransomware_like,IMPACT
RANSOMWARE_LIKE-0030,WIN-ARGUS-030,5,110,1,1,0,0,0,2.0,0,28,37,0,41,106,0.9333333333333333,6.931154545454546,2.3401636363636364,92,0,0,0,3,2,3,7928,7233,1.6666666666666667,0,0,0,3,1,ransomware_like,IMPACT
RANSOMWARE_LIKE-0031,WIN-ARGUS-031,0,103,1,1,0,0,0,2.0,0,37,35,0,27,99,1.2333333333333334,6.842747572815534,2.146640776699029,88,0,0,0,3,2,3,11383,5975,2.0,0,0,0,3,1,ransomware_like,IMPACT
RANSOMWARE_LIKE-0031,WIN-ARGUS-031,1,96,1,1,0,0,0,2.0,0,27,24,0,39,90,0.9,6.660927083333333,2.173697916666667,77,0,0,0,5,2,3,11903,13111,2.8,0,0,0,3,1,ransomware_like,IMPACT
RANSOMWARE_LIKE-0031,WIN-ARGUS-031,2,91,1,1,0,0,0,2.0,0,30,31,0,27,88,1.0,6.65121978021978,2.0036923076923077,74,0,0,0,2,2,1,3286,4692,2.0,0,0,0,3,1,ransomware_like,IMPACT
RANSOMWARE_LIKE-0031,WIN-ARGUS-031,3,106,1,1,0,0,0,2.0,0,38,37,0,28,103,1.2666666666666666,6.811981132075472,2.0836509433962265,86,0,0,0,2,2,2,6427,7319,2.5,0,0,0,3,1,ransomware_like,IMPACT
RANSOMWARE_LIKE-0031,WIN-ARGUS-031,4,112,1,1,0,0,0,2.0,0,37,35,0,35,107,1.2333333333333334,6.544660714285714,2.0923660714285712,92,0,0,0,4,3,3,16917,5856,5.75,0,0,0,3,1,ransomware_like,IMPACT
RANSOMWARE_LIKE-0031,WIN-ARGUS-031,5,105,1,1,0,0,0,2.0,0,30,31,0,39,100,1.0,6.853866666666668,2.1499904761904762,94,0,0,0,4,3,2,7082,10428,4.75,0,0,0,3,1,ransomware_like,IMPACT
RANSOMWARE_LIKE-0032,WIN-ARGUS-032,0,76,1,1,0,0,0,2.0,0,20,33,0,20,73,0.6666666666666666,6.896578947368421,2.291328947368421,64,0,0,0,2,1,2,3868,3511,2.0,0,0,0,3,1,ransomware_like,IMPACT
RANSOMWARE_LIKE-0032,WIN-ARGUS-032,1,105,1,1,0,0,0,2.0,0,35,36,0,31,102,1.1666666666666667,7.155552380952381,2.3939333333333335,87,0,0,0,2,2,1,8220,4648,7.5,0,0,0,3,1,ransomware_like,IMPACT
RANSOMWARE_LIKE-0032,WIN-ARGUS-032,2,90,1,1,0,0,0,2.0,0,20,34,0,30,84,0.6666666666666666,6.669377777777778,2.1289666666666665,71,0,0,0,5,2,3,14278,13736,3.6,0,0,0,3,1,ransomware_like,IMPACT
RANSOMWARE_LIKE-0032,WIN-ARGUS-032,3,115,1,1,0,0,0,2.0,0,38,43,0,29,110,1.2666666666666666,6.662417391304348,2.113704347826087,96,0,0,0,4,3,2,8237,12324,2.0,0,0,0,3,1,ransomware_like,IMPACT
RANSOMWARE_LIKE-0032,WIN-ARGUS-032,4,82,1,1,0,0,0,2.0,0,21,24,0,33,78,0.7,6.877134146341463,2.2936951219512194,74,0,0,0,3,2,2,5474,4141,3.6666666666666665,0,0,0,3,1,ransomware_like,IMPACT
RANSOMWARE_LIKE-0032,WIN-ARGUS-032,5,92,1,1,0,0,0,2.0,0,30,31,0,27,88,1.0,6.5523804347826085,2.069380434782609,73,0,0,0,3,2,3,9900,9933,4.0,0,0,0,3,1,ransomware_like,IMPACT
RANSOMWARE_LIKE-0033,WIN-ARGUS-033,0,108,1,1,0,0,0,2.0,0,34,35,0,34,103,1.1333333333333333,6.9122870370370375,2.1953333333333336,86,0,0,0,4,3,2,9974,9370,5.75,0,0,0,3,1,ransomware_like,IMPACT
RANSOMWARE_LIKE-0033,WIN-ARGUS-033,1,75,1,1,0,0,0,2.0,0,23,23,0,26,72,0.7666666666666667,6.8800799999999995,2.2367333333333335,62,0,0,0,2,2,1,6890,7316,4.5,0,0,0,3,1,ransomware_like,IMPACT
RANSOMWARE_LIKE-0033,WIN-ARGUS-033,2,99,1,1,0,0,0,2.0,0,27,28,0,39,94,0.9,6.681777777777778,2.2054242424242423,86,0,0,0,4,3,2,7147,8783,3.75,0,0,0,3,1,ransomware_like,IMPACT
RANSOMWARE_LIKE-0033,WIN-ARGUS-033,3,99,1,1,0,0,0,2.0,0,36,33,0,27,96,1.2,6.8884040404040405,2.1504848484848487,83,0,0,0,2,2,2,3625,3763,0.5,0,0,0,3,1,ransomware_like,IMPACT
RANSOMWARE_LIKE-0033,WIN-ARGUS-033,4,103,1,1,0,0,0,2.0,0,36,28,0,34,98,1.2,6.695786407766991,2.1071747572815536,80,0,0,0,4,2,3,8266,15559,3.75,0,0,0,3,1,ransomware_like,IMPACT
RANSOMWARE_LIKE-0033,WIN-ARGUS-033,5,77,1,1,0,0,0,2.0,0,21,28,0,23,72,0.7,6.659402597402598,2.0704025974025972,59,0,0,0,4,2,3,11831,11042,4.5,0,0,0,3,1,ransomware_like,IMPACT
RANSOMWARE_LIKE-0034,WIN-ARGUS-034,0,77,1,1,0,0,0,2.0,0,24,25,0,23,72,0.8,6.661571428571429,2.217142857142857,67,0,0,0,4,3,2,13585,5988,5.0,0,0,0,3,1,ransomware_like,IMPACT
RANSOMWARE_LIKE-0034,WIN-ARGUS-034,1,83,1,1,0,0,0,2.0,0,29,25,0,26,80,0.9666666666666667,6.777012048192771,2.2309036144578314,69,0,0,0,2,2,2,4733,7522,2.0,0,0,0,3,1,ransomware_like,IMPACT
RANSOMWARE_LIKE-0034,WIN-ARGUS-034,2,76,1,1,0,0,0,2.0,0,24,20,0,29,73,0.8,6.4835394736842105,2.0012105263157896,54,0,0,0,2,1,2,2206,4093,1.0,0,0,0,3,1,ransomware_like,IMPACT
RANSOMWARE_LIKE-0034,WIN-ARGUS-034,3,109,1,1,0,0,0,2.0,0,29,38,0,38,105,0.9666666666666667,6.6447064220183485,2.042137614678899,90,0,0,0,3,2,1,4739,3151,1.0,0,0,0,3,1,ransomware_like,IMPACT
RANSOMWARE_LIKE-0034,WIN-ARGUS-034,4,99,1,1,0,0,0,2.0,0,34,28,0,34,96,1.1333333333333333,6.857545454545455,2.0470808080808083,77,0,0,0,2,2,1,3505,4752,0.5,0,0,0,3,1,ransomware_like,IMPACT
RANSOMWARE_LIKE-0034,WIN-ARGUS-034,5,80,1,1,0,0,0,2.0,0,18,29,0,27,74,0.6,6.6668875,2.0622375,65,0,0,0,5,2,2,13549,6938,3.8,0,0,0,3,1,ransomware_like,IMPACT
RANSOMWARE_LIKE-0035,WIN-ARGUS-035,0,104,1,1,0,0,0,2.0,0,33,30,0,38,101,1.1,7.004701923076923,2.2005192307692307,87,0,0,0,2,1,1,4950,6400,5.5,0,0,0,3,1,ransomware_like,IMPACT
RANSOMWARE_LIKE-0035,WIN-ARGUS-035,1,78,1,1,0,0,0,2.0,0,21,32,0,21,74,0.7,6.693641025641027,2.1507948717948717,65,0,0,0,3,2,2,3357,10878,5.333333333333333,0,0,0,3,1,ransomware_like,IMPACT
RANSOMWARE_LIKE-0035,WIN-ARGUS-035,2,114,1,1,0,0,0,2.0,0,38,35,0,37,109,1.2666666666666666,6.893929824561404,2.13319298245614,92,0,0,0,3,2,2,4425,11014,3.6666666666666665,0,0,0,3,1,ransomware_like,IMPACT
RANSOMWARE_LIKE-0035,WIN-ARGUS-035,3,90,1,1,0,0,0,2.0,0,28,23,0,36,87,0.9333333333333333,6.972255555555556,2.2820555555555555,74,0,0,0,2,1,2,6666,5164,4.0,0,0,0,3,1,ransomware_like,IMPACT
RANSOMWARE_LIKE-0035,WIN-ARGUS-035,4,110,1,1,0,0,0,2.0,0,38,33,0,35,106,1.2666666666666666,6.787100000000001,2.103409090909091,89,0,0,0,3,2,2,5454,5479,3.0,0,0,0,3,1,ransomware_like,IMPACT
RANSOMWARE_LIKE-0035,WIN-ARGUS-035,5,88,1,1,0,0,0,2.0,0,33,33,0,18,84,1.1,6.983659090909091,2.2298750000000003,76,0,0,0,3,2,2,10328,6803,1.3333333333333333,0,0,0,3,1,ransomware_like,IMPACT
RANSOMWARE_LIKE-0036,WIN-ARGUS-036,0,115,1,1,0,0,0,2.0,0,37,29,0,44,110,1.2333333333333334,6.911678260869565,2.2644086956521736,104,0,0,0,4,2,2,14201,3975,2.0,0,0,0,3,1,ransomware_like,IMPACT
RANSOMWARE_LIKE-0036,WIN-ARGUS-036,1,83,1,1,0,0,0,2.0,0,18,29,0,32,79,0.6,6.747650602409638,2.0836506024096386,62,0,0,0,3,2,3,9285,3650,7.0,0,0,0,3,1,ransomware_like,IMPACT
RANSOMWARE_LIKE-0036,WIN-ARGUS-036,2,84,1,1,0,0,0,2.0,0,28,25,0,27,80,0.9333333333333333,6.731416666666666,2.062452380952381,65,0,0,0,3,2,2,5972,7134,4.0,0,0,0,3,1,ransomware_like,IMPACT
RANSOMWARE_LIKE-0036,WIN-ARGUS-036,3,76,1,1,0,0,0,2.0,0,25,17,0,29,71,0.8333333333333334,6.524052631578947,2.1567763157894735,60,0,0,0,4,2,3,8955,11248,5.0,0,0,0,3,1,ransomware_like,IMPACT
RANSOMWARE_LIKE-0036,WIN-ARGUS-036,4,94,1,1,0,0,0,2.0,0,30,25,0,34,89,1.0,6.626436170212766,1.9339574468085106,72,0,0,0,4,2,2,9670,11330,5.0,0,0,0,3,1,ransomware_like,IMPACT
RANSOMWARE_LIKE-0036,WIN-ARGUS-036,5,110,1,1,0,0,0,2.0,0,35,33,0,37,105,1.1666666666666667,6.841972727272727,2.239418181818182,90,0,0,0,4,2,2,10616,13472,3.5,0,0,0,3,1,ransomware_like,IMPACT
RANSOMWARE_LIKE-0037,WIN-ARGUS-037,0,88,1,1,0,0,0,2.0,0,33,21,0,30,83,1.1,6.773624999999999,2.1206022727272726,65,0,0,0,3,2,2,6856,8176,4.0,0,0,0,3,1,ransomware_like,IMPACT
RANSOMWARE_LIKE-0037,WIN-ARGUS-037,1,81,1,1,0,0,0,2.0,0,29,23,0,23,75,0.9666666666666667,6.394876543209877,1.8932962962962963,60,0,0,0,5,3,3,12375,16106,2.2,0,0,0,3,1,ransomware_like,IMPACT
RANSOMWARE_LIKE-0037,WIN-ARGUS-037,2,103,1,1,0,0,0,2.0,0,29,37,0,32,98,0.9666666666666667,6.885310679611651,2.215388349514563,93,0,0,0,4,3,2,13816,7391,3.75,0,0,0,3,1,ransomware_like,IMPACT
RANSOMWARE_LIKE-0037,WIN-ARGUS-037,3,98,1,1,0,0,0,2.0,0,40,28,0,27,95,1.3333333333333333,6.978734693877551,2.2293367346938773,80,0,0,0,2,2,2,3454,5264,4.5,0,0,0,3,1,ransomware_like,IMPACT
RANSOMWARE_LIKE-0037,WIN-ARGUS-037,4,99,1,1,0,0,0,2.0,0,36,33,0,25,94,1.2,6.6800303030303025,2.1455454545454544,83,0,0,0,4,3,3,6303,6503,4.5,0,0,0,3,1,ransomware_like,IMPACT
RANSOMWARE_LIKE-0037,WIN-ARGUS-037,5,102,1,1,0,0,0,2.0,0,32,33,0,33,98,1.0666666666666667,6.907196078431372,2.3173137254901963,89,0,0,0,3,3,1,9995,6860,4.0,0,0,0,3,1,ransomware_like,IMPACT
RANSOMWARE_LIKE-0038,WIN-ARGUS-038,0,76,1,1,0,0,0,2.0,0,28,22,0,23,73,0.9333333333333333,6.82375,2.282157894736842,63,0,0,0,2,2,2,5789,3739,6.0,0,0,0,3,1,ransomware_like,IMPACT
RANSOMWARE_LIKE-0038,WIN-ARGUS-038,1,88,1,1,0,0,0,2.0,0,33,18,0,33,84,1.1,6.915977272727273,2.284818181818182,74,0,0,0,3,2,2,10503,10967,4.333333333333333,0,0,0,3,1,ransomware_like,IMPACT
RANSOMWARE_LIKE-0038,WIN-ARGUS-038,2,98,1,1,0,0,0,2.0,0,36,21,0,36,93,1.2,6.534591836734694,1.9869489795918367,82,0,0,0,4,3,2,10704,8332,3.0,0,0,0,3,1,ransomware_like,IMPACT
RANSOMWARE_LIKE-0038,WIN-ARGUS-038,3,80,1,1,0,0,0,2.0,0,27,23,0,24,74,0.9,6.6197125,2.2242625,62,0,0,0,5,2,2,14279,11318,2.8,0,0,0,3,1,ransomware_like,IMPACT
RANSOMWARE_LIKE-0038,WIN-ARGUS-038,4,99,1,1,0,0,0,2.0,0,31,32,0,30,93,1.0333333333333334,6.772828282828283,2.266040404040404,85,0,0,0,5,2,3,13935,9745,1.8,0,0,0,3,1,ransomware_like,IMPACT
RANSOMWARE_LIKE-0038,WIN-ARGUS-038,5,93,1,1,0,0,0,2.0,0,34,29,0,25,88,1.1333333333333333,6.699204301075269,2.26894623655914,78,0,0,0,4,2,3,10297,9527,5.0,0,0,0,3,1,ransomware_like,IMPACT
RANSOMWARE_LIKE-0039,WIN-ARGUS-039,0,102,1,1,0,0,0,2.0,0,28,37,0,32,97,0.9333333333333333,6.8068333333333335,2.3120588235294117,86,0,0,0,4,2,3,13864,11119,3.5,0,0,0,3,1,ransomware_like,IMPACT
RANSOMWARE_LIKE-0039,WIN-ARGUS-039,1,90,1,1,0,0,0,2.0,0,26,25,0,34,85,0.8666666666666667,6.80371111111111,2.2310777777777777,76,0,0,0,4,3,2,8718,13739,3.5,0,0,0,3,1,ransomware_like,IMPACT
RANSOMWARE_LIKE-0039,WIN-ARGUS-039,2,89,1,1,0,0,0,2.0,0,22,29,0,32,83,0.7333333333333333,6.624775280898876,2.091662921348315,70,0,0,0,5,3,3,14363,10650,4.4,0,0,0,3,1,ransomware_like,IMPACT
RANSOMWARE_LIKE-0039,WIN-ARGUS-039,3,109,1,1,0,0,0,2.0,0,40,34,0,29,103,1.3333333333333333,6.6341192660550465,2.1308990825688072,88,0,0,0,5,3,3,15191,10276,2.8,0,0,0,3,1,ransomware_like,IMPACT
RANSOMWARE_LIKE-0039,WIN-ARGUS-039,4,76,1,1,0,0,0,2.0,0,17,22,0,31,70,0.5666666666666667,6.702828947368421,2.1467105263157897,59,0,0,0,5,2,2,16455,8019,1.8,0,0,0,3,1,ransomware_like,IMPACT
RANSOMWARE_LIKE-0039,WIN-ARGUS-039,5,99,1,1,0,0,0,2.0,0,24,35,0,34,93,0.8,6.721040404040404,2.1824444444444446,86,0,0,0,5,3,3,11277,15857,3.6,0,0,0,3,1,ransomware_like,IMPACT
RANSOMWARE_LIKE-0040,WIN-ARGUS-040,0,79,1,1,0,0,0,2.0,0,34,18,0,24,76,1.1333333333333333,6.83839240506329,2.127151898734177,64,0,0,0,2,2,1,1669,4245,6.5,0,0,0,3,1,ransomware_like,IMPACT
RANSOMWARE_LIKE-0040,WIN-ARGUS-040,1,91,1,1,0,0,0,2.0,0,26,29,0,30,85,0.8666666666666667,6.716714285714286,2.119307692307692,75,0,0,0,5,3,2,13838,10861,3.6,0,0,0,3,1,ransomware_like,IMPACT
RANSOMWARE_LIKE-0040,WIN-ARGUS-040,2,101,1,1,0,0,0,2.0,0,24,40,0,32,96,0.8,6.693217821782178,2.1233564356435646,78,0,0,0,4,2,2,8991,11513,3.0,0,0,0,3,1,ransomware_like,IMPACT
RANSOMWARE_LIKE-0040,WIN-ARGUS-040,3,80,1,1,0,0,0,2.0,0,15,27,0,33,75,0.5,6.897525,2.168725,65,0,0,0,4,2,2,10237,11853,3.75,0,0,0,3,1,ransomware_like,IMPACT
RANSOMWARE_LIKE-0040,WIN-ARGUS-040,4,104,1,1,0,0,0,2.0,0,32,36,0,30,98,1.0666666666666667,6.744211538461538,2.0869519230769233,81,0,0,0,5,3,2,12484,6952,3.2,0,0,0,3,1,ransomware_like,IMPACT
RANSOMWARE_LIKE-0040,WIN-ARGUS-040,5,84,1,1,0,0,0,2.0,0,28,33,0,19,80,0.9333333333333333,6.63497619047619,2.111,71,0,0,0,3,2,2,6662,6737,2.0,0,0,0,3,1,ransomware_like,IMPACT
RANSOMWARE_LIKE-0041,WIN-ARGUS-041,0,108,1,1,0,0,0,2.0,0,27,44,0,33,104,0.9,6.941953703703704,2.2377592592592594,91,0,0,0,3,2,2,10254,6206,6.333333333333333,0,0,0,3,1,ransomware_like,IMPACT
RANSOMWARE_LIKE-0041,WIN-ARGUS-041,1,87,1,1,0,0,0,2.0,0,32,25,0,27,84,1.0666666666666667,6.889747126436782,2.0706781609195404,70,0,0,0,2,2,1,5373,4723,4.5,0,0,0,3,1,ransomware_like,IMPACT
RANSOMWARE_LIKE-0041,WIN-ARGUS-041,2,89,1,1,0,0,0,2.0,0,28,24,0,34,86,0.9333333333333333,6.852011235955056,2.1144494382022474,79,0,0,0,2,1,1,7575,4740,11.0,0,0,0,3,1,ransomware_like,IMPACT
RANSOMWARE_LIKE-0041,WIN-ARGUS-041,3,105,1,1,0,0,0,2.0,0,31,34,0,35,100,1.0333333333333334,6.850742857142857,2.2214857142857145,87,0,0,0,4,2,3,7679,7277,4.5,0,0,0,3,1,ransomware_like,IMPACT
RANSOMWARE_LIKE-0041,WIN-ARGUS-041,4,88,1,1,0,0,0,2.0,0,32,21,0,29,82,1.0666666666666667,6.481477272727273,2.031465909090909,66,0,0,0,5,3,3,20004,8615,3.2,0,0,0,3,1,ransomware_like,IMPACT
RANSOMWARE_LIKE-0041,WIN-ARGUS-041,5,115,1,1,0,0,0,2.0,0,30,40,0,39,109,1.0,6.8988956521739135,2.254565217391304,96,0,0,0,5,2,3,11915,13118,3.0,0,0,0,3,1,ransomware_like,IMPACT
RANSOMWARE_LIKE-0042,WIN-ARGUS-042,0,92,1,1,0,0,0,2.0,0,28,19,0,40,87,0.9333333333333333,6.838326086956521,2.220717391304348,77,0,0,0,4,3,3,10879,14747,4.25,0,0,0,3,1,ransomware_like,IMPACT
RANSOMWARE_LIKE-0042,WIN-ARGUS-042,1,108,1,1,0,0,0,2.0,0,33,37,0,32,102,1.1,6.749675925925926,2.078564814814815,91,0,0,0,5,2,3,12492,11754,3.0,0,0,0,3,1,ransomware_like,IMPACT
RANSOMWARE_LIKE-0042,WIN-ARGUS-042,2,113,1,1,0,0,0,2.0,0,32,36,0,40,108,1.0666666666666667,6.696557522123894,2.091716814159292,96,0,0,0,4,2,2,9964,15010,4.75,0,0,0,3,1,ransomware_like,IMPACT
RANSOMWARE_LIKE-0042,WIN-ARGUS-042,3,95,1,1,0,0,0,2.0,0,27,33,0,31,90,0.9,6.918284210526315,2.2824105263157897,79,0,0,0,3,2,2,5877,8839,4.666666666666667,0,0,0,3,1,ransomware_like,IMPACT
RANSOMWARE_LIKE-0042,WIN-ARGUS-042,4,93,1,1,0,0,0,2.0,0,28,32,0,28,88,0.9333333333333333,6.6658064516129025,2.068784946236559,77,0,0,0,4,3,1,11016,11798,3.0,0,0,0,3,1,ransomware_like,IMPACT
RANSOMWARE_LIKE-0042,WIN-ARGUS-042,5,94,1,1,0,0,0,2.0,0,35,29,0,26,89,1.1666666666666667,6.8396808510638305,2.1996914893617023,78,0,0,0,3,3,2,4795,9477,4.666666666666667,0,0,0,3,1,ransomware_like,IMPACT
RANSOMWARE_LIKE-0043,WIN-ARGUS-043,0,86,1,1,0,0,0,2.0,0,18,34,0,30,82,0.6,6.84353488372093,2.0669767441860465,68,0,0,0,3,3,2,5603,10703,4.666666666666667,0,0,0,3,1,ransomware_like,IMPACT
RANSOMWARE_LIKE-0043,WIN-ARGUS-043,1,112,1,1,0,0,0,2.0,0,37,40,0,31,108,1.2333333333333334,6.881080357142857,2.154901785714286,93,0,0,0,3,3,1,5763,9413,7.0,0,0,0,3,1,ransomware_like,IMPACT
RANSOMWARE_LIKE-0043,WIN-ARGUS-043,2,107,1,1,0,0,0,2.0,0,30,40,0,34,104,1.0,7.056747663551402,2.270831775700935,93,0,0,0,2,1,2,6332,7150,4.5,0,0,0,3,1,ransomware_like,IMPACT
RANSOMWARE_LIKE-0043,WIN-ARGUS-043,3,91,1,1,0,0,0,2.0,0,31,37,0,20,88,1.0333333333333334,6.890637362637363,2.078835164835165,77,0,0,0,2,2,1,8228,5244,0.5,0,0,0,3,1,ransomware_like,IMPACT
RANSOMWARE_LIKE-0043,WIN-ARGUS-043,4,110,1,1,0,0,0,2.0,0,33,42,0,30,105,1.1,6.791772727272727,2.196927272727273,89,0,0,0,4,2,2,14750,11015,4.5,0,0,0,3,1,ransomware_like,IMPACT
RANSOMWARE_LIKE-0043,WIN-ARGUS-043,5,80,1,1,0,0,0,2.0,0,31,30,0,16,77,1.0333333333333334,6.8963125000000005,2.3283125,69,0,0,0,2,2,2,4690,5217,2.0,0,0,0,3,1,ransomware_like,IMPACT
RANSOMWARE_LIKE-0044,WIN-ARGUS-044,0,115,1,1,0,0,0,2.0,0,38,39,0,33,110,1.2666666666666666,6.922191304347827,2.2701478260869568,98,0,0,0,4,2,3,12917,11656,4.75,0,0,0,3,1,ransomware_like,IMPACT
RANSOMWARE_LIKE-0044,WIN-ARGUS-044,1,102,1,1,0,0,0,2.0,0,35,33,0,30,98,1.1666666666666667,7.080450980392157,2.3062254901960784,88,0,0,0,3,2,2,7541,2560,4.666666666666667,0,0,0,3,1,ransomware_like,IMPACT
RANSOMWARE_LIKE-0044,WIN-ARGUS-044,2,85,1,1,0,0,0,2.0,0,22,26,0,31,79,0.7333333333333333,6.732423529411764,2.260905882352941,71,0,0,0,5,3,2,13453,10569,4.6,0,0,0,3,1,ransomware_like,IMPACT
RANSOMWARE_LIKE-0044,WIN-ARGUS-044,3,114,1,1,0,0,0,2.0,0,39,34,0,36,109,1.3,6.728245614035088,2.116561403508772,94,0,0,0,4,3,3,9977,8961,5.5,0,0,0,3,1,ransomware_like,IMPACT
RANSOMWARE_LIKE-0044,WIN-ARGUS-044,4,112,1,1,0,0,0,2.0,0,33,36,0,40,109,1.1,6.829991071428572,2.079660714285714,91,0,0,0,2,1,1,2787,8030,10.5,0,0,0,3,1,ransomware_like,IMPACT
RANSOMWARE_LIKE-0044,WIN-ARGUS-044,5,92,1,1,0,0,0,2.0,0,28,28,0,33,89,0.9333333333333333,6.997108695652174,2.1877391304347826,77,0,0,0,2,2,2,6804,5743,8.5,0,0,0,3,1,ransomware_like,IMPACT
RANSOMWARE_LIKE-0045,WIN-ARGUS-045,0,94,1,1,0,0,0,2.0,0,25,38,0,28,91,0.8333333333333334,6.880521276595744,2.1868191489361704,79,0,0,0,2,2,2,5908,5017,2.0,0,0,0,3,1,ransomware_like,IMPACT
RANSOMWARE_LIKE-0045,WIN-ARGUS-045,1,84,1,1,0,0,0,2.0,0,35,18,0,26,79,1.1666666666666667,6.721404761904761,2.0732261904761904,65,0,0,0,4,2,3,6375,11718,4.0,0,0,0,3,1,ransomware_like,IMPACT
RANSOMWARE_LIKE-0045,WIN-ARGUS-045,2,109,1,1,0,0,0,2.0,0,26,35,0,45,106,0.8666666666666667,6.990376146788991,2.301743119266055,91,0,0,0,2,2,2,7193,3114,1.5,0,0,0,3,1,ransomware_like,IMPACT
RANSOMWARE_LIKE-0045,WIN-ARGUS-045,3,91,1,1,0,0,0,2.0,0,25,33,0,28,86,0.8333333333333334,6.659010989010989,2.1707912087912087,72,0,0,0,4,2,2,4900,13185,4.5,0,0,0,3,1,ransomware_like,IMPACT
RANSOMWARE_LIKE-0045,WIN-ARGUS-045,4,88,1,1,0,0,0,2.0,0,24,31,0,27,82,0.8,6.541874999999999,2.0563977272727274,68,0,0,0,5,2,3,11769,10724,5.0,0,0,0,3,1,ransomware_like,IMPACT
RANSOMWARE_LIKE-0045,WIN-ARGUS-045,5,108,1,1,0,0,0,2.0,0,39,32,0,34,105,1.3,6.923555555555556,2.163148148148148,90,0,0,0,2,2,2,2907,5678,10.0,0,0,0,3,1,ransomware_like,IMPACT
RANSOMWARE_LIKE-0046,WIN-ARGUS-046,0,80,1,1,0,0,0,2.0,0,27,26,0,21,74,0.9,6.7486625,2.0546625,64,0,0,0,5,3,2,10324,11667,3.2,0,0,0,3,1,ransomware_like,IMPACT
RANSOMWARE_LIKE-0046,WIN-ARGUS-046,1,97,1,1,0,0,0,2.0,0,39,22,0,33,94,1.3,6.985752577319588,2.1529484536082477,79,0,0,0,2,2,1,3549,1179,0.5,0,0,0,3,1,ransomware_like,IMPACT
RANSOMWARE_LIKE-0046,WIN-ARGUS-046,2,97,1,1,0,0,0,2.0,0,28,34,0,31,93,0.9333333333333333,6.87458762886598,2.147237113402062,79,0,0,0,3,3,2,9658,8850,5.333333333333333,0,0,0,3,1,ransomware_like,IMPACT
RANSOMWARE_LIKE-0046,WIN-ARGUS-046,3,107,1,1,0,0,0,2.0,0,34,37,0,31,102,1.1333333333333333,6.840504672897196,2.3083644859813086,94,0,0,0,4,2,2,4704,4448,3.75,0,0,0,3,1,ransomware_like,IMPACT
RANSOMWARE_LIKE-0046,WIN-ARGUS-046,4,86,1,1,0,0,0,2.0,0,27,31,0,23,81,0.9,6.604197674418605,2.132313953488372,67,0,0,0,4,3,3,10449,10244,5.5,0,0,0,3,1,ransomware_like,IMPACT
RANSOMWARE_LIKE-0046,WIN-ARGUS-046,5,99,1,1,0,0,0,2.0,0,29,31,0,36,96,0.9666666666666667,6.903989898989899,2.249262626262626,83,0,0,0,2,2,1,3259,6751,2.5,0,0,0,3,1,ransomware_like,IMPACT
RANSOMWARE_LIKE-0047,WIN-ARGUS-047,0,110,1,1,0,0,0,2.0,0,35,38,0,33,106,1.1666666666666667,6.781836363636363,2.183936363636364,90,0,0,0,3,2,2,6375,10315,5.333333333333333,0,0,0,3,1,ransomware_like,IMPACT
RANSOMWARE_LIKE-0047,WIN-ARGUS-047,1,81,1,1,0,0,0,2.0,0,21,27,0,29,77,0.7,6.626827160493828,2.024395061728395,66,0,0,0,3,2,2,8874,8984,0.6666666666666666,0,0,0,3,1,ransomware_like,IMPACT
RANSOMWARE_LIKE-0047,WIN-ARGUS-047,2,100,1,1,0,0,0,2.0,0,34,27,0,36,97,1.1333333333333333,6.75013,2.08271,80,0,0,0,2,2,1,4736,3266,10.5,0,0,0,3,1,ransomware_like,IMPACT
RANSOMWARE_LIKE-0047,WIN-ARGUS-047,3,112,1,1,0,0,0,2.0,0,37,39,0,33,109,1.2333333333333334,6.674892857142857,2.0437946428571427,86,0,0,0,2,2,1,2007,7883,3.0,0,0,0,3,1,ransomware_like,IMPACT
RANSOMWARE_LIKE-0047,WIN-ARGUS-047,4,106,1,1,0,0,0,2.0,0,38,24,0,40,102,1.2666666666666666,6.891396226415094,2.174056603773585,82,0,0,0,3,2,2,8508,6105,1.6666666666666667,0,0,0,3,1,ransomware_like,IMPACT
RANSOMWARE_LIKE-0047,WIN-ARGUS-047,5,93,1,1,0,0,0,2.0,0,27,32,0,28,87,0.9,6.588752688172043,2.119258064516129,79,0,0,0,5,3,3,10445,14233,4.8,0,0,0,3,1,ransomware_like,IMPACT
RANSOMWARE_LIKE-0048,WIN-ARGUS-048,0,81,1,1,0,0,0,2.0,0,27,26,0,22,75,0.9,6.932802469135803,2.2448395061728394,68,0,0,0,5,3,3,12560,4508,4.4,0,0,0,3,1,ransomware_like,IMPACT
RANSOMWARE_LIKE-0048,WIN-ARGUS-048,1,80,1,1,0,0,0,2.0,0,28,20,0,26,74,0.9333333333333333,6.8018625,2.389875,66,0,0,0,5,3,3,14396,15424,1.0,0,0,0,3,1,ransomware_like,IMPACT
RANSOMWARE_LIKE-0048,WIN-ARGUS-048,2,115,1,1,0,0,0,2.0,0,39,36,0,34,109,1.3,6.828695652173913,2.080147826086957,90,0,0,0,5,2,3,11236,17008,2.2,0,0,0,3,1,ransomware_like,IMPACT
RANSOMWARE_LIKE-0048,WIN-ARGUS-048,3,112,1,1,0,0,0,2.0,0,35,36,0,38,109,1.1666666666666667,6.841178571428571,2.0143303571428572,88,0,0,0,2,1,2,2102,3268,4.0,0,0,0,3,1,ransomware_like,IMPACT
RANSOMWARE_LIKE-0048,WIN-ARGUS-048,4,99,1,1,0,0,0,2.0,0,35,26,0,33,93,1.1666666666666667,6.684919191919192,2.0664242424242425,79,0,0,0,4,3,2,15344,14597,3.75,0,0,0,3,1,ransomware_like,IMPACT
RANSOMWARE_LIKE-0048,WIN-ARGUS-048,5,91,1,1,0,0,0,2.0,0,31,23,0,32,86,1.0333333333333334,6.960428571428571,2.3140439560439563,79,0,0,0,4,2,2,10314,7350,2.25,0,0,0,3,1,ransomware_like,IMPACT
RANSOMWARE_LIKE-0049,WIN-ARGUS-049,0,99,1,1,0,0,0,2.0,0,28,33,0,33,94,0.9333333333333333,6.962939393939394,2.238868686868687,81,0,0,0,4,3,2,11217,15288,5.5,0,0,0,3,1,ransomware_like,IMPACT
RANSOMWARE_LIKE-0049,WIN-ARGUS-049,1,94,1,1,0,0,0,2.0,0,31,30,0,29,90,1.0333333333333334,6.690191489361703,2.0925531914893614,74,0,0,0,3,2,2,9352,8694,6.0,0,0,0,3,1,ransomware_like,IMPACT
RANSOMWARE_LIKE-0049,WIN-ARGUS-049,2,94,1,1,0,0,0,2.0,0,27,36,0,26,89,0.9,6.6396595744680855,2.082946808510638,74,0,0,0,4,3,3,11582,6252,3.25,0,0,0,3,1,ransomware_like,IMPACT
RANSOMWARE_LIKE-0049,WIN-ARGUS-049,3,91,1,1,0,0,0,2.0,0,23,31,0,31,85,0.7666666666666667,6.688384615384615,2.133054945054945,75,0,0,0,5,3,3,10007,12043,3.4,0,0,0,3,1,ransomware_like,IMPACT
RANSOMWARE_LIKE-0049,WIN-ARGUS-049,4,87,1,1,0,0,0,2.0,0,18,29,0,36,83,0.6,6.6546666666666665,2.0404942528735632,67,0,0,0,3,2,2,9163,6429,2.6666666666666665,0,0,0,3,1,ransomware_like,IMPACT
RANSOMWARE_LIKE-0049,WIN-ARGUS-049,5,82,1,1,0,0,0,2.0,0,17,32,0,27,76,0.5666666666666667,6.534573170731708,2.0453048780487806,61,0,0,0,5,1,2,16582,13106,2.2,0,0,0,3,1,ransomware_like,IMPACT
RANSOMWARE_LIKE-0050,WIN-ARGUS-050,0,85,1,1,0,0,0,2.0,0,29,25,0,25,79,0.9666666666666667,6.593835294117647,2.0313176470588235,69,0,0,0,5,3,3,12165,16035,3.8,0,0,0,3,1,ransomware_like,IMPACT
RANSOMWARE_LIKE-0050,WIN-ARGUS-050,1,81,1,1,0,0,0,2.0,0,33,25,0,18,76,1.1,6.686123456790123,2.051172839506173,64,0,0,0,4,3,3,10474,11497,4.5,0,0,0,3,1,ransomware_like,IMPACT
RANSOMWARE_LIKE-0050,WIN-ARGUS-050,2,95,1,1,0,0,0,2.0,0,30,24,0,36,90,1.0,6.740684210526316,2.170557894736842,77,0,0,0,4,2,3,9811,12170,4.25,0,0,0,3,1,ransomware_like,IMPACT
RANSOMWARE_LIKE-0050,WIN-ARGUS-050,3,112,1,1,0,0,0,2.0,0,34,33,0,39,106,1.1333333333333333,6.737107142857143,2.237142857142857,96,0,0,0,5,3,3,11752,11421,3.6,0,0,0,3,1,ransomware_like,IMPACT
RANSOMWARE_LIKE-0050,WIN-ARGUS-050,4,108,1,1,0,0,0,2.0,0,38,33,0,32,103,1.2666666666666666,6.717592592592593,2.0665185185185186,84,0,0,0,4,2,2,12406,12061,3.0,0,0,0,3,1,ransomware_like,IMPACT
RANSOMWARE_LIKE-0050,WIN-ARGUS-050,5,91,1,1,0,0,0,2.0,0,27,27,0,31,85,0.9,6.807032967032968,2.207835164835165,74,0,0,0,5,2,3,7119,14080,4.0,0,0,0,3,1,ransomware_like,IMPACT
RANSOMWARE_LIKE-0051,WIN-ARGUS-051,0,76,1,1,0,0,0,2.0,0,35,12,0,23,70,1.1666666666666667,6.438447368421053,1.94175,58,0,0,0,5,3,3,17192,16892,3.6,0,0,0,3,1,ransomware_like,IMPACT
RANSOMWARE_LIKE-0051,WIN-ARGUS-051,1,84,1,1,0,0,0,2.0,0,25,24,0,32,81,0.8333333333333334,6.810928571428572,2.130047619047619,67,0,0,0,2,1,2,3992,2500,3.5,0,0,0,3,1,ransomware_like,IMPACT
RANSOMWARE_LIKE-0051,WIN-ARGUS-051,2,85,1,1,0,0,0,2.0,0,31,27,0,24,82,1.0333333333333334,6.747117647058824,2.027305882352941,66,0,0,0,2,1,2,7400,1207,5.5,0,0,0,3,1,ransomware_like,IMPACT
RANSOMWARE_LIKE-0051,WIN-ARGUS-051,3,108,1,1,0,0,0,2.0,0,36,32,0,36,104,1.2,6.9403703703703705,2.2611944444444445,93,0,0,0,3,2,1,9328,9672,3.3333333333333335,0,0,0,3,1,ransomware_like,IMPACT
RANSOMWARE_LIKE-0051,WIN-ARGUS-051,4,94,1,1,0,0,0,2.0,0,32,27,0,32,91,1.0666666666666667,6.852521276595744,2.1652340425531915,76,0,0,0,2,1,2,6236,7278,2.5,0,0,0,3,1,ransomware_like,IMPACT
RANSOMWARE_LIKE-0051,WIN-ARGUS-051,5,102,1,1,0,0,0,2.0,0,38,31,0,28,97,1.2666666666666666,6.429990196078432,1.9073235294117648,76,0,0,0,4,3,2,10731,13576,4.75,0,0,0,3,1,ransomware_like,IMPACT
RANSOMWARE_LIKE-0052,WIN-ARGUS-052,0,93,1,1,0,0,0,2.0,0,31,27,0,31,89,1.0333333333333334,6.569268817204301,2.0208172043010753,76,0,0,0,3,2,2,6890,9134,3.0,0,0,0,3,1,ransomware_like,IMPACT
RANSOMWARE_LIKE-0052,WIN-ARGUS-052,1,82,1,1,0,0,0,2.0,0,23,25,0,31,79,0.7666666666666667,6.659073170731707,2.112439024390244,63,0,0,0,2,1,1,5867,6642,4.0,0,0,0,3,1,ransomware_like,IMPACT
RANSOMWARE_LIKE-0052,WIN-ARGUS-052,2,98,1,1,0,0,0,2.0,0,27,37,0,30,94,0.9,6.8120306122448975,2.0982755102040818,78,0,0,0,3,2,1,4879,11698,4.333333333333333,0,0,0,3,1,ransomware_like,IMPACT
RANSOMWARE_LIKE-0052,WIN-ARGUS-052,3,82,1,1,0,0,0,2.0,0,30,21,0,26,77,1.0,6.648524390243902,2.070878048780488,69,0,0,0,4,2,3,8022,6371,4.5,0,0,0,3,1,ransomware_like,IMPACT
RANSOMWARE_LIKE-0052,WIN-ARGUS-052,4,111,1,1,0,0,0,2.0,0,32,34,0,40,106,1.0666666666666667,6.554684684684685,2.062711711711712,90,0,0,0,4,2,3,7736,14096,5.25,0,0,0,3,1,ransomware_like,IMPACT
RANSOMWARE_LIKE-0052,WIN-ARGUS-052,5,85,1,1,0,0,0,2.0,0,31,15,0,35,81,1.0333333333333334,6.966529411764705,2.226470588235294,71,0,0,0,3,2,2,9755,9049,4.333333333333333,0,0,0,3,1,ransomware_like,IMPACT
RANSOMWARE_LIKE-0053,WIN-ARGUS-053,0,88,1,1,0,0,0,2.0,0,25,35,0,22,82,0.8333333333333334,6.482613636363637,2.0590568181818183,67,0,0,0,5,2,3,16151,15314,4.8,0,0,0,3,1,ransomware_like,IMPACT
RANSOMWARE_LIKE-0053,WIN-ARGUS-053,1,98,1,1,0,0,0,2.0,0,31,37,0,25,93,1.0333333333333334,6.831489795918367,2.2300612244897957,82,0,0,0,4,2,3,13800,13157,5.25,0,0,0,3,1,ransomware_like,IMPACT
RANSOMWARE_LIKE-0053,WIN-ARGUS-053,2,79,1,1,0,0,0,2.0,0,22,25,0,27,74,0.7333333333333333,6.708974683544304,2.2181139240506327,63,0,0,0,4,2,2,11558,7124,2.75,0,0,0,3,1,ransomware_like,IMPACT
RANSOMWARE_LIKE-0053,WIN-ARGUS-053,3,78,1,1,0,0,0,2.0,0,18,24,0,31,73,0.6,6.577,2.0545641025641026,60,0,0,0,4,2,3,11553,16634,3.25,0,0,0,3,1,ransomware_like,IMPACT
RANSOMWARE_LIKE-0053,WIN-ARGUS-053,4,83,1,1,0,0,0,2.0,0,24,29,0,26,79,0.8,6.5675180722891575,1.9190843373493975,66,0,0,0,3,2,3,6484,11872,6.333333333333333,0,0,0,3,1,ransomware_like,IMPACT
RANSOMWARE_LIKE-0053,WIN-ARGUS-053,5,84,1,1,0,0,0,2.0,0,29,29,0,21,79,0.9666666666666667,6.727511904761904,2.128047619047619,70,0,0,0,4,3,2,6009,9263,1.5,0,0,0,3,1,ransomware_like,IMPACT
RANSOMWARE_LIKE-0054,WIN-ARGUS-054,0,114,1,1,0,0,0,2.0,0,42,29,0,38,108,1.4,6.77257894736842,2.081149122807018,96,0,0,0,4,2,2,6330,10719,3.5,0,0,0,3,1,ransomware_like,IMPACT
RANSOMWARE_LIKE-0054,WIN-ARGUS-054,1,103,1,1,0,0,0,2.0,0,32,30,0,35,97,1.0666666666666667,6.734786407766991,2.2649514563106794,87,0,0,0,5,3,3,16880,11399,2.0,0,0,0,3,1,ransomware_like,IMPACT
RANSOMWARE_LIKE-0054,WIN-ARGUS-054,2,100,1,1,0,0,0,2.0,0,26,36,0,34,96,0.8666666666666667,6.9536,2.26882,84,0,0,0,3,3,2,4397,12274,5.0,0,0,0,3,1,ransomware_like,IMPACT
RANSOMWARE_LIKE-0054,WIN-ARGUS-054,3,114,1,1,0,0,0,2.0,0,33,31,0,46,110,1.1,6.717929824561404,2.009754385964912,88,0,0,0,3,3,2,11784,9457,4.333333333333333,0,0,0,3,1,ransomware_like,IMPACT
RANSOMWARE_LIKE-0054,WIN-ARGUS-054,4,97,1,1,0,0,0,2.0,0,28,23,0,40,91,0.9333333333333333,6.4773917525773195,2.038907216494845,77,0,0,0,5,2,2,11895,15079,3.6,0,0,0,3,1,ransomware_like,IMPACT
RANSOMWARE_LIKE-0054,WIN-ARGUS-054,5,112,1,1,0,0,0,2.0,0,30,38,0,39,107,1.0,6.592839285714286,2.0138839285714285,89,0,0,0,4,2,2,10866,13666,6.5,0,0,0,3,1,ransomware_like,IMPACT
RANSOMWARE_LIKE-0055,WIN-ARGUS-055,0,93,1,1,0,0,0,2.0,0,21,30,0,38,89,0.7,6.769849462365592,2.133279569892473,75,0,0,0,3,2,3,7745,3511,1.0,0,0,0,3,1,ransomware_like,IMPACT
RANSOMWARE_LIKE-0055,WIN-ARGUS-055,1,101,1,1,0,0,0,2.0,0,35,33,0,29,97,1.1666666666666667,6.6460297029702975,2.070851485148515,83,0,0,0,3,2,2,7503,8672,4.666666666666667,0,0,0,3,1,ransomware_like,IMPACT
RANSOMWARE_LIKE-0055,WIN-ARGUS-055,2,78,1,1,0,0,0,2.0,0,27,24,0,24,75,0.9,6.849384615384615,2.2062435897435897,64,0,0,0,2,1,2,3415,1871,3.5,0,0,0,3,1,ransomware_like,IMPACT
RANSOMWARE_LIKE-0055,WIN-ARGUS-055,3,84,1,1,0,0,0,2.0,0,31,20,0,29,80,1.0333333333333334,6.7402500000000005,2.107892857142857,70,0,0,0,3,2,2,8530,4098,1.6666666666666667,0,0,0,3,1,ransomware_like,IMPACT
RANSOMWARE_LIKE-0055,WIN-ARGUS-055,4,77,1,1,0,0,0,2.0,0,23,21,0,29,73,0.7666666666666667,6.823181818181818,2.144779220779221,68,0,0,0,3,2,2,7685,8021,5.0,0,0,0,3,1,ransomware_like,IMPACT
RANSOMWARE_LIKE-0055,WIN-ARGUS-055,5,76,1,1,0,0,0,2.0,0,24,21,0,26,71,0.8,6.64425,2.0961052631578947,61,0,0,0,4,2,3,13190,4838,2.0,0,0,0,3,1,ransomware_like,IMPACT
RANSOMWARE_LIKE-0056,WIN-ARGUS-056,0,92,1,1,0,0,0,2.0,0,25,37,0,24,86,0.8333333333333334,6.431391304347826,1.9458695652173914,72,0,0,0,5,3,2,10461,4477,3.4,0,0,0,3,1,ransomware_like,IMPACT
RANSOMWARE_LIKE-0056,WIN-ARGUS-056,1,98,1,1,0,0,0,2.0,0,36,26,0,32,94,1.2,6.522816326530612,1.9031632653061223,75,0,0,0,3,2,2,6864,5062,4.666666666666667,0,0,0,3,1,ransomware_like,IMPACT
RANSOMWARE_LIKE-0056,WIN-ARGUS-056,2,101,1,1,0,0,0,2.0,0,29,37,0,32,98,0.9666666666666667,6.924544554455446,2.2729900990099012,89,0,0,0,2,1,1,6217,8369,8.0,0,0,0,3,1,ransomware_like,IMPACT
RANSOMWARE_LIKE-0056,WIN-ARGUS-056,3,81,1,1,0,0,0,2.0,0,28,18,0,30,76,0.9333333333333333,6.574876543209877,2.121888888888889,68,0,0,0,4,2,2,10342,9654,4.5,0,0,0,3,1,ransomware_like,IMPACT
RANSOMWARE_LIKE-0056,WIN-ARGUS-056,4,77,1,1,0,0,0,2.0,0,24,17,0,30,71,0.8,6.618155844155845,2.121974025974026,61,0,0,0,5,3,3,10854,12206,4.6,0,0,0,3,1,ransomware_like,IMPACT
RANSOMWARE_LIKE-0056,WIN-ARGUS-056,5,82,1,1,0,0,0,2.0,0,25,32,0,21,78,0.8333333333333334,6.621024390243902,1.9488048780487803,63,0,0,0,3,1,2,9631,10764,8.666666666666666,0,0,0,3,1,ransomware_like,IMPACT
RANSOMWARE_LIKE-0057,WIN-ARGUS-057,0,100,1,1,0,0,0,2.0,0,42,30,0,24,96,1.4,6.857150000000001,2.17298,83,0,0,0,3,1,2,10020,9534,7.666666666666667,0,0,0,3,1,ransomware_like,IMPACT
RANSOMWARE_LIKE-0057,WIN-ARGUS-057,1,97,1,1,0,0,0,2.0,0,32,31,0,30,93,1.0666666666666667,6.7727628865979375,2.0540309278350515,77,0,0,0,3,2,2,11474,8131,3.3333333333333335,0,0,0,3,1,ransomware_like,IMPACT
RANSOMWARE_LIKE-0057,WIN-ARGUS-057,2,108,1,1,0,0,0,2.0,0,28,29,0,48,105,0.9333333333333333,6.638759259259259,1.9608611111111112,88,0,0,0,2,2,2,2279,2746,5.0,0,0,0,3,1,ransomware_like,IMPACT
RANSOMWARE_LIKE-0057,WIN-ARGUS-057,3,87,1,1,0,0,0,2.0,0,31,23,0,27,81,1.0333333333333334,6.594436781609195,2.060425287356322,72,0,0,0,5,2,3,14513,16514,4.4,0,0,0,3,1,ransomware_like,IMPACT
RANSOMWARE_LIKE-0057,WIN-ARGUS-057,4,104,1,1,0,0,0,2.0,0,36,29,0,34,99,1.2,6.658538461538462,2.0710096153846154,88,0,0,0,4,3,2,11709,11203,2.0,0,0,0,3,1,ransomware_like,IMPACT
RANSOMWARE_LIKE-0057,WIN-ARGUS-057,5,80,1,1,0,0,0,2.0,0,26,28,0,20,74,0.8666666666666667,6.5025125,2.0294499999999998,64,0,0,0,5,3,3,15541,15855,4.0,0,0,0,3,1,ransomware_like,IMPACT
RANSOMWARE_LIKE-0058,WIN-ARGUS-058,0,91,1,1,0,0,0,2.0,0,31,32,0,23,86,1.0333333333333334,6.8037252747252746,2.2438571428571428,74,0,0,0,4,2,2,11914,6169,3.5,0,0,0,3,1,ransomware_like,IMPACT
RANSOMWARE_LIKE-0058,WIN-ARGUS-058,1,103,1,1,0,0,0,2.0,0,33,29,0,36,98,1.1,6.713388349514563,2.0883300970873786,76,0,0,0,4,3,2,11963,11031,2.5,0,0,0,3,1,ransomware_like,IMPACT
RANSOMWARE_LIKE-0058,WIN-ARGUS-058,2,102,1,1,0,0,0,2.0,0,32,33,0,32,97,1.0666666666666667,6.588411764705882,1.9822450980392157,73,0,0,0,4,2,2,13661,5082,5.75,0,0,0,3,1,ransomware_like,IMPACT
RANSOMWARE_LIKE-0058,WIN-ARGUS-058,3,112,1,1,0,0,0,2.0,0,32,44,0,31,107,1.0666666666666667,6.566071428571428,2.148660714285714,86,0,0,0,4,3,2,11908,8041,4.5,0,0,0,3,1,ransomware_like,IMPACT
RANSOMWARE_LIKE-0058,WIN-ARGUS-058,4,115,1,1,0,0,0,2.0,0,36,37,0,37,110,1.2,6.834304347826087,2.099721739130435,92,0,0,0,4,2,2,9106,9803,4.5,0,0,0,3,1,ransomware_like,IMPACT
RANSOMWARE_LIKE-0058,WIN-ARGUS-058,5,105,1,1,0,0,0,2.0,0,34,39,0,28,101,1.1333333333333333,6.877942857142857,2.223409523809524,85,0,0,0,3,2,2,5772,7654,2.6666666666666665,0,0,0,3,1,ransomware_like,IMPACT
RANSOMWARE_LIKE-0059,WIN-ARGUS-059,0,76,1,1,0,0,0,2.0,0,20,21,0,29,70,0.6666666666666666,6.482118421052632,1.9833815789473683,55,0,0,0,5,2,3,14013,10514,2.4,0,0,0,3,1,ransomware_like,IMPACT
RANSOMWARE_LIKE-0059,WIN-ARGUS-059,1,87,1,1,0,0,0,2.0,0,20,27,0,34,81,0.6666666666666666,6.62564367816092,2.0423793103448276,66,0,0,0,5,3,3,20695,10326,4.8,0,0,0,3,1,ransomware_like,IMPACT
RANSOMWARE_LIKE-0059,WIN-ARGUS-059,2,89,1,1,0,0,0,2.0,0,21,32,0,31,84,0.7,6.636314606741572,2.1505842696629216,81,0,0,0,4,3,2,11792,8375,2.75,0,0,0,3,1,ransomware_like,IMPACT
RANSOMWARE_LIKE-0059,WIN-ARGUS-059,3,92,1,1,0,0,0,2.0,0,25,35,0,28,88,0.8333333333333334,6.749163043478261,2.1107934782608697,76,0,0,0,3,2,2,7956,4209,5.333333333333333,0,0,0,3,1,ransomware_like,IMPACT
RANSOMWARE_LIKE-0059,WIN-ARGUS-059,4,96,1,1,0,0,0,2.0,0,29,30,0,32,91,0.9666666666666667,6.802,2.143385416666667,75,0,0,0,4,3,3,15510,12470,5.25,0,0,0,3,1,ransomware_like,IMPACT
RANSOMWARE_LIKE-0059,WIN-ARGUS-059,5,78,1,1,0,0,0,2.0,0,19,21,0,32,72,0.6333333333333333,6.446102564102564,2.244705128205128,60,0,0,0,5,3,3,16438,15934,4.4,0,0,0,3,1,ransomware_like,IMPACT
RANSOMWARE_LIKE-0060,WIN-ARGUS-060,0,81,1,1,0,0,0,2.0,0,24,21,0,33,78,0.8,6.992802469135803,2.2620246913580244,69,0,0,0,2,1,1,7540,5078,3.0,0,0,0,3,1,ransomware_like,IMPACT
RANSOMWARE_LIKE-0060,WIN-ARGUS-060,1,103,1,1,0,0,0,2.0,0,30,29,0,41,100,1.0,6.837427184466019,2.182029126213592,88,0,0,0,2,2,2,7682,3616,5.0,0,0,0,3,1,ransomware_like,IMPACT
RANSOMWARE_LIKE-0060,WIN-ARGUS-060,2,92,1,1,0,0,0,2.0,0,24,31,0,34,89,0.8,6.788195652173913,2.261913043478261,81,0,0,0,2,1,2,4901,1595,8.5,0,0,0,3,1,ransomware_like,IMPACT
RANSOMWARE_LIKE-0060,WIN-ARGUS-060,3,94,1,1,0,0,0,2.0,0,26,28,0,35,89,0.8666666666666667,6.74504255319149,2.114606382978723,78,0,0,0,4,3,1,7754,7798,5.75,0,0,0,3,1,ransomware_like,IMPACT
RANSOMWARE_LIKE-0060,WIN-ARGUS-060,4,93,1,1,0,0,0,2.0,0,27,30,0,33,90,0.9,6.576989247311827,1.9730215053763442,75,0,0,0,2,2,2,4410,1633,3.0,0,0,0,3,1,ransomware_like,IMPACT
RANSOMWARE_LIKE-0060,WIN-ARGUS-060,5,100,1,1,0,0,0,2.0,0,30,32,0,35,97,1.0,6.9064700000000006,2.11194,82,0,0,0,2,1,2,5890,2734,8.5,0,0,0,3,1,ransomware_like,IMPACT
